ISO-10303-21;
HEADER;
FILE_DESCRIPTION (( 'STEP AP214' ),
    '1' );
FILE_NAME ('RA1H1C112R.STEP',
    '2024-07-27T10:10:43',
    ( '' ),
    ( '' ),
    'SwSTEP 2.0',
    'SolidWorks 2022',
    '' );
FILE_SCHEMA (( 'AUTOMOTIVE_DESIGN' ));
ENDSEC;

DATA;
#1 = CIRCLE ( 'NONE', #3812, 0.1000000000000000472 ) ;
#2 = DIRECTION ( 'NONE',  ( 0.000000000000000000, 1.000000000000000000, -0.000000000000000000 ) ) ;
#3 = AXIS2_PLACEMENT_3D ( 'NONE', #2939, #751, #1412 ) ;
#4 = VERTEX_POINT ( 'NONE', #411 ) ;
#5 = STYLED_ITEM ( 'NONE', ( #310 ), #2344 ) ;
#6 = APPLICATION_CONTEXT ( 'automotive_design' ) ;
#7 = ADVANCED_FACE ( 'NONE', ( #3273 ), #2197, .T. ) ;
#8 = CARTESIAN_POINT ( 'NONE',  ( -4.625000000000000000, 6.450000000000000178, 0.000000000000000000 ) ) ;
#9 = CARTESIAN_POINT ( 'NONE',  ( 0.4000000000000000222, -1.600000000000007194, -15.40000000000000036 ) ) ;
#10 = DIRECTION ( 'NONE',  ( 0.9459147296616908784, 0.000000000000000000, 0.3244153575419176372 ) ) ;
#11 = VECTOR ( 'NONE', #413, 1000.000000000000000 ) ;
#12 = AXIS2_PLACEMENT_3D ( 'NONE', #2974, #3322, #2676 ) ;
#13 = VERTEX_POINT ( 'NONE', #2145 ) ;
#14 = ORIENTED_EDGE ( 'NONE', *, *, #3787, .F. ) ;
#15 = ADVANCED_FACE ( 'NONE', ( #2223 ), #1455, .T. ) ;
#16 = VERTEX_POINT ( 'NONE', #3994 ) ;
#17 = CARTESIAN_POINT ( 'NONE',  ( -2.939388486229038921, -4.650000000000002132, 2.782820276606798870 ) ) ;
#18 = VECTOR ( 'NONE', #3049, 1000.000000000000114 ) ;
#19 = VECTOR ( 'NONE', #3284, 1000.000000000000000 ) ;
#20 = CARTESIAN_POINT ( 'NONE',  ( 6.650466528097694230, -4.962266274668317934, 1.892727446595240837 ) ) ;
#21 = ORIENTED_EDGE ( 'NONE', *, *, #1187, .T. ) ;
#22 = CARTESIAN_POINT ( 'NONE',  ( 5.375000000000000000, -6.450000000000000178, -2.327802519272560655 ) ) ;
#23 =( LENGTH_UNIT ( ) NAMED_UNIT ( * ) SI_UNIT ( .MILLI., .METRE. ) );
#24 = VERTEX_POINT ( 'NONE', #1102 ) ;
#25 =( GEOMETRIC_REPRESENTATION_CONTEXT ( 3 ) GLOBAL_UNCERTAINTY_ASSIGNED_CONTEXT ( ( #570 ) ) GLOBAL_UNIT_ASSIGNED_CONTEXT ( ( #4103, #1864, #1147 ) ) REPRESENTATION_CONTEXT ( 'NONE', 'WORKASPACE' ) );
#26 = DIRECTION ( 'NONE',  ( 0.000000000000000000, 0.000000000000000000, 1.000000000000000000 ) ) ;
#27 = ORIENTED_EDGE ( 'NONE', *, *, #4292, .T. ) ;
#28 = DIRECTION ( 'NONE',  ( 1.000000000000000000, -0.000000000000000000, 0.000000000000000000 ) ) ;
#29 = CARTESIAN_POINT ( 'NONE',  ( -2.657050969447686928, 0.2390848755527582026, 2.856483059787212397 ) ) ;
#30 = VECTOR ( 'NONE', #2847, 1000.000000000000000 ) ;
#31 = ORIENTED_EDGE ( 'NONE', *, *, #3919, .F. ) ;
#32 = CARTESIAN_POINT ( 'NONE',  ( 10.28249979814616566, -2.500000000000000000, -2.019306840730284325 ) ) ;
#33 = ORIENTED_EDGE ( 'NONE', *, *, #2910, .T. ) ;
#34 = EDGE_CURVE ( 'NONE', #3199, #380, #1499, .T. ) ;
#35 = CARTESIAN_POINT ( 'NONE',  ( 0.000000000000000000, -2.500000000000000000, -8.099999999999999645 ) ) ;
#36 = DIRECTION ( 'NONE',  ( 0.000000000000000000, -1.000000000000000000, -0.000000000000000000 ) ) ;
#37 = DIRECTION ( 'NONE',  ( -0.000000000000000000, -0.000000000000000000, -1.000000000000000000 ) ) ;
#38 = CYLINDRICAL_SURFACE ( 'NONE', #3279, 0.1000000000000000472 ) ;
#39 = EDGE_CURVE ( 'NONE', #1442, #3722, #2975, .T. ) ;
#40 = CARTESIAN_POINT ( 'NONE',  ( -7.231096411691571468, -4.649999999999999467, 2.536753471768243173 ) ) ;
#41 = VERTEX_POINT ( 'NONE', #3655 ) ;
#42 = EDGE_LOOP ( 'NONE', ( #3311, #2164, #3661, #3609 ) ) ;
#43 = FACE_OUTER_BOUND ( 'NONE', #2603, .T. ) ;
#44 = EDGE_LOOP ( 'NONE', ( #2103, #3763, #2577, #2299 ) ) ;
#45 = B_SPLINE_CURVE_WITH_KNOTS ( 'NONE', 3,
 ( #4731, #740, #29, #378, #1146, #1819, #2601, #4319, #4066, #3296, #3698, #1474, #1863, #3339, #1401, #2875 ),
 .UNSPECIFIED., .F., .F.,
 ( 4, 2, 2, 2, 2, 2, 2, 4 ),
 ( 0.000000000000000000, 0.06249999999999994449, 0.1249999999999998890, 0.1874999999999998335, 0.2499999999999997780, 0.3749999999999998890, 0.4374999999999999445, 0.5000000000000000000 ),
 .UNSPECIFIED. ) ;
#46 = ADVANCED_FACE ( 'NONE', ( #385, #795 ), #3225, .T. ) ;
#47 = CARTESIAN_POINT ( 'NONE',  ( 6.619518679845523224, 0.000000000000000000, 1.269279395977621405 ) ) ;
#48 = CARTESIAN_POINT ( 'NONE',  ( 5.375000000000000000, -6.450000000000000178, 0.000000000000000000 ) ) ;
#49 = ORIENTED_EDGE ( 'NONE', *, *, #992, .F. ) ;
#50 = CARTESIAN_POINT ( 'NONE',  ( 9.750000000000000000, 6.450000000000000178, -10.09999999999999964 ) ) ;
#51 = EDGE_LOOP ( 'NONE', ( #2754, #824, #1682, #279 ) ) ;
#52 = CARTESIAN_POINT ( 'NONE',  ( -9.277042635169156171, 2.500000000000000000, -0.1622076787709588741 ) ) ;
#53 = EDGE_LOOP ( 'NONE', ( #4346, #1934, #2927, #4513 ) ) ;
#54 = CARTESIAN_POINT ( 'NONE',  ( -9.107277510893236894, 2.500000000000000000, -8.099999999999999645 ) ) ;
#55 = CARTESIAN_POINT ( 'NONE',  ( 6.719344519258354076, -4.899999999999999467, 1.275178699794458304 ) ) ;
#56 = CARTESIAN_POINT ( 'NONE',  ( -9.107277510893236894, -2.500000000000000000, -8.003648936597624441 ) ) ;
#57 = CARTESIAN_POINT ( 'NONE',  ( 1.200587223291922578, 4.650000000000002132, 3.896568321236299148 ) ) ;
#58 = ORIENTED_EDGE ( 'NONE', *, *, #648, .T. ) ;
#59 = DIRECTION ( 'NONE',  ( 0.000000000000000000, 1.000000000000000000, -0.000000000000000000 ) ) ;
#60 = EDGE_CURVE ( 'NONE', #3602, #3430, #4330, .T. ) ;
#61 = VECTOR ( 'NONE', #4595, 1000.000000000000000 ) ;
#62 = DIRECTION ( 'NONE',  ( 0.000000000000000000, 0.000000000000000000, -1.000000000000000000 ) ) ;
#63 =( NAMED_UNIT ( * ) SI_UNIT ( $, .STERADIAN. ) SOLID_ANGLE_UNIT ( ) );
#64 = EDGE_CURVE ( 'NONE', #711, #1653, #3062, .T. ) ;
#65 = SURFACE_SIDE_STYLE ('',( #424 ) ) ;
#66 = ORIENTED_EDGE ( 'NONE', *, *, #419, .T. ) ;
#67 = COLOUR_RGB ( '',0.8431372549019607865, 0.8431372549019607865, 0.8431372549019607865 ) ;
#68 = CARTESIAN_POINT ( 'NONE',  ( 9.000000000000000000, 5.000000000000000000, 8.991260281974000179 ) ) ;
#69 = AXIS2_PLACEMENT_3D ( 'NONE', #3345, #1946, #4089 ) ;
#70 = CARTESIAN_POINT ( 'NONE',  ( -9.000000000000000000, 5.000000000000000000, -11.59999999999999964 ) ) ;
#71 = EDGE_CURVE ( 'NONE', #1707, #1397, #2649, .T. ) ;
#72 = DIRECTION ( 'NONE',  ( 1.000000000000000000, -0.000000000000000000, -0.000000000000000000 ) ) ;
#73 = EDGE_LOOP ( 'NONE', ( #3488, #2921, #741 ) ) ;
#74 = LINE ( 'NONE', #1522, #1685 ) ;
#75 = VERTEX_POINT ( 'NONE', #3794 ) ;
#76 = CIRCLE ( 'NONE', #4505, 0.1000000000000002554 ) ;
#77 = CARTESIAN_POINT ( 'NONE',  ( 0.000000000000000000, -4.750000000000000000, 0.000000000000000000 ) ) ;
#78 = CARTESIAN_POINT ( 'NONE',  ( -5.375000000000000000, 6.825078385935131386, 2.168404344971008868E-16 ) ) ;
#79 = LINE ( 'NONE', #54, #601 ) ;
#80 = LINE ( 'NONE', #2652, #3899 ) ;
#81 = MECHANICAL_DESIGN_GEOMETRIC_PRESENTATION_REPRESENTATION (  '', ( #2125 ), #4121 ) ;
#82 = CARTESIAN_POINT ( 'NONE',  ( 9.000000000000000000, -5.000000000000000000, -11.59999999999999964 ) ) ;
#83 = AXIS2_PLACEMENT_3D ( 'NONE', #2814, #2418, #1985 ) ;
#84 = VERTEX_POINT ( 'NONE', #2316 ) ;
#85 = SURFACE_STYLE_USAGE ( .BOTH. , #437 ) ;
#86 = CARTESIAN_POINT ( 'NONE',  ( -7.231096411691571468, -4.899999999999999467, 1.269279395977619185 ) ) ;
#87 = ORIENTED_EDGE ( 'NONE', *, *, #2040, .F. ) ;
#88 = VECTOR ( 'NONE', #2225, 1000.000000000000000 ) ;
#89 = VECTOR ( 'NONE', #4079, 1000.000000000000000 ) ;
#90 = EDGE_CURVE ( 'NONE', #1397, #2243, #1527, .T. ) ;
#91 = VECTOR ( 'NONE', #3958, 1000.000000000000000 ) ;
#92 = DIRECTION ( 'NONE',  ( -0.000000000000000000, 1.000000000000000000, 0.000000000000000000 ) ) ;
#93 =( LENGTH_UNIT ( ) NAMED_UNIT ( * ) SI_UNIT ( .MILLI., .METRE. ) );
#94 = ORIENTED_EDGE ( 'NONE', *, *, #1149, .T. ) ;
#95 = VECTOR ( 'NONE', #3318, 1000.000000000000000 ) ;
#96 = ADVANCED_FACE ( 'NONE', ( #4160 ), #1614, .T. ) ;
#97 = SURFACE_STYLE_USAGE ( .BOTH. , #3055 ) ;
#98 = CARTESIAN_POINT ( 'NONE',  ( -9.000000000000000000, 6.450000000000000178, 0.000000000000000000 ) ) ;
#99 = CARTESIAN_POINT ( 'NONE',  ( 10.28249979814616566, 2.500000000000000000, -2.019306840730284325 ) ) ;
#100 = EDGE_LOOP ( 'NONE', ( #3314, #2216, #1126, #4046, #925 ) ) ;
#101 = PLANE ( 'NONE',  #4145 ) ;
#102 = VERTEX_POINT ( 'NONE', #1944 ) ;
#103 = AXIS2_PLACEMENT_3D ( 'NONE', #1635, #3108, #4350 ) ;
#104 = EDGE_CURVE ( 'NONE', #3047, #265, #454, .T. ) ;
#105 = DIRECTION ( 'NONE',  ( 1.000000000000000000, -0.000000000000000000, 0.000000000000000000 ) ) ;
#106 = DIRECTION ( 'NONE',  ( 0.000000000000000000, 0.000000000000000000, -1.000000000000000000 ) ) ;
#107 = DIRECTION ( 'NONE',  ( -1.000000000000000000, -8.260587980841938780E-17, -0.000000000000000000 ) ) ;
#108 = FILL_AREA_STYLE ('',( #4408 ) ) ;
#109 = CARTESIAN_POINT ( 'NONE',  ( -7.000000000000000888, -6.450000000000000178, -11.59999999999999964 ) ) ;
#110 = DIRECTION ( 'NONE',  ( 0.000000000000000000, 0.000000000000000000, -1.000000000000000000 ) ) ;
#111 = ORIENTED_EDGE ( 'NONE', *, *, #4097, .F. ) ;
#112 = CARTESIAN_POINT ( 'NONE',  ( -7.231096411691576797, 4.750000000000000000, 2.536753471768243617 ) ) ;
#113 = FACE_OUTER_BOUND ( 'NONE', #3508, .T. ) ;
#114 = ORIENTED_EDGE ( 'NONE', *, *, #461, .T. ) ;
#115 = DIRECTION ( 'NONE',  ( -0.000000000000000000, -1.000000000000000000, -0.000000000000000000 ) ) ;
#116 = CARTESIAN_POINT ( 'NONE',  ( -7.231096411691571468, -4.649999999999999467, 1.269279395977619185 ) ) ;
#117 = DIRECTION ( 'NONE',  ( 0.000000000000000000, 0.000000000000000000, -1.000000000000000000 ) ) ;
#118 = ADVANCED_FACE ( 'NONE', ( #3344 ), #164, .T. ) ;
#119 = DIRECTION ( 'NONE',  ( -0.000000000000000000, 1.000000000000000000, -0.000000000000000000 ) ) ;
#120 = ORIENTED_EDGE ( 'NONE', *, *, #3619, .F. ) ;
#121 = EDGE_CURVE ( 'NONE', #3776, #1378, #1549, .T. ) ;
#122 =( LENGTH_UNIT ( ) NAMED_UNIT ( * ) SI_UNIT ( .MILLI., .METRE. ) );
#123 = FACE_OUTER_BOUND ( 'NONE', #4190, .T. ) ;
#124 = ORIENTED_EDGE ( 'NONE', *, *, #3336, .F. ) ;
#125 = DIRECTION ( 'NONE',  ( 0.000000000000000000, 0.000000000000000000, -1.000000000000000000 ) ) ;
#126 = DIRECTION ( 'NONE',  ( -1.000000000000000000, 0.000000000000000000, -0.000000000000000000 ) ) ;
#127 = CARTESIAN_POINT ( 'NONE',  ( 0.000000000000000000, 6.450000000000000178, -12.59999999999999964 ) ) ;
#128 = ORIENTED_EDGE ( 'NONE', *, *, #2571, .F. ) ;
#129 = CARTESIAN_POINT ( 'NONE',  ( 5.003459688678321804, 4.750000000000000000, 5.900000000000000355 ) ) ;
#130 =( LENGTH_UNIT ( ) NAMED_UNIT ( * ) SI_UNIT ( .MILLI., .METRE. ) );
#131 = FACE_OUTER_BOUND ( 'NONE', #498, .T. ) ;
#132 = ORIENTED_EDGE ( 'NONE', *, *, #1371, .F. ) ;
#133 = CARTESIAN_POINT ( 'NONE',  ( 0.000000000000000000, 6.450000000000000178, -11.59999999999999964 ) ) ;
#134 = CLOSED_SHELL ( 'NONE', ( #46, #1891, #7, #4534, #1341, #1373, #2632, #2625, #1234, #3739, #3417, #1002, #4501, #3544, #4445, #3543, #198, #2090, #935, #3746, #1255, #3532, #2757, #4627, #4556, #3538, #2482, #1916, #2596, #2790, #4067, #319, #2765, #2272, #2251, #391, #2726, #372, #2358, #2999, #3711, #1878, #1834, #3767, #4693, #581, #2227, #1194, #1137, #669, #3933, #203, #434, #4036, #3326, #996, #1853, #2537, #815, #4509, #920, #2867, #2961, #496, #4397, #2570, #3561, #4591, #2001, #1284, #2812, #3891, #2061, #1001, #3836, #649, #4092, #1576, #3393, #4398, #3121, #351, #3582, #262, #2337, #530, #2344, #3613, #2805, #561 ) ) ;
#135 = FILL_AREA_STYLE_COLOUR ( '', #2667 ) ;
#136 = FILL_AREA_STYLE_COLOUR ( '', #2766 ) ;
#137 = CARTESIAN_POINT ( 'NONE',  ( -4.625000000000000000, -6.450000000000000178, -2.327802519272560655 ) ) ;
#138 = FACE_BOUND ( 'NONE', #2612, .T. ) ;
#139 = EDGE_LOOP ( 'NONE', ( #4599, #4464 ) ) ;
#140 = VECTOR ( 'NONE', #4390, 1000.000000000000000 ) ;
#141 = EDGE_CURVE ( 'NONE', #4504, #1262, #2339, .T. ) ;
#142 = LINE ( 'NONE', #909, #1871 ) ;
#143 = UNCERTAINTY_MEASURE_WITH_UNIT (LENGTH_MEASURE( 1.000000000000000082E-05 ), #2253, 'distance_accuracy_value', 'NONE');
#144 = SURFACE_STYLE_USAGE ( .BOTH. , #1592 ) ;
#145 = LINE ( 'NONE', #1973, #1820 ) ;
#146 = CARTESIAN_POINT ( 'NONE',  ( -5.048212072821117502, 0.1977302723643993843, 2.615469093640299114 ) ) ;
#147 = FACE_OUTER_BOUND ( 'NONE', #1009, .T. ) ;
#148 = ORIENTED_EDGE ( 'NONE', *, *, #1315, .T. ) ;
#149 = CIRCLE ( 'NONE', #2830, 0.1000000000000000472 ) ;
#150 = CARTESIAN_POINT ( 'NONE',  ( 3.190040237913860377, 4.750000000000000000, 4.728491385933649482 ) ) ;
#151 = SPHERICAL_SURFACE ( 'NONE', #3820, 0.1000000000000000056 ) ;
#152 = AXIS2_PLACEMENT_3D ( 'NONE', #1903, #4050, #776 ) ;
#153 = EDGE_CURVE ( 'NONE', #1961, #711, #2678, .T. ) ;
#154 = FACE_OUTER_BOUND ( 'NONE', #1117, .T. ) ;
#155 = LINE ( 'NONE', #1256, #4287 ) ;
#156 = CARTESIAN_POINT ( 'NONE',  ( 5.843370292992687176, -4.750000000000001776, 5.930285025990838399 ) ) ;
#157 = CIRCLE ( 'NONE', #848, 2.000000000000000000 ) ;
#158 = VECTOR ( 'NONE', #1706, 1000.000000000000000 ) ;
#159 = VECTOR ( 'NONE', #1774, 1000.000000000000000 ) ;
#160 = LINE ( 'NONE', #2724, #4214 ) ;
#161 = CARTESIAN_POINT ( 'NONE',  ( 10.49999999999999822, 7.500000000000001776, 0.000000000000000000 ) ) ;
#162 = FACE_BOUND ( 'NONE', #1541, .T. ) ;
#163 = ORIENTED_EDGE ( 'NONE', *, *, #641, .T. ) ;
#164 = CYLINDRICAL_SURFACE ( 'NONE', #1346, 0.1000000000000002554 ) ;
#165 = ORIENTED_EDGE ( 'NONE', *, *, #551, .T. ) ;
#166 = DIRECTION ( 'NONE',  ( -1.000000000000000000, 0.000000000000000000, 0.000000000000000000 ) ) ;
#167 = LINE ( 'NONE', #4548, #1465 ) ;
#168 = CARTESIAN_POINT ( 'NONE',  ( -5.375000000000000000, -6.825078385935131386, 2.168404344971008868E-16 ) ) ;
#169 = EDGE_CURVE ( 'NONE', #1707, #1004, #817, .T. ) ;
#170 = VECTOR ( 'NONE', #4040, 1000.000000000000000 ) ;
#171 = PLANE ( 'NONE',  #4055 ) ;
#172 = ORIENTED_EDGE ( 'NONE', *, *, #2483, .F. ) ;
#173 = CARTESIAN_POINT ( 'NONE',  ( 9.750000000000000000, -2.500000000000000000, 0.000000000000000000 ) ) ;
#174 = PRESENTATION_LAYER_ASSIGNMENT (  '', '', ( #1015 ) ) ;
#175 = EDGE_CURVE ( 'NONE', #84, #711, #142, .T. ) ;
#176 = DIRECTION ( 'NONE',  ( 0.000000000000000000, -0.000000000000000000, 1.000000000000000000 ) ) ;
#177 = DIRECTION ( 'NONE',  ( 0.9459147296616908784, 0.000000000000000000, -0.3244153575419176927 ) ) ;
#178 = CARTESIAN_POINT ( 'NONE',  ( 6.322156679622434439, -4.649999999995906741, 4.423594249228920638 ) ) ;
#179 = EDGE_CURVE ( 'NONE', #3054, #970, #2293, .T. ) ;
#180 = FACE_OUTER_BOUND ( 'NONE', #1693, .T. ) ;
#181 = CARTESIAN_POINT ( 'NONE',  ( -0.4000000000000000222, 0.5999999999999999778, -14.59999999999998543 ) ) ;
#182 = PLANE ( 'NONE',  #1388 ) ;
#183 = ORIENTED_EDGE ( 'NONE', *, *, #858, .T. ) ;
#184 = UNCERTAINTY_MEASURE_WITH_UNIT (LENGTH_MEASURE( 1.000000000000000082E-05 ), #130, 'distance_accuracy_value', 'NONE');
#185 = ORIENTED_EDGE ( 'NONE', *, *, #1885, .F. ) ;
#186 = FACE_OUTER_BOUND ( 'NONE', #3769, .T. ) ;
#187 = ORIENTED_EDGE ( 'NONE', *, *, #1187, .F. ) ;
#188 = CYLINDRICAL_SURFACE ( 'NONE', #103, 0.1000000000000002554 ) ;
#189 = DIRECTION ( 'NONE',  ( 0.000000000000000000, -0.000000000000000000, 1.000000000000000000 ) ) ;
#190 = CARTESIAN_POINT ( 'NONE',  ( -3.517465122172809266, 1.517638353633934623, 2.676425433853744984 ) ) ;
#191 = ORIENTED_EDGE ( 'NONE', *, *, #1048, .F. ) ;
#192 = FILL_AREA_STYLE_COLOUR ( '', #1134 ) ;
#193 = CARTESIAN_POINT ( 'NONE',  ( -9.000000000000000000, -5.000000000000000000, -12.59999999999999964 ) ) ;
#194 = EDGE_CURVE ( 'NONE', #2189, #2650, #2364, .T. ) ;
#195 = CARTESIAN_POINT ( 'NONE',  ( -5.076892525736887762, -4.749999999999998224, 2.585724366189950274 ) ) ;
#196 = DIRECTION ( 'NONE',  ( 1.000000000000000000, 0.000000000000000000, -0.000000000000000000 ) ) ;
#197 = EDGE_CURVE ( 'NONE', #3319, #2087, #1044, .T. ) ;
#198 = ADVANCED_FACE ( 'NONE', ( #123 ), #4545, .F. ) ;
#199 = CARTESIAN_POINT ( 'NONE',  ( 6.772067340845558725, 5.009258307908482699, 2.000000000000000000 ) ) ;
#200 = CARTESIAN_POINT ( 'NONE',  ( 0.000000000000000000, -6.450000000000000178, 0.000000000000000000 ) ) ;
#201 = EDGE_LOOP ( 'NONE', ( #4094, #2901, #1037, #1757 ) ) ;
#202 = B_SPLINE_CURVE_WITH_KNOTS ( 'NONE', 3,
 ( #3603, #1127, #1083, #797, #3656, #1171 ),
 .UNSPECIFIED., .F., .F.,
 ( 4, 2, 4 ),
 ( 0.000000000000000000, 0.0001577969133888368737, 0.0003155938267776737475 ),
 .UNSPECIFIED. ) ;
#203 = ADVANCED_FACE ( 'NONE', ( #865 ), #3775, .F. ) ;
#204 = DIRECTION ( 'NONE',  ( 0.000000000000000000, -0.000000000000000000, 1.000000000000000000 ) ) ;
#205 = VECTOR ( 'NONE', #4172, 1000.000000000000000 ) ;
#206 = ORIENTED_EDGE ( 'NONE', *, *, #1596, .T. ) ;
#207 = CARTESIAN_POINT ( 'NONE',  ( -9.000000000000000000, 5.000000000000000000, -11.59999999999999964 ) ) ;
#208 = CARTESIAN_POINT ( 'NONE',  ( 4.625000000000000000, -6.450000000000000178, 0.000000000000000000 ) ) ;
#209 = VECTOR ( 'NONE', #4191, 1000.000000000000000 ) ;
#210 = DIRECTION ( 'NONE',  ( 0.000000000000000000, 0.000000000000000000, -1.000000000000000000 ) ) ;
#211 = ORIENTED_EDGE ( 'NONE', *, *, #4086, .T. ) ;
#212 = FACE_OUTER_BOUND ( 'NONE', #3246, .T. ) ;
#213 = DIRECTION ( 'NONE',  ( 1.000000000000000000, 0.000000000000000000, 0.000000000000000000 ) ) ;
#214 = VECTOR ( 'NONE', #4210, 1000.000000000000000 ) ;
#215 = FACE_OUTER_BOUND ( 'NONE', #3144, .T. ) ;
#216 = AXIS2_PLACEMENT_3D ( 'NONE', #1859, #444, #1205 ) ;
#217 = DIRECTION ( 'NONE',  ( 1.000000000000000000, -0.000000000000000000, 0.000000000000000000 ) ) ;
#218 = ORIENTED_EDGE ( 'NONE', *, *, #1115, .T. ) ;
#219 = CARTESIAN_POINT ( 'NONE',  ( -5.375000000000000000, -6.450000000000000178, -2.327802519272560655 ) ) ;
#220 = AXIS2_PLACEMENT_3D ( 'NONE', #4478, #3448, #4549 ) ;
#221 = EDGE_CURVE ( 'NONE', #287, #2673, #569, .T. ) ;
#222 = VECTOR ( 'NONE', #377, 1000.000000000000000 ) ;
#223 = VECTOR ( 'NONE', #1504, 1000.000000000000000 ) ;
#224 = CARTESIAN_POINT ( 'NONE',  ( 5.375000000000000000, 6.825078385935131386, -1.958467813539574776 ) ) ;
#225 = CARTESIAN_POINT ( 'NONE',  ( 6.571192588896066944, 5.000000000000000888, 1.899999999999999467 ) ) ;
#226 = LINE ( 'NONE', #1696, #4298 ) ;
#227 = ORIENTED_EDGE ( 'NONE', *, *, #3263, .F. ) ;
#228 = AXIS2_PLACEMENT_3D ( 'NONE', #4533, #948, #3522 ) ;
#229 = AXIS2_PLACEMENT_3D ( 'NONE', #3272, #2551, #4322 ) ;
#230 = EDGE_CURVE ( 'NONE', #1707, #2693, #3533, .T. ) ;
#231 = LINE ( 'NONE', #3413, #4665 ) ;
#232 =( LENGTH_UNIT ( ) NAMED_UNIT ( * ) SI_UNIT ( .MILLI., .METRE. ) );
#233 = AXIS2_PLACEMENT_3D ( 'NONE', #851, #1577, #1538 ) ;
#234 = EDGE_LOOP ( 'NONE', ( #4001, #3152, #1421, #4700 ) ) ;
#235 = SURFACE_STYLE_USAGE ( .BOTH. , #2047 ) ;
#236 = DIRECTION ( 'NONE',  ( -0.000000000000000000, -1.000000000000000000, -0.000000000000000000 ) ) ;
#237 = EDGE_CURVE ( 'NONE', #2033, #1095, #2385, .T. ) ;
#238 = EDGE_CURVE ( 'NONE', #1023, #4632, #3170, .T. ) ;
#239 = EDGE_LOOP ( 'NONE', ( #4544, #227, #428, #1734 ) ) ;
#240 = DIRECTION ( 'NONE',  ( -1.000000000000000000, -0.000000000000000000, -0.000000000000000000 ) ) ;
#241 = DIRECTION ( 'NONE',  ( 0.000000000000000000, -8.673617379884030739E-15, -1.000000000000000000 ) ) ;
#242 = DIRECTION ( 'NONE',  ( 0.000000000000000000, 0.000000000000000000, -1.000000000000000000 ) ) ;
#243 = AXIS2_PLACEMENT_3D ( 'NONE', #3298, #1846, #4427 ) ;
#244 = ORIENTED_EDGE ( 'NONE', *, *, #2845, .F. ) ;
#245 = CARTESIAN_POINT ( 'NONE',  ( 2.700492028223767882, 4.750000000000000888, 4.496475070308767918 ) ) ;
#246 = CARTESIAN_POINT ( 'NONE',  ( -6.152316660537177739, -4.650000000000001243, 2.574070550821368819 ) ) ;
#247 = EDGE_CURVE ( 'NONE', #2243, #1918, #3846, .T. ) ;
#248 = PLANE ( 'NONE',  #2436 ) ;
#249 = CARTESIAN_POINT ( 'NONE',  ( 6.713243801231927321, -4.899999999999999467, 1.378412796040006549 ) ) ;
#250 = EDGE_LOOP ( 'NONE', ( #1097, #2088, #833, #1046 ) ) ;
#251 = ORIENTED_EDGE ( 'NONE', *, *, #2563, .T. ) ;
#252 = CARTESIAN_POINT ( 'NONE',  ( -3.746077531831052632, -1.499855885504318032, 2.709245519127124080 ) ) ;
#253 = EDGE_CURVE ( 'NONE', #4414, #3602, #3183, .T. ) ;
#254 = LINE ( 'NONE', #4230, #3271 ) ;
#255 = ORIENTED_EDGE ( 'NONE', *, *, #3278, .F. ) ;
#256 = LINE ( 'NONE', #4277, #552 ) ;
#257 = LINE ( 'NONE', #3937, #457 ) ;
#258 = CARTESIAN_POINT ( 'NONE',  ( 6.706772482326996077, -4.999999999999356071, 1.487918063758003173 ) ) ;
#259 = EDGE_LOOP ( 'NONE', ( #1841, #4449, #3392, #3675 ) ) ;
#260 = ORIENTED_EDGE ( 'NONE', *, *, #2845, .T. ) ;
#261 = CARTESIAN_POINT ( 'NONE',  ( 6.701151470979806568, 4.899999999999997691, 1.583034740485398384 ) ) ;
#262 = ADVANCED_FACE ( 'NONE', ( #2917 ), #4370, .T. ) ;
#263 = CARTESIAN_POINT ( 'NONE',  ( -4.454135757055633249, -0.2480898081172704661, 2.648182339344738345 ) ) ;
#264 = CARTESIAN_POINT ( 'NONE',  ( 6.571192588896067832, 5.000000000000000000, 1.899999999999999911 ) ) ;
#265 = VERTEX_POINT ( 'NONE', #1113 ) ;
#266 = FACE_OUTER_BOUND ( 'NONE', #700, .T. ) ;
#267 = EDGE_LOOP ( 'NONE', ( #187, #3983, #3838, #3281 ) ) ;
#268 = CARTESIAN_POINT ( 'NONE',  ( 9.107277510893236894, 2.500000000000000000, -8.099999999999999645 ) ) ;
#269 = B_SPLINE_CURVE_WITH_KNOTS ( 'NONE', 3,
 ( #799, #1105, #3705, #2555, #3727, #356, #1852, #2583, #433, #4409, #458, #4386, #2174, #2530, #1129, #745 ),
 .UNSPECIFIED., .F., .F.,
 ( 4, 3, 3, 3, 3, 4 ),
 ( 0.000000000000000000, 2.167073244829618864E-05, 5.565121642206329424E-05, 8.990198093282572231E-05, 0.0001243621917489185142, 0.0001589106562381098139 ),
 .UNSPECIFIED. ) ;
#270 = DIRECTION ( 'NONE',  ( -0.000000000000000000, -1.000000000000000000, -8.673617379884032317E-15 ) ) ;
#271 = ORIENTED_EDGE ( 'NONE', *, *, #3455, .F. ) ;
#272 = ORIENTED_EDGE ( 'NONE', *, *, #2194, .T. ) ;
#273 = SURFACE_STYLE_USAGE ( .BOTH. , #1721 ) ;
#274 = LINE ( 'NONE', #1703, #1912 ) ;
#275 = DIRECTION ( 'NONE',  ( 1.000000000000000000, 0.000000000000000000, 0.000000000000000000 ) ) ;
#276 = EDGE_CURVE ( 'NONE', #3716, #3245, #2971, .T. ) ;
#277 = DIRECTION ( 'NONE',  ( -0.000000000000000000, -0.000000000000000000, -1.000000000000000000 ) ) ;
#278 = EDGE_LOOP ( 'NONE', ( #4122, #3253, #2336 ) ) ;
#279 = ORIENTED_EDGE ( 'NONE', *, *, #1250, .T. ) ;
#280 = FILL_AREA_STYLE ('',( #2079 ) ) ;
#281 = CARTESIAN_POINT ( 'NONE',  ( -9.000000000000000000, -6.450000000000000178, -12.59999999999999964 ) ) ;
#282 = CARTESIAN_POINT ( 'NONE',  ( 6.719344519258362070, -4.650000000000000355, 1.275178699794326631 ) ) ;
#283 = AXIS2_PLACEMENT_3D ( 'NONE', #1225, #529, #3781 ) ;
#284 = ADVANCED_FACE ( 'NONE', ( #4031 ), #1513, .T. ) ;
#285 = VERTEX_POINT ( 'NONE', #3714 ) ;
#286 = FACE_OUTER_BOUND ( 'NONE', #323, .T. ) ;
#287 = VERTEX_POINT ( 'NONE', #4484 ) ;
#288 = CARTESIAN_POINT ( 'NONE',  ( 6.526781968822511715, 4.750000000000000000, 2.838535747528719178 ) ) ;
#289 = EDGE_LOOP ( 'NONE', ( #4276, #2543, #4590, #416 ) ) ;
#290 = AXIS2_PLACEMENT_3D ( 'NONE', #2159, #4418, #1035 ) ;
#291 = EDGE_CURVE ( 'NONE', #4657, #2865, #1858, .T. ) ;
#292 = LINE ( 'NONE', #2468, #1746 ) ;
#293 = VECTOR ( 'NONE', #3179, 1000.000000000000000 ) ;
#294 = LINE ( 'NONE', #4032, #3349 ) ;
#295 = CARTESIAN_POINT ( 'NONE',  ( 6.719344519258354076, -4.899999999999999467, 1.275178699794458304 ) ) ;
#296 = EDGE_LOOP ( 'NONE', ( #3328, #517, #785, #1543 ) ) ;
#297 = VECTOR ( 'NONE', #1269, 1000.000000000000114 ) ;
#298 = ORIENTED_EDGE ( 'NONE', *, *, #4004, .T. ) ;
#299 = LINE ( 'NONE', #2781, #2978 ) ;
#300 = AXIS2_PLACEMENT_3D ( 'NONE', #2148, #2480, #1386 ) ;
#301 = CARTESIAN_POINT ( 'NONE',  ( 0.000000000000000000, -6.450000000000000178, -8.099999999999999645 ) ) ;
#302 = DIRECTION ( 'NONE',  ( 1.000000000000000000, 0.000000000000000000, 0.000000000000000000 ) ) ;
#303 = AXIS2_PLACEMENT_3D ( 'NONE', #1040, #4318, #1770 ) ;
#304 = CARTESIAN_POINT ( 'NONE',  ( 5.003459688678321804, 4.750000000000000000, 5.900000000000000355 ) ) ;
#305 = ORIENTED_EDGE ( 'NONE', *, *, #2426, .T. ) ;
#306 = CARTESIAN_POINT ( 'NONE',  ( -4.478087862106368888, -0.1294589696387403455, 2.646580974542632969 ) ) ;
#307 = CARTESIAN_POINT ( 'NONE',  ( 6.613451441182768065, 5.000000000000000000, 1.371946966801619316 ) ) ;
#308 = VECTOR ( 'NONE', #4436, 1000.000000000000114 ) ;
#309 = ORIENTED_EDGE ( 'NONE', *, *, #4328, .T. ) ;
#310 = PRESENTATION_STYLE_ASSIGNMENT (( #3585 ) ) ;
#311 = EDGE_LOOP ( 'NONE', ( #3155, #1432, #2261, #2387 ) ) ;
#312 = LINE ( 'NONE', #2104, #1718 ) ;
#313 = EDGE_CURVE ( 'NONE', #3682, #3716, #3736, .T. ) ;
#314 =( GEOMETRIC_REPRESENTATION_CONTEXT ( 3 ) GLOBAL_UNCERTAINTY_ASSIGNED_CONTEXT ( ( #3487 ) ) GLOBAL_UNIT_ASSIGNED_CONTEXT ( ( #4320, #4662, #2855 ) ) REPRESENTATION_CONTEXT ( 'NONE', 'WORKASPACE' ) );
#315 = COLOUR_RGB ( '',0.7921568627450980005, 0.8196078431372548767, 0.9333333333333333481 ) ;
#316 = DIRECTION ( 'NONE',  ( 0.3244153575419170821, 0.000000000000000000, 0.9459147296616909895 ) ) ;
#317 = CARTESIAN_POINT ( 'NONE',  ( 6.634758247995838687, -4.978658112019973991, 1.894157946510544033 ) ) ;
#318 = CARTESIAN_POINT ( 'NONE',  ( -7.231096411691571468, 4.649999999999999467, 1.169279395977619318 ) ) ;
#319 = ADVANCED_FACE ( 'NONE', ( #4080 ), #1204, .F. ) ;
#320 = CARTESIAN_POINT ( 'NONE',  ( -0.4000000000000000222, -11.15000000000000036, -16.60000000000000142 ) ) ;
#321 = ORIENTED_EDGE ( 'NONE', *, *, #276, .F. ) ;
#322 = LINE ( 'NONE', #2893, #929 ) ;
#323 = EDGE_LOOP ( 'NONE', ( #2015, #2286, #2729, #650 ) ) ;
#324 = PLANE ( 'NONE',  #303 ) ;
#325 = DIRECTION ( 'NONE',  ( 0.000000000000000000, 1.000000000000000000, -0.000000000000000000 ) ) ;
#326 = ORIENTED_EDGE ( 'NONE', *, *, #2330, .T. ) ;
#327 = CARTESIAN_POINT ( 'NONE',  ( -9.000000000000000000, 5.000000000000000000, 8.991260281974000179 ) ) ;
#328 = ORIENTED_EDGE ( 'NONE', *, *, #3387, .T. ) ;
#329 = LINE ( 'NONE', #8, #1355 ) ;
#330 = CARTESIAN_POINT ( 'NONE',  ( 0.000000000000000000, -6.450000000000000178, -8.099999999999999645 ) ) ;
#331 = DIRECTION ( 'NONE',  ( 0.000000000000000000, -1.000000000000000000, 0.000000000000000000 ) ) ;
#332 =( BOUNDED_SURFACE ( )  B_SPLINE_SURFACE ( 3, 2, ( 
 ( #129, #845, #2687 ),
 ( #4217, #2300, #486 ),
 ( #150, #3071, #2762 ),
 ( #4148, #3401, #505 ),
 ( #1601, #1197, #2395 ),
 ( #2658, #3379, #3046 ),
 ( #874, #2324, #1955 ),
 ( #3425, #4553, #918 ),
 ( #578, #2373, #3834 ),
 ( #112, #896, #4532 ) ),
 .UNSPECIFIED., .F., .F., .F. ) 
 B_SPLINE_SURFACE_WITH_KNOTS ( ( 4, 2, 2, 2, 4 ),
 ( 3, 3 ),
 ( 0.0006347339198975353791, 0.003866993875759557314, 0.007099253831621579573, 0.01033151378748360140, 0.01356377374334562409 ),
 ( 0.000000000000000000, 1.000000000000000000 ),
 .UNSPECIFIED. ) 
 GEOMETRIC_REPRESENTATION_ITEM ( )  RATIONAL_B_SPLINE_SURFACE ( (
 ( 1.000000000000000000, 0.7071067811865500152, 1.000000000000000000),
 ( 1.000000000000000000, 0.7071067811865500152, 1.000000000000000000),
 ( 1.000000000000000000, 0.7071067811865475727, 1.000000000000000000),
 ( 1.000000000000000000, 0.7071067811865475727, 1.000000000000000000),
 ( 1.000000000000000000, 0.7071067811865475727, 1.000000000000000000),
 ( 1.000000000000000000, 0.7071067811865475727, 1.000000000000000000),
 ( 1.000000000000000000, 0.7071067811865475727, 1.000000000000000000),
 ( 1.000000000000000000, 0.7071067811865475727, 1.000000000000000000),
 ( 1.000000000000000000, 0.7071067811865475727, 1.000000000000000000),
 ( 1.000000000000000000, 0.7071067811865475727, 1.000000000000000000) ) ) 
 REPRESENTATION_ITEM ( '' )  SURFACE ( )  );
#333 = ORIENTED_EDGE ( 'NONE', *, *, #4238, .F. ) ;
#334 = PLANE ( 'NONE',  #2510 ) ;
#335 = ORIENTED_EDGE ( 'NONE', *, *, #3211, .T. ) ;
#336 = ORIENTED_EDGE ( 'NONE', *, *, #2068, .T. ) ;
#337 = FACE_OUTER_BOUND ( 'NONE', #1954, .T. ) ;
#338 = B_SPLINE_SURFACE_WITH_KNOTS ( 'NONE', 2, 1, ( 
 ( #1754, #2528 ),
 ( #3628, #4457 ),
 ( #1456, #2172 ) ),
 .UNSPECIFIED., .F., .F., .F.,
 ( 3, 3 ),
 ( 2, 2 ),
 ( 0.7478787339740556872, 0.8066447254349821128 ),
 ( 0.000000000000000000, 1.000000000000000000 ),
 .UNSPECIFIED. ) ;
#339 = EDGE_CURVE ( 'NONE', #1566, #3512, #2235, .T. ) ;
#340 = CARTESIAN_POINT ( 'NONE',  ( 6.999999999999999112, 5.000000000000000000, 0.000000000000000000 ) ) ;
#341 = CARTESIAN_POINT ( 'NONE',  ( 0.000000000000000000, -6.450000000000000178, -12.59999999999999964 ) ) ;
#342 = FILL_AREA_STYLE ('',( #2620 ) ) ;
#343 = ORIENTED_EDGE ( 'NONE', *, *, #4173, .F. ) ;
#344 = ORIENTED_EDGE ( 'NONE', *, *, #1564, .F. ) ;
#345 = EDGE_CURVE ( 'NONE', #1418, #4504, #754, .T. ) ;
#346 = CARTESIAN_POINT ( 'NONE',  ( 1.201297028193167860, -4.649999999999998579, 3.896810021517909561 ) ) ;
#347 = CARTESIAN_POINT ( 'NONE',  ( 6.598694519806336700, -5.000000000000000000, 1.577115923598533698 ) ) ;
#348 = VERTEX_POINT ( 'NONE', #3639 ) ;
#349 = DIRECTION ( 'NONE',  ( 0.000000000000000000, 0.000000000000000000, -1.000000000000000000 ) ) ;
#350 = EDGE_LOOP ( 'NONE', ( #4024, #564, #2067, #1516 ) ) ;
#351 = ADVANCED_FACE ( 'NONE', ( #4440 ), #1160, .F. ) ;
#352 = CARTESIAN_POINT ( 'NONE',  ( -7.400000000000000355, -11.15000000000000036, -15.40000000000000036 ) ) ;
#353 = ORIENTED_EDGE ( 'NONE', *, *, #3048, .T. ) ;
#354 = LINE ( 'NONE', #1868, #3120 ) ;
#355 = CARTESIAN_POINT ( 'NONE',  ( -4.479384375474870339, -0.005035233311920586652, 2.646492160562042173 ) ) ;
#356 = CARTESIAN_POINT ( 'NONE',  ( 6.663270635817689858, 4.943173720891954837, 1.891563873006432805 ) ) ;
#357 =( NAMED_UNIT ( * ) PLANE_ANGLE_UNIT ( ) SI_UNIT ( $, .RADIAN. ) );
#358 = EDGE_LOOP ( 'NONE', ( #2958, #3269, #4283, #2437 ) ) ;
#359 = ORIENTED_EDGE ( 'NONE', *, *, #467, .F. ) ;
#360 = CARTESIAN_POINT ( 'NONE',  ( -7.231096411691571468, -4.750000000000000000, 2.536753471768243173 ) ) ;
#361 = ORIENTED_EDGE ( 'NONE', *, *, #2006, .T. ) ;
#362 = AXIS2_PLACEMENT_3D ( 'NONE', #1138, #367, #2564 ) ;
#363 =( BOUNDED_SURFACE ( )  B_SPLINE_SURFACE ( 3, 2, ( 
 ( #531, #2349, #1983 ),
 ( #1641, #3454, #3113 ),
 ( #4554, #506, #2052 ),
 ( #2788, #4236, #557 ) ),
 .UNSPECIFIED., .F., .F., .F. ) 
 B_SPLINE_SURFACE_WITH_KNOTS ( ( 4, 4 ),
 ( 3, 3 ),
 ( 0.003046909823593642059, 0.003681044793995620623 ),
 ( 0.000000000000000000, 1.000000000000000000 ),
 .UNSPECIFIED. ) 
 GEOMETRIC_REPRESENTATION_ITEM ( )  RATIONAL_B_SPLINE_SURFACE ( (
 ( 1.000000000000000000, 0.7071067811865536790, 1.000000000000000000),
 ( 1.000000000000000000, 0.7071067811865536790, 1.000000000000000000),
 ( 1.000000000000000000, 0.7071067811865505703, 1.000000000000000000),
 ( 1.000000000000000000, 0.7071067811865505703, 1.000000000000000000) ) ) 
 REPRESENTATION_ITEM ( '' )  SURFACE ( )  );
#364 = VECTOR ( 'NONE', #3250, 1000.000000000000000 ) ;
#365 = CARTESIAN_POINT ( 'NONE',  ( 4.561854956437218611, -4.750000000000000000, 5.588192363722412459 ) ) ;
#366 = CARTESIAN_POINT ( 'NONE',  ( 6.672498257678843636, -4.911160415702759963, 1.890727846355833464 ) ) ;
#367 = DIRECTION ( 'NONE',  ( -1.000000000000000000, -0.000000000000000000, -0.000000000000000000 ) ) ;
#368 = CARTESIAN_POINT ( 'NONE',  ( -7.231096411691571468, 5.100000000000000533, 1.899999999999999911 ) ) ;
#369 = SURFACE_STYLE_USAGE ( .BOTH. , #65 ) ;
#370 = VECTOR ( 'NONE', #1103, 1000.000000000000000 ) ;
#371 = ORIENTED_EDGE ( 'NONE', *, *, #1174, .F. ) ;
#372 = ADVANCED_FACE ( 'NONE', ( #3840 ), #1988, .F. ) ;
#373 = VERTEX_POINT ( 'NONE', #3764 ) ;
#374 = FACE_OUTER_BOUND ( 'NONE', #3013, .T. ) ;
#375 = MECHANICAL_DESIGN_GEOMETRIC_PRESENTATION_REPRESENTATION (  '', ( #762 ), #2587 ) ;
#376 = ORIENTED_EDGE ( 'NONE', *, *, #4120, .T. ) ;
#377 = DIRECTION ( 'NONE',  ( 0.000000000000000000, -1.000000000000000000, 0.000000000000000000 ) ) ;
#378 = CARTESIAN_POINT ( 'NONE',  ( -2.752535412955737115, 0.4707901504018885963, 2.841105877601514784 ) ) ;
#379 = CARTESIAN_POINT ( 'NONE',  ( -6.599999999999999645, 0.000000000000000000, 0.000000000000000000 ) ) ;
#380 = VERTEX_POINT ( 'NONE', #1626 ) ;
#381 = EDGE_CURVE ( 'NONE', #1780, #1505, #3076, .T. ) ;
#382 = CIRCLE ( 'NONE', #3056, 0.1000000000000002554 ) ;
#383 = DIRECTION ( 'NONE',  ( 0.000000000000000000, 1.000000000000000000, 0.000000000000000000 ) ) ;
#384 = AXIS2_PLACEMENT_3D ( 'NONE', #4334, #4225, #2536 ) ;
#385 = FACE_OUTER_BOUND ( 'NONE', #4146, .T. ) ;
#386 =( GEOMETRIC_REPRESENTATION_CONTEXT ( 3 ) GLOBAL_UNCERTAINTY_ASSIGNED_CONTEXT ( ( #143 ) ) GLOBAL_UNIT_ASSIGNED_CONTEXT ( ( #2253, #2685, #1872 ) ) REPRESENTATION_CONTEXT ( 'NONE', 'WORKASPACE' ) );
#387 = CARTESIAN_POINT ( 'NONE',  ( 9.750000000000000000, 6.450000000000000178, -10.09999999999999964 ) ) ;
#388 = SURFACE_STYLE_FILL_AREA ( #108 ) ;
#389 = FACE_OUTER_BOUND ( 'NONE', #794, .T. ) ;
#390 = EDGE_CURVE ( 'NONE', #1165, #1249, #2891, .T. ) ;
#391 = ADVANCED_FACE ( 'NONE', ( #2010 ), #1935, .T. ) ;
#392 = VECTOR ( 'NONE', #3726, 1000.000000000000000 ) ;
#393 = VECTOR ( 'NONE', #4188, 1000.000000000000000 ) ;
#394 = VERTEX_POINT ( 'NONE', #219 ) ;
#395 = ORIENTED_EDGE ( 'NONE', *, *, #2424, .F. ) ;
#396 =( LENGTH_UNIT ( ) NAMED_UNIT ( * ) SI_UNIT ( .MILLI., .METRE. ) );
#397 = LINE ( 'NONE', #4614, #2769 ) ;
#398 =( NAMED_UNIT ( * ) PLANE_ANGLE_UNIT ( ) SI_UNIT ( $, .RADIAN. ) );
#399 = DIRECTION ( 'NONE',  ( 0.000000000000000000, 0.000000000000000000, 1.000000000000000000 ) ) ;
#400 = VERTEX_POINT ( 'NONE', #2329 ) ;
#401 = STYLED_ITEM ( 'NONE', ( #4184 ), #4260 ) ;
#402 = EDGE_LOOP ( 'NONE', ( #2713, #271, #1773, #2043 ) ) ;
#403 = DIRECTION ( 'NONE',  ( -0.000000000000000000, -1.000000000000000000, -0.000000000000000000 ) ) ;
#404 = EDGE_CURVE ( 'NONE', #3282, #1547, #3096, .T. ) ;
#405 = EDGE_LOOP ( 'NONE', ( #2909, #3531, #2668, #3353 ) ) ;
#406 = CARTESIAN_POINT ( 'NONE',  ( 6.719344519258354076, 4.900000000000001243, 1.275178699794458304 ) ) ;
#407 = DIRECTION ( 'NONE',  ( 0.000000000000000000, -0.000000000000000000, 1.000000000000000000 ) ) ;
#408 = CARTESIAN_POINT ( 'NONE',  ( 5.375000000000000000, 6.825078385935131386, 2.168404344971008868E-16 ) ) ;
#409 = ORIENTED_EDGE ( 'NONE', *, *, #3278, .T. ) ;
#410 = EDGE_CURVE ( 'NONE', #4414, #4182, #3041, .T. ) ;
#411 = CARTESIAN_POINT ( 'NONE',  ( 6.999999999999999112, 6.450000000000000178, -12.59999999999999964 ) ) ;
#412 = LINE ( 'NONE', #3704, #1879 ) ;
#413 = DIRECTION ( 'NONE',  ( -0.000000000000000000, 1.000000000000000000, -0.000000000000000000 ) ) ;
#414 = CARTESIAN_POINT ( 'NONE',  ( 0.000000000000000000, -5.100000000000000533, 1.899999999999999911 ) ) ;
#415 = SURFACE_STYLE_USAGE ( .BOTH. , #4503 ) ;
#416 = ORIENTED_EDGE ( 'NONE', *, *, #1832, .F. ) ;
#417 = FILL_AREA_STYLE_COLOUR ( '', #2660 ) ;
#418 = DIRECTION ( 'NONE',  ( 0.000000000000000000, -1.000000000000000000, -0.000000000000000000 ) ) ;
#419 = EDGE_CURVE ( 'NONE', #2128, #999, #3145, .T. ) ;
#420 = DIRECTION ( 'NONE',  ( -1.156482317317871478E-16, 1.000000000000000000, -0.000000000000000000 ) ) ;
#421 = VERTEX_POINT ( 'NONE', #3859 ) ;
#422 = CARTESIAN_POINT ( 'NONE',  ( -6.599999999999999645, -0.5999999999999999778, 0.000000000000000000 ) ) ;
#423 = DIRECTION ( 'NONE',  ( 1.000000000000000000, 0.000000000000000000, 0.000000000000000000 ) ) ;
#424 = SURFACE_STYLE_FILL_AREA ( #342 ) ;
#425 = ORIENTED_EDGE ( 'NONE', *, *, #1937, .T. ) ;
#426 = CARTESIAN_POINT ( 'NONE',  ( -7.400000000000000355, -0.5999999999999999778, 0.000000000000000000 ) ) ;
#427 = CARTESIAN_POINT ( 'NONE',  ( -5.375000000000000000, 6.825078385935131386, -1.958467813539574776 ) ) ;
#428 = ORIENTED_EDGE ( 'NONE', *, *, #566, .F. ) ;
#429 = PLANE ( 'NONE',  #4518 ) ;
#430 = ORIENTED_EDGE ( 'NONE', *, *, #2124, .F. ) ;
#431 = DIRECTION ( 'NONE',  ( 1.000000000000000000, -0.000000000000000000, 0.000000000000000000 ) ) ;
#432 = CARTESIAN_POINT ( 'NONE',  ( -9.000000000000000000, -5.000000000000000000, 8.991260281974000179 ) ) ;
#433 = CARTESIAN_POINT ( 'NONE',  ( 6.643533563094589312, 4.970900369258568041, 1.893357855393339229 ) ) ;
#434 = ADVANCED_FACE ( 'NONE', ( #880 ), #2722, .F. ) ;
#435 = CARTESIAN_POINT ( 'NONE',  ( 3.131101961446345339, 4.650000000000000355, 4.837839483211206826 ) ) ;
#436 = ORIENTED_EDGE ( 'NONE', *, *, #1950, .T. ) ;
#437 = SURFACE_SIDE_STYLE ('',( #3633 ) ) ;
#438 = DIRECTION ( 'NONE',  ( 1.000000000000000000, 8.260587980841940012E-17, 0.000000000000000000 ) ) ;
#439 = ORIENTED_EDGE ( 'NONE', *, *, #1049, .T. ) ;
#440 = AXIS2_PLACEMENT_3D ( 'NONE', #772, #2931, #1849 ) ;
#441 = EDGE_CURVE ( 'NONE', #713, #2254, #853, .T. ) ;
#442 = CARTESIAN_POINT ( 'NONE',  ( -7.225280075649578748, -4.650000000000002132, 2.636584179644378079 ) ) ;
#443 = FILL_AREA_STYLE_COLOUR ( '', #4104 ) ;
#444 = DIRECTION ( 'NONE',  ( -0.000000000000000000, -1.000000000000000000, -0.000000000000000000 ) ) ;
#445 = PLANE ( 'NONE',  #2935 ) ;
#446 = VERTEX_POINT ( 'NONE', #1646 ) ;
#447 = ADVANCED_FACE ( 'NONE', ( #2354 ), #862, .T. ) ;
#448 = CIRCLE ( 'NONE', #2899, 2.000000000000000000 ) ;
#449 = CARTESIAN_POINT ( 'NONE',  ( -9.750000000000000000, 6.450000000000000178, -10.09999999999999964 ) ) ;
#450 = LINE ( 'NONE', #161, #3882 ) ;
#451 = EDGE_LOOP ( 'NONE', ( #4134, #2413, #2177, #1657 ) ) ;
#452 = VECTOR ( 'NONE', #3546, 1000.000000000000000 ) ;
#453 = DIRECTION ( 'NONE',  ( 0.000000000000000000, 0.000000000000000000, -1.000000000000000000 ) ) ;
#454 = LINE ( 'NONE', #1170, #2192 ) ;
#455 = CARTESIAN_POINT ( 'NONE',  ( 10.66479332996103579, -2.500000000000000000, -2.667310487280512010 ) ) ;
#456 = CARTESIAN_POINT ( 'NONE',  ( -7.231096411691571468, 4.750000000000000000, 1.169279395977619318 ) ) ;
#457 = VECTOR ( 'NONE', #4251, 1000.000000000000000 ) ;
#458 = CARTESIAN_POINT ( 'NONE',  ( 6.625793658647715745, 4.984986207677558845, 1.894977070786748818 ) ) ;
#459 = DIRECTION ( 'NONE',  ( 0.000000000000000000, 0.000000000000000000, 1.000000000000000000 ) ) ;
#460 = ORIENTED_EDGE ( 'NONE', *, *, #2784, .F. ) ;
#461 = EDGE_CURVE ( 'NONE', #1787, #779, #559, .T. ) ;
#462 = SURFACE_STYLE_FILL_AREA ( #4482 ) ;
#463 = ORIENTED_EDGE ( 'NONE', *, *, #4561, .T. ) ;
#464 = AXIS2_PLACEMENT_3D ( 'NONE', #4618, #1394, #1943 ) ;
#465 = LINE ( 'NONE', #3010, #18 ) ;
#466 = VECTOR ( 'NONE', #3186, 1000.000000000000000 ) ;
#467 = EDGE_CURVE ( 'NONE', #75, #400, #1016, .T. ) ;
#468 = DIRECTION ( 'NONE',  ( 1.000000000000000000, 0.000000000000000000, 0.000000000000000000 ) ) ;
#469 = PRESENTATION_STYLE_ASSIGNMENT (( #3669 ) ) ;
#470 = CYLINDRICAL_SURFACE ( 'NONE', #216, 0.1000000000000002554 ) ;
#471 = DIRECTION ( 'NONE',  ( 1.000000000000000000, 0.000000000000000000, 0.000000000000000000 ) ) ;
#472 = VERTEX_POINT ( 'NONE', #3545 ) ;
#473 = AXIS2_PLACEMENT_3D ( 'NONE', #3268, #3697, #2600 ) ;
#474 = ORIENTED_EDGE ( 'NONE', *, *, #1622, .F. ) ;
#475 = ORIENTED_EDGE ( 'NONE', *, *, #2661, .T. ) ;
#476 = LINE ( 'NONE', #4200, #3967 ) ;
#477 = PLANE ( 'NONE',  #4429 ) ;
#478 = ORIENTED_EDGE ( 'NONE', *, *, #4345, .F. ) ;
#479 = DIRECTION ( 'NONE',  ( 0.000000000000000000, 0.000000000000000000, 1.000000000000000000 ) ) ;
#480 = EDGE_LOOP ( 'NONE', ( #4357, #3302, #1275, #2546 ) ) ;
#481 = CARTESIAN_POINT ( 'NONE',  ( -7.231096411691571468, 4.899999999999998579, 0.000000000000000000 ) ) ;
#482 = DIRECTION ( 'NONE',  ( -0.000000000000000000, -0.000000000000000000, -1.000000000000000000 ) ) ;
#483 = DIRECTION ( 'NONE',  ( 0.000000000000000000, -1.000000000000000000, 0.000000000000000000 ) ) ;
#484 = FILL_AREA_STYLE ('',( #3756 ) ) ;
#485 = ORIENTED_EDGE ( 'NONE', *, *, #1263, .F. ) ;
#486 = CARTESIAN_POINT ( 'NONE',  ( 4.070513267828904880, 4.649999999999999467, 5.363681680515641759 ) ) ;
#487 = PRESENTATION_STYLE_ASSIGNMENT (( #3759 ) ) ;
#488 = ORIENTED_EDGE ( 'NONE', *, *, #584, .F. ) ;
#489 = DIRECTION ( 'NONE',  ( 1.000000000000000000, -0.000000000000000000, -0.000000000000000000 ) ) ;
#490 = EDGE_CURVE ( 'NONE', #3602, #2698, #793, .T. ) ;
#491 = DIRECTION ( 'NONE',  ( 1.000000000000000000, -0.000000000000000000, 0.000000000000000000 ) ) ;
#492 = VERTEX_POINT ( 'NONE', #2467 ) ;
#493 = DIRECTION ( 'NONE',  ( 1.000000000000000000, 0.000000000000000000, 0.000000000000000000 ) ) ;
#494 = CARTESIAN_POINT ( 'NONE',  ( -7.231096411691571468, 4.649999999999999467, 1.269279395977619185 ) ) ;
#495 = ORIENTED_EDGE ( 'NONE', *, *, #2279, .T. ) ;
#496 = ADVANCED_FACE ( 'NONE', ( #2420 ), #4629, .F. ) ;
#497 = DIRECTION ( 'NONE',  ( 0.000000000000000000, 1.000000000000000000, -0.000000000000000000 ) ) ;
#498 = EDGE_LOOP ( 'NONE', ( #4064, #3176, #4667 ) ) ;
#499 = SURFACE_STYLE_FILL_AREA ( #3777 ) ;
#500 = CARTESIAN_POINT ( 'NONE',  ( -7.231096411691571468, 5.100000000000000533, 2.000000000000000000 ) ) ;
#501 = CARTESIAN_POINT ( 'NONE',  ( -3.166852694899212395, 1.462128257790561658, 2.779300849432392528 ) ) ;
#502 = EDGE_CURVE ( 'NONE', #1352, #2629, #312, .T. ) ;
#503 = VERTEX_POINT ( 'NONE', #2816 ) ;
#504 = ORIENTED_EDGE ( 'NONE', *, *, #2661, .F. ) ;
#505 = CARTESIAN_POINT ( 'NONE',  ( 1.201248627501565247, 4.649999999999999467, 3.896808263952706408 ) ) ;
#506 = CARTESIAN_POINT ( 'NONE',  ( 6.690412819728537741, 4.999999999999630518, 1.701030887576775230 ) ) ;
#507 = CARTESIAN_POINT ( 'NONE',  ( -5.010700201614945115, -0.3924081473254237840, 2.616887194513694226 ) ) ;
#508 = LINE ( 'NONE', #3356, #1528 ) ;
#509 = ORIENTED_EDGE ( 'NONE', *, *, #3184, .T. ) ;
#510 = DIRECTION ( 'NONE',  ( -0.000000000000000000, -1.000000000000000000, 5.781203146549822732E-16 ) ) ;
#511 = VECTOR ( 'NONE', #4721, 1000.000000000000000 ) ;
#512 = LINE ( 'NONE', #1989, #1532 ) ;
#513 = EDGE_LOOP ( 'NONE', ( #3884, #2892, #2937, #1779 ) ) ;
#514 = EDGE_CURVE ( 'NONE', #1248, #734, #4650, .T. ) ;
#515 = DIRECTION ( 'NONE',  ( 0.000000000000000000, 0.000000000000000000, 1.000000000000000000 ) ) ;
#516 = VECTOR ( 'NONE', #2841, 1000.000000000000000 ) ;
#517 = ORIENTED_EDGE ( 'NONE', *, *, #1687, .F. ) ;
#518 = CARTESIAN_POINT ( 'NONE',  ( -9.000000000000000000, 5.000000000000000000, 8.991260281974000179 ) ) ;
#519 = DIRECTION ( 'NONE',  ( -1.000000000000000000, 0.000000000000000000, 0.000000000000000000 ) ) ;
#520 = ORIENTED_EDGE ( 'NONE', *, *, #3589, .F. ) ;
#521 = ADVANCED_FACE ( 'NONE', ( #1366 ), #1981, .T. ) ;
#522 = PRESENTATION_STYLE_ASSIGNMENT (( #144 ) ) ;
#523 = CARTESIAN_POINT ( 'NONE',  ( 6.279353193142396705, 4.649999999999998579, 4.407638010952598329 ) ) ;
#524 = LINE ( 'NONE', #1618, #3733 ) ;
#525 = AXIS2_PLACEMENT_3D ( 'NONE', #2701, #72, #2288 ) ;
#526 = FACE_OUTER_BOUND ( 'NONE', #4254, .T. ) ;
#527 = VERTEX_POINT ( 'NONE', #2485 ) ;
#528 = CIRCLE ( 'NONE', #3576, 0.09999999999999970024 ) ;
#529 = DIRECTION ( 'NONE',  ( 0.8168923407788779567, -4.093256444847394362E-13, 0.5767901729197592031 ) ) ;
#530 = ADVANCED_FACE ( 'NONE', ( #3257 ), #3709, .F. ) ;
#531 = CARTESIAN_POINT ( 'NONE',  ( 6.619518679845523224, 4.999999999999998224, 1.269279395977618075 ) ) ;
#532 = COLOUR_RGB ( '',1.000000000000000000, 1.000000000000000000, 1.000000000000000000 ) ;
#533 = ORIENTED_EDGE ( 'NONE', *, *, #3387, .F. ) ;
#534 = CARTESIAN_POINT ( 'NONE',  ( -9.750000000000000000, 2.500000000000000000, 0.000000000000000000 ) ) ;
#535 = CARTESIAN_POINT ( 'NONE',  ( 6.571192588896068720, -5.000000000000004441, 2.000000000000000000 ) ) ;
#536 = VECTOR ( 'NONE', #4192, 1000.000000000000000 ) ;
#537 = VECTOR ( 'NONE', #217, 1000.000000000000000 ) ;
#538 = PRODUCT_CONTEXT ( 'NONE', #6, 'mechanical' ) ;
#539 = AXIS2_PLACEMENT_3D ( 'NONE', #2384, #3129, #1313 ) ;
#540 = CARTESIAN_POINT ( 'NONE',  ( 9.000000000000000000, 6.450000000000000178, 0.000000000000000000 ) ) ;
#541 = DIRECTION ( 'NONE',  ( 1.000000000000000000, -0.000000000000000000, -0.000000000000000000 ) ) ;
#542 = CARTESIAN_POINT ( 'NONE',  ( -10.50000000000000178, 7.500000000000000000, 0.000000000000000000 ) ) ;
#543 = DIRECTION ( 'NONE',  ( 0.000000000000000000, 1.000000000000000000, -0.000000000000000000 ) ) ;
#544 = CIRCLE ( 'NONE', #1675, 0.1000000000000002554 ) ;
#545 = ORIENTED_EDGE ( 'NONE', *, *, #345, .T. ) ;
#546 = CARTESIAN_POINT ( 'NONE',  ( 5.375000000000000000, -6.450000000000000178, -2.327802519272560655 ) ) ;
#547 = ORIENTED_EDGE ( 'NONE', *, *, #1491, .F. ) ;
#548 = CYLINDRICAL_SURFACE ( 'NONE', #2430, 0.1000000000000000472 ) ;
#549 = CARTESIAN_POINT ( 'NONE',  ( -10.77312844853384100, 2.500000000000000000, -2.115657904132659528 ) ) ;
#550 = LINE ( 'NONE', #1246, #2441 ) ;
#551 = EDGE_CURVE ( 'NONE', #891, #644, #1874, .T. ) ;
#552 = VECTOR ( 'NONE', #4084, 1000.000000000000000 ) ;
#553 = DIRECTION ( 'NONE',  ( 0.000000000000000000, 0.000000000000000000, -1.000000000000000000 ) ) ;
#554 = VERTEX_POINT ( 'NONE', #3730 ) ;
#555 = VERTEX_POINT ( 'NONE', #724 ) ;
#556 = LINE ( 'NONE', #1982, #4646 ) ;
#557 = CARTESIAN_POINT ( 'NONE',  ( 6.670394372394468974, 4.899999999999998579, 1.913170841611445017 ) ) ;
#558 = VECTOR ( 'NONE', #4010, 1000.000000000000000 ) ;
#559 = B_SPLINE_CURVE_WITH_KNOTS ( 'NONE', 2,
 ( #2401, #583, #2029 ),
 .UNSPECIFIED., .F., .F.,
 ( 3, 3 ),
 ( 0.000000000000000000, 1.000000000000000000 ),
 .UNSPECIFIED. ) ;
#560 = ADVANCED_FACE ( 'NONE', ( #3351 ), #1463, .F. ) ;
#561 = ADVANCED_FACE ( 'NONE', ( #3690 ), #1132, .F. ) ;
#562 = PLANE ( 'NONE',  #4127 ) ;
#563 = CARTESIAN_POINT ( 'NONE',  ( -6.153508179492588326, -4.649999999993454480, 2.574139974531937103 ) ) ;
#564 = ORIENTED_EDGE ( 'NONE', *, *, #3330, .T. ) ;
#565 = CARTESIAN_POINT ( 'NONE',  ( 5.748066477745160441, 4.649999999999999467, 5.900000000000002132 ) ) ;
#566 = EDGE_CURVE ( 'NONE', #2708, #3948, #752, .T. ) ;
#567 = CARTESIAN_POINT ( 'NONE',  ( 0.4000000000000000222, 0.5999999999999999778, 0.000000000000000000 ) ) ;
#568 = EDGE_LOOP ( 'NONE', ( #2858, #4525, #1484, #94, #2840, #2257, #1021, #2108 ) ) ;
#569 = LINE ( 'NONE', #3260, #61 ) ;
#570 = UNCERTAINTY_MEASURE_WITH_UNIT (LENGTH_MEASURE( 1.000000000000000082E-05 ), #4103, 'distance_accuracy_value', 'NONE');
#571 = ORIENTED_EDGE ( 'NONE', *, *, #3102, .F. ) ;
#572 = DIRECTION ( 'NONE',  ( -1.000000000000000000, -4.130293990420970006E-17, 0.000000000000000000 ) ) ;
#573 = VERTEX_POINT ( 'NONE', #4167 ) ;
#574 = DIRECTION ( 'NONE',  ( -0.000000000000000000, 0.000000000000000000, 1.000000000000000000 ) ) ;
#575 = DIRECTION ( 'NONE',  ( 0.000000000000000000, 0.000000000000000000, -1.000000000000000000 ) ) ;
#576 = CARTESIAN_POINT ( 'NONE',  ( 0.000000000000000000, 2.500000000000000000, -8.099999999999999645 ) ) ;
#577 = ORIENTED_EDGE ( 'NONE', *, *, #1106, .F. ) ;
#578 = CARTESIAN_POINT ( 'NONE',  ( -6.154572813847980939, 4.750000000000000000, 2.474032419457948606 ) ) ;
#579 = CARTESIAN_POINT ( 'NONE',  ( -7.431096411691572534, 5.000000000000000000, 2.000000000000000000 ) ) ;
#580 = CARTESIAN_POINT ( 'NONE',  ( -9.107277510893236894, 2.500000000000000000, -8.099999999999999645 ) ) ;
#581 = ADVANCED_FACE ( 'NONE', ( #4506 ), #947, .F. ) ;
#582 = DIRECTION ( 'NONE',  ( -1.000000000000000000, 0.000000000000000000, 0.000000000000000000 ) ) ;
#583 = CARTESIAN_POINT ( 'NONE',  ( 2.508798386125880686, -1.999999999999999112, 4.516333434699774330 ) ) ;
#584 = EDGE_CURVE ( 'NONE', #373, #1796, #3758, .T. ) ;
#585 = CARTESIAN_POINT ( 'NONE',  ( -7.331096411691572001, -5.000000000000000000, 1.269279395977619185 ) ) ;
#586 = CARTESIAN_POINT ( 'NONE',  ( 3.137131571921193629, -4.650000000000002132, 4.813740763060870620 ) ) ;
#587 = ADVANCED_FACE ( 'NONE', ( #2004 ), #332, .T. ) ;
#588 = DIRECTION ( 'NONE',  ( 0.000000000000000000, -1.000000000000000000, 0.000000000000000000 ) ) ;
#589 = DIRECTION ( 'NONE',  ( 0.000000000000000000, 8.673617379884030739E-15, -1.000000000000000000 ) ) ;
#590 = ORIENTED_EDGE ( 'NONE', *, *, #1399, .T. ) ;
#591 = CARTESIAN_POINT ( 'NONE',  ( -7.231096411691571468, -5.000000000000000000, 0.000000000000000000 ) ) ;
#592 = PRESENTATION_STYLE_ASSIGNMENT (( #3104 ) ) ;
#593 = AXIS2_PLACEMENT_3D ( 'NONE', #3432, #4154, #4538 ) ;
#594 = ORIENTED_EDGE ( 'NONE', *, *, #291, .F. ) ;
#595 = CARTESIAN_POINT ( 'NONE',  ( -7.225280016424991736, 4.649999999999999467, 2.636584176193800033 ) ) ;
#596 = DIRECTION ( 'NONE',  ( 2.606624927243805472E-14, -1.000000000000000000, 0.000000000000000000 ) ) ;
#597 = DIRECTION ( 'NONE',  ( 0.000000000000000000, 0.000000000000000000, 1.000000000000000000 ) ) ;
#598 =( NAMED_UNIT ( * ) PLANE_ANGLE_UNIT ( ) SI_UNIT ( $, .RADIAN. ) );
#599 = DIRECTION ( 'NONE',  ( 1.000000000000000000, 0.000000000000000000, 0.000000000000000000 ) ) ;
#600 = LINE ( 'NONE', #2860, #3565 ) ;
#601 = VECTOR ( 'NONE', #1500, 1000.000000000000000 ) ;
#602 = CARTESIAN_POINT ( 'NONE',  ( 9.750000000000000000, 6.450000000000000178, -8.099999999999999645 ) ) ;
#603 = PRESENTATION_LAYER_ASSIGNMENT (  '', '', ( #762 ) ) ;
#604 = CARTESIAN_POINT ( 'NONE',  ( 4.625000000000000000, -6.825078385935131386, 2.168404344971008868E-16 ) ) ;
#605 = ORIENTED_EDGE ( 'NONE', *, *, #1984, .T. ) ;
#606 = CIRCLE ( 'NONE', #4271, 0.1999999999999996503 ) ;
#607 = EDGE_CURVE ( 'NONE', #977, #4332, #4035, .T. ) ;
#608 = CARTESIAN_POINT ( 'NONE',  ( 0.000000000000000000, 4.899999999999998579, 1.169279395977619318 ) ) ;
#609 = VECTOR ( 'NONE', #4447, 1000.000000000000000 ) ;
#610 = PRESENTATION_LAYER_ASSIGNMENT (  '', '', ( #5 ) ) ;
#611 = LINE ( 'NONE', #2772, #2689 ) ;
#612 = CARTESIAN_POINT ( 'NONE',  ( -7.231096411691571468, -4.649999999999998579, 2.536753471768243173 ) ) ;
#613 = DIRECTION ( 'NONE',  ( -1.000000000000000000, 0.000000000000000000, 0.000000000000000000 ) ) ;
#614 = ORIENTED_EDGE ( 'NONE', *, *, #4061, .T. ) ;
#615 = TOROIDAL_SURFACE ( 'NONE', #928, 0.2000000000000000111, 0.1000000000000000056 ) ;
#616 = UNCERTAINTY_MEASURE_WITH_UNIT (LENGTH_MEASURE( 1.000000000000000082E-05 ), #4691, 'distance_accuracy_value', 'NONE');
#617 = VECTOR ( 'NONE', #2616, 1000.000000000000000 ) ;
#618 = ORIENTED_EDGE ( 'NONE', *, *, #221, .T. ) ;
#619 = PRESENTATION_STYLE_ASSIGNMENT (( #1720 ) ) ;
#620 = LINE ( 'NONE', #2071, #990 ) ;
#621 = LINE ( 'NONE', #2092, #2524 ) ;
#622 = AXIS2_PLACEMENT_3D ( 'NONE', #739, #4039, #3099 ) ;
#623 = DIRECTION ( 'NONE',  ( -1.000000000000000000, -0.000000000000000000, -0.000000000000000000 ) ) ;
#624 = ORIENTED_EDGE ( 'NONE', *, *, #2873, .T. ) ;
#625 = ORIENTED_EDGE ( 'NONE', *, *, #3242, .F. ) ;
#626 = FACE_OUTER_BOUND ( 'NONE', #480, .T. ) ;
#627 = CARTESIAN_POINT ( 'NONE',  ( 10.49999999999999822, 7.500000000000001776, 0.000000000000000000 ) ) ;
#628 = CIRCLE ( 'NONE', #4293, 0.1000000000000002692 ) ;
#629 = PLANE ( 'NONE',  #1370 ) ;
#630 = VECTOR ( 'NONE', #2065, 1000.000000000000000 ) ;
#631 = ORIENTED_EDGE ( 'NONE', *, *, #4678, .T. ) ;
#632 = LINE ( 'NONE', #2085, #452 ) ;
#633 = CARTESIAN_POINT ( 'NONE',  ( 5.748066477745162217, 4.649999999999999467, 6.000000000000000000 ) ) ;
#634 = EDGE_LOOP ( 'NONE', ( #2310, #1893, #2567, #163 ) ) ;
#635 = EDGE_CURVE ( 'NONE', #265, #2440, #2715, .T. ) ;
#636 = EDGE_LOOP ( 'NONE', ( #4203, #1363, #3642, #27, #4011, #1176, #4299, #1797, #3826, #335, #1088, #4324, #2379, #844, #4000, #3217, #4605, #4177, #547, #801, #1124, #3014, #2439, #520 ) ) ;
#637 = LINE ( 'NONE', #1072, #3347 ) ;
#638 = ORIENTED_EDGE ( 'NONE', *, *, #4201, .T. ) ;
#639 = SURFACE_STYLE_USAGE ( .BOTH. , #4250 ) ;
#640 = CARTESIAN_POINT ( 'NONE',  ( 6.619518679845523224, 4.899999999999999467, 1.169279395977619318 ) ) ;
#641 = EDGE_CURVE ( 'NONE', #1108, #1633, #556, .T. ) ;
#642 = CARTESIAN_POINT ( 'NONE',  ( 6.719344519258355852, -4.899999999999999467, 1.275178699794456527 ) ) ;
#643 = ORIENTED_EDGE ( 'NONE', *, *, #822, .F. ) ;
#644 = VERTEX_POINT ( 'NONE', #173 ) ;
#645 = DIRECTION ( 'NONE',  ( -1.000000000000000000, 0.000000000000000000, 0.000000000000000000 ) ) ;
#646 = PLANE ( 'NONE',  #2989 ) ;
#647 = LINE ( 'NONE', #4257, #293 ) ;
#648 = EDGE_CURVE ( 'NONE', #3556, #4153, #2578, .T. ) ;
#649 = ADVANCED_FACE ( 'NONE', ( #3473 ), #1272, .T. ) ;
#650 = ORIENTED_EDGE ( 'NONE', *, *, #3913, .T. ) ;
#651 = FILL_AREA_STYLE_COLOUR ( '', #1977 ) ;
#652 = ORIENTED_EDGE ( 'NONE', *, *, #2424, .T. ) ;
#653 = LINE ( 'NONE', #268, #2745 ) ;
#654 = ORIENTED_EDGE ( 'NONE', *, *, #169, .F. ) ;
#655 = ORIENTED_EDGE ( 'NONE', *, *, #4543, .T. ) ;
#656 = CARTESIAN_POINT ( 'NONE',  ( -2.636491213797735433, -1.197043954995129278, 2.859416100447639053 ) ) ;
#657 = EDGE_LOOP ( 'NONE', ( #3307, #1461, #474 ) ) ;
#658 = PRESENTATION_STYLE_ASSIGNMENT (( #639 ) ) ;
#659 = LINE ( 'NONE', #4664, #840 ) ;
#660 = EDGE_CURVE ( 'NONE', #554, #1186, #600, .T. ) ;
#661 = DIRECTION ( 'NONE',  ( -0.3244153575419170821, 0.000000000000000000, 0.9459147296616909895 ) ) ;
#662 = ORIENTED_EDGE ( 'NONE', *, *, #3409, .T. ) ;
#663 = VERTEX_POINT ( 'NONE', #1335 ) ;
#664 =( LENGTH_UNIT ( ) NAMED_UNIT ( * ) SI_UNIT ( .MILLI., .METRE. ) );
#665 = CARTESIAN_POINT ( 'NONE',  ( 6.619518679845521447, -4.650000000000001243, 1.269279395977620739 ) ) ;
#666 = CARTESIAN_POINT ( 'NONE',  ( 6.590487371642245407, 5.000000000000000000, 1.684821420939968561 ) ) ;
#667 = MECHANICAL_DESIGN_GEOMETRIC_PRESENTATION_REPRESENTATION (  '', ( #1801 ), #1282 ) ;
#668 = ORIENTED_EDGE ( 'NONE', *, *, #2750, .T. ) ;
#669 = ADVANCED_FACE ( 'NONE', ( #4235 ), #726, .F. ) ;
#670 = DIRECTION ( 'NONE',  ( 0.000000000000000000, -0.000000000000000000, 1.000000000000000000 ) ) ;
#671 = VECTOR ( 'NONE', #1191, 1000.000000000000000 ) ;
#672 = ORIENTED_EDGE ( 'NONE', *, *, #1460, .F. ) ;
#673 = VERTEX_POINT ( 'NONE', #4643 ) ;
#674 = VECTOR ( 'NONE', #2918, 1000.000000000000000 ) ;
#675 = LINE ( 'NONE', #1437, #3748 ) ;
#676 = CARTESIAN_POINT ( 'NONE',  ( 6.666826562453660898, -4.932993358633495973, 1.891241721126460940 ) ) ;
#677 = CIRCLE ( 'NONE', #2983, 0.1000000000000002554 ) ;
#678 = FACE_OUTER_BOUND ( 'NONE', #1179, .T. ) ;
#679 = FACE_OUTER_BOUND ( 'NONE', #2704, .T. ) ;
#680 = ORIENTED_EDGE ( 'NONE', *, *, #3974, .T. ) ;
#681 = AXIS2_PLACEMENT_3D ( 'NONE', #3837, #923, #3115 ) ;
#682 = LINE ( 'NONE', #3080, #1604 ) ;
#683 = ORIENTED_EDGE ( 'NONE', *, *, #1048, .T. ) ;
#684 = LINE ( 'NONE', #4274, #781 ) ;
#686 = ORIENTED_EDGE ( 'NONE', *, *, #2244, .T. ) ;
#685 = VECTOR ( 'NONE', #2710, 1000.000000000000000 ) ;
#687 = DIRECTION ( 'NONE',  ( 1.000000000000000000, -2.602085213965204015E-14, 0.000000000000000000 ) ) ;
#688 = CARTESIAN_POINT ( 'NONE',  ( -9.750000000000000000, 6.450000000000000178, 0.000000000000000000 ) ) ;
#689 = AXIS2_PLACEMENT_3D ( 'NONE', #1120, #2545, #735 ) ;
#690 = LINE ( 'NONE', #4281, #2602 ) ;
#691 = ORIENTED_EDGE ( 'NONE', *, *, #64, .F. ) ;
#692 = ORIENTED_EDGE ( 'NONE', *, *, #705, .F. ) ;
#693 = LINE ( 'NONE', #1426, #2824 ) ;
#694 = CARTESIAN_POINT ( 'NONE',  ( 6.624128812258686771, 5.100000000000242117, 2.000000000000000000 ) ) ;
#695 = CARTESIAN_POINT ( 'NONE',  ( 9.000000000000000000, -6.450000000000000178, 0.000000000000000000 ) ) ;
#696 = CIRCLE ( 'NONE', #3370, 0.1000000000000002554 ) ;
#697 = EDGE_CURVE ( 'NONE', #1653, #1631, #1358, .T. ) ;
#698 = FILL_AREA_STYLE ('',( #3306 ) ) ;
#699 = EDGE_LOOP ( 'NONE', ( #3844, #49, #2880, #333 ) ) ;
#700 = EDGE_LOOP ( 'NONE', ( #2219, #3091, #959, #3378 ) ) ;
#701 = CARTESIAN_POINT ( 'NONE',  ( 6.224538230303513942, 4.750000000000000000, 4.400593138238138025 ) ) ;
#702 = CARTESIAN_POINT ( 'NONE',  ( 0.1913750119117907100, -4.650000000000002132, 3.525347785289078661 ) ) ;
#703 = ORIENTED_EDGE ( 'NONE', *, *, #1712, .T. ) ;
#704 = CIRCLE ( 'NONE', #4374, 0.1000000000000005190 ) ;
#705 = EDGE_CURVE ( 'NONE', #1349, #1566, #3139, .T. ) ;
#706 = CARTESIAN_POINT ( 'NONE',  ( -7.231096411691571468, -4.750000000000000000, 2.536753471768243173 ) ) ;
#707 = DIRECTION ( 'NONE',  ( -8.077106835843415166E-16, 1.000000000000000000, 8.673617379883994451E-15 ) ) ;
#708 = DIRECTION ( 'NONE',  ( -2.256949153578740896E-28, 8.673617379883861923E-15, 1.000000000000000000 ) ) ;
#709 = ORIENTED_EDGE ( 'NONE', *, *, #1017, .T. ) ;
#710 = EDGE_CURVE ( 'NONE', #3662, #2176, #1508, .T. ) ;
#711 = VERTEX_POINT ( 'NONE', #2479 ) ;
#712 = DIRECTION ( 'NONE',  ( 0.000000000000000000, 0.000000000000000000, 1.000000000000000000 ) ) ;
#713 = VERTEX_POINT ( 'NONE', #1010 ) ;
#714 = CARTESIAN_POINT ( 'NONE',  ( -10.49999999999999822, -7.500000000000000888, 2.000000000000000000 ) ) ;
#715 = ORIENTED_EDGE ( 'NONE', *, *, #194, .F. ) ;
#716 = DIRECTION ( 'NONE',  ( -0.3244153575419170821, 0.000000000000000000, 0.9459147296616909895 ) ) ;
#717 = ORIENTED_EDGE ( 'NONE', *, *, #1942, .F. ) ;
#718 = CARTESIAN_POINT ( 'NONE',  ( -7.000000000000000888, 6.450000000000000178, 0.000000000000000000 ) ) ;
#719 = CARTESIAN_POINT ( 'NONE',  ( -4.115780601302570396, -0.7487256808894554583, 2.674504923995393746 ) ) ;
#720 = DIRECTION ( 'NONE',  ( 0.000000000000000000, -1.000000000000000000, 0.000000000000000000 ) ) ;
#721 = ORIENTED_EDGE ( 'NONE', *, *, #1548, .F. ) ;
#722 = ADVANCED_FACE ( 'NONE', ( #212 ), #3922, .F. ) ;
#723 = VERTEX_POINT ( 'NONE', #3941 ) ;
#724 = CARTESIAN_POINT ( 'NONE',  ( 5.843370292992684512, -4.650000000000002132, 5.930285025990841952 ) ) ;
#725 = ORIENTED_EDGE ( 'NONE', *, *, #1564, .T. ) ;
#726 = B_SPLINE_SURFACE_WITH_KNOTS ( 'NONE', 2, 1, ( 
 ( #3493, #2834 ),
 ( #3969, #261 ),
 ( #3177, #3904 ) ),
 .UNSPECIFIED., .F., .F., .F.,
 ( 3, 3 ),
 ( 2, 2 ),
 ( 0.3318665764151134123, 0.3814774063548218019 ),
 ( 0.000000000000000000, 1.000000000000000000 ),
 .UNSPECIFIED. ) ;
#727 = B_SPLINE_CURVE_WITH_KNOTS ( 'NONE', 3,
 ( #4694, #365, #2887, #4056, #2182, #782, #2914, #2538, #1738, #2234, #1060, #706 ),
 .UNSPECIFIED., .F., .F.,
 ( 4, 2, 2, 2, 2, 4 ),
 ( 0.000000000000000000, 0.001617167276083321219, 0.003234334552166642437, 0.006468669104333284875, 0.009703003656499927312, 0.01293733820866656975 ),
 .UNSPECIFIED. ) ;
#728 = CARTESIAN_POINT ( 'NONE',  ( -9.750000000000000000, 6.450000000000000178, -8.099999999999999645 ) ) ;
#729 = ORIENTED_EDGE ( 'NONE', *, *, #339, .F. ) ;
#730 = ADVANCED_FACE ( 'NONE', ( #2022 ), #338, .F. ) ;
#731 = DIRECTION ( 'NONE',  ( 0.000000000000000000, -0.000000000000000000, 1.000000000000000000 ) ) ;
#732 = CARTESIAN_POINT ( 'NONE',  ( 9.107277510893236894, -2.500000000000000000, -0.000000000000000000 ) ) ;
#733 =( NAMED_UNIT ( * ) PLANE_ANGLE_UNIT ( ) SI_UNIT ( $, .RADIAN. ) );
#734 = VERTEX_POINT ( 'NONE', #3303 ) ;
#735 = DIRECTION ( 'NONE',  ( 0.000000000000000000, 0.7125414071912269387, 0.7016300613841643941 ) ) ;
#736 = EDGE_CURVE ( 'NONE', #4, #1574, #2606, .T. ) ;
#737 = EDGE_CURVE ( 'NONE', #527, #2128, #2198, .T. ) ;
#738 = ORIENTED_EDGE ( 'NONE', *, *, #876, .F. ) ;
#739 = CARTESIAN_POINT ( 'NONE',  ( -7.000000000000000888, 6.450000000000000178, 0.000000000000000000 ) ) ;
#740 = CARTESIAN_POINT ( 'NONE',  ( -2.632441629038445363, 0.1206754495773332270, 2.860589919752982269 ) ) ;
#741 = ORIENTED_EDGE ( 'NONE', *, *, #3270, .F. ) ;
#742 = CARTESIAN_POINT ( 'NONE',  ( 5.375000000000000000, -6.825078385935131386, 2.168404344971008868E-16 ) ) ;
#743 = ORIENTED_EDGE ( 'NONE', *, *, #2075, .T. ) ;
#744 = CARTESIAN_POINT ( 'NONE',  ( 2.841557181416618505, -1.999999999999999112, 4.691193810440314138 ) ) ;
#745 = CARTESIAN_POINT ( 'NONE',  ( 6.571192588896067832, 5.000000000000000000, 1.899999999999999911 ) ) ;
#746 = VECTOR ( 'NONE', #4228, 1000.000000000000000 ) ;
#747 = DIRECTION ( 'NONE',  ( 0.000000000000000000, -1.000000000000000000, 0.000000000000000000 ) ) ;
#748 = EDGE_LOOP ( 'NONE', ( #2691, #2948, #3400, #594 ) ) ;
#749 = ORIENTED_EDGE ( 'NONE', *, *, #648, .F. ) ;
#750 = SURFACE_STYLE_USAGE ( .BOTH. , #1907 ) ;
#751 = DIRECTION ( 'NONE',  ( -0.000000000000000000, -1.000000000000000000, -0.000000000000000000 ) ) ;
#752 = CIRCLE ( 'NONE', #283, 0.09999999999999968636 ) ;
#753 = DIRECTION ( 'NONE',  ( 0.000000000000000000, -1.000000000000000000, 0.000000000000000000 ) ) ;
#754 = LINE ( 'NONE', #422, #3949 ) ;
#755 = CARTESIAN_POINT ( 'NONE',  ( 4.625000000000000000, 6.825078385935131386, -1.958467813539574776 ) ) ;
#756 = DIRECTION ( 'NONE',  ( -1.000000000000000000, 0.000000000000000000, -0.000000000000000000 ) ) ;
#757 = VECTOR ( 'NONE', #2581, 1000.000000000000000 ) ;
#758 = EDGE_LOOP ( 'NONE', ( #1199, #172, #3165, #1945 ) ) ;
#759 = EDGE_CURVE ( 'NONE', #2176, #1953, #202, .T. ) ;
#760 = EDGE_LOOP ( 'NONE', ( #1462, #2321, #1077, #2323 ) ) ;
#761 = DIRECTION ( 'NONE',  ( 0.000000000000000000, -3.469446951953605354E-14, -1.000000000000000000 ) ) ;
#762 = STYLED_ITEM ( 'NONE', ( #4609 ), #1576 ) ;
#763 = EDGE_LOOP ( 'NONE', ( #2539, #3961, #4373, #3249 ) ) ;
#764 = FACE_OUTER_BOUND ( 'NONE', #1775, .T. ) ;
#765 = ORIENTED_EDGE ( 'NONE', *, *, #4130, .T. ) ;
#766 = SURFACE_STYLE_USAGE ( .BOTH. , #3320 ) ;
#767 = ORIENTED_EDGE ( 'NONE', *, *, #4610, .F. ) ;
#768 = CIRCLE ( 'NONE', #2210, 0.1000000000000002554 ) ;
#769 = EDGE_CURVE ( 'NONE', #2506, #2305, #1529, .T. ) ;
#770 = FILL_AREA_STYLE_COLOUR ( '', #1822 ) ;
#771 = VECTOR ( 'NONE', #1457, 1000.000000000000000 ) ;
#772 = CARTESIAN_POINT ( 'NONE',  ( -7.231096411691571468, -4.649999999999998579, 0.000000000000000000 ) ) ;
#773 = AXIS2_PLACEMENT_3D ( 'NONE', #2050, #623, #3451 ) ;
#774 = LINE ( 'NONE', #2224, #1509 ) ;
#775 = SURFACE_STYLE_USAGE ( .BOTH. , #2582 ) ;
#776 = DIRECTION ( 'NONE',  ( 1.000000000000000000, 0.000000000000000000, 0.000000000000000000 ) ) ;
#777 = EDGE_CURVE ( 'NONE', #2533, #891, #3996, .T. ) ;
#778 = VECTOR ( 'NONE', #4594, 1000.000000000000000 ) ;
#779 = VERTEX_POINT ( 'NONE', #744 ) ;
#780 = FACE_OUTER_BOUND ( 'NONE', #3810, .T. ) ;
#781 = VECTOR ( 'NONE', #4300, 1000.000000000000000 ) ;
#782 = CARTESIAN_POINT ( 'NONE',  ( 1.237455648914358886, -4.749999999999998224, 3.803404269137830251 ) ) ;
#783 = ORIENTED_EDGE ( 'NONE', *, *, #3683, .T. ) ;
#784 = DIRECTION ( 'NONE',  ( 0.000000000000000000, -1.000000000000000000, 0.000000000000000000 ) ) ;
#785 = ORIENTED_EDGE ( 'NONE', *, *, #1111, .F. ) ;
#786 = MECHANICAL_DESIGN_GEOMETRIC_PRESENTATION_REPRESENTATION (  '', ( #2380 ), #314 ) ;
#787 = CARTESIAN_POINT ( 'NONE',  ( 5.003459688678355555, -4.749999999999998224, 5.900000000000023448 ) ) ;
#788 = ORIENTED_EDGE ( 'NONE', *, *, #1277, .F. ) ;
#789 = DIRECTION ( 'NONE',  ( -1.000000000000000000, 0.000000000000000000, 0.000000000000000000 ) ) ;
#790 = EDGE_CURVE ( 'NONE', #3054, #1523, #1850, .T. ) ;
#791 = PRODUCT_DEFINITION_FORMATION_WITH_SPECIFIED_SOURCE ( 'ANY', '', #4246, .NOT_KNOWN. ) ;
#792 = DIRECTION ( 'NONE',  ( -1.000000000000000000, -0.000000000000000000, -0.000000000000000000 ) ) ;
#793 = B_SPLINE_CURVE_WITH_KNOTS ( 'NONE', 3,
 ( #3527, #1713, #2507, #4291, #2058, #1781, #1056, #245, #2794, #1694, #1340, #3166 ),
 .UNSPECIFIED., .F., .F.,
 ( 4, 2, 2, 2, 2, 4 ),
 ( 0.000000000000000000, 0.003234867637489127670, 0.006469735274978255339, 0.009704602912467382575, 0.01132203673121194749, 0.01293947054995651068 ),
 .UNSPECIFIED. ) ;
#794 = EDGE_LOOP ( 'NONE', ( #2156, #4116, #2453, #2162 ) ) ;
#795 = FACE_BOUND ( 'NONE', #2972, .T. ) ;
#796 = EDGE_CURVE ( 'NONE', #4382, #3957, #3003, .T. ) ;
#797 = CARTESIAN_POINT ( 'NONE',  ( 6.750194534535166824, -5.004676332480991086, 2.000000000000000000 ) ) ;
#798 = FACE_OUTER_BOUND ( 'NONE', #3892, .T. ) ;
#799 = CARTESIAN_POINT ( 'NONE',  ( 6.672498257678842748, 4.900000000000000355, 1.890727846355832575 ) ) ;
#800 = CARTESIAN_POINT ( 'NONE',  ( -6.152077815026858687, 4.650000000000001243, 2.574056637795442803 ) ) ;
#801 = ORIENTED_EDGE ( 'NONE', *, *, #1078, .T. ) ;
#802 = EDGE_CURVE ( 'NONE', #3620, #1523, #693, .T. ) ;
#803 = FILL_AREA_STYLE ('',( #417 ) ) ;
#804 = EDGE_CURVE ( 'NONE', #1631, #84, #329, .T. ) ;
#805 = CARTESIAN_POINT ( 'NONE',  ( -8.250900724130918462, -2.500000000000000000, 2.829767657195834119 ) ) ;
#806 = EDGE_LOOP ( 'NONE', ( #3578, #4158, #1390, #1882 ) ) ;
#807 =( NAMED_UNIT ( * ) PLANE_ANGLE_UNIT ( ) SI_UNIT ( $, .RADIAN. ) );
#808 = CARTESIAN_POINT ( 'NONE',  ( 5.375000000000000000, 6.450000000000000178, 0.000000000000000000 ) ) ;
#809 = EDGE_LOOP ( 'NONE', ( #3868, #3342, #31 ) ) ;
#810 = DIRECTION ( 'NONE',  ( 0.000000000000000000, 0.000000000000000000, -1.000000000000000000 ) ) ;
#811 = CARTESIAN_POINT ( 'NONE',  ( 6.606508773674859114, -5.000000000000000000, 1.474566526120838716 ) ) ;
#812 = CARTESIAN_POINT ( 'NONE',  ( -10.50000000000000178, 7.500000000000000000, 0.000000000000000000 ) ) ;
#813 = FACE_OUTER_BOUND ( 'NONE', #3833, .T. ) ;
#814 = VERTEX_POINT ( 'NONE', #2147 ) ;
#815 = ADVANCED_FACE ( 'NONE', ( #3274 ), #1827, .F. ) ;
#816 =( NAMED_UNIT ( * ) SI_UNIT ( $, .STERADIAN. ) SOLID_ANGLE_UNIT ( ) );
#817 = LINE ( 'NONE', #4455, #3114 ) ;
#818 = UNCERTAINTY_MEASURE_WITH_UNIT (LENGTH_MEASURE( 1.000000000000000082E-05 ), #2804, 'distance_accuracy_value', 'NONE');
#819 = DIRECTION ( 'NONE',  ( 0.000000000000000000, 0.000000000000000000, 1.000000000000000000 ) ) ;
#820 = CARTESIAN_POINT ( 'NONE',  ( 0.4000000000000000222, -11.15000000000000036, 0.000000000000000000 ) ) ;
#821 = CARTESIAN_POINT ( 'NONE',  ( 0.000000000000000000, 0.000000000000000000, 0.000000000000000000 ) ) ;
#822 = EDGE_CURVE ( 'NONE', #287, #2533, #354, .T. ) ;
#823 = CARTESIAN_POINT ( 'NONE',  ( 4.945780671386379446, 4.649999999999999467, 5.981689234077912865 ) ) ;
#824 = ORIENTED_EDGE ( 'NONE', *, *, #1698, .F. ) ;
#825 = DIRECTION ( 'NONE',  ( -0.000000000000000000, 0.7125414071912269387, -0.7016300613841642830 ) ) ;
#826 = CARTESIAN_POINT ( 'NONE',  ( 5.003459688678321804, 4.649999999999999467, 6.000000000000000000 ) ) ;
#827 = DIRECTION ( 'NONE',  ( 0.000000000000000000, 0.000000000000000000, -1.000000000000000000 ) ) ;
#828 = AXIS2_PLACEMENT_3D ( 'NONE', #3160, #4669, #1385 ) ;
#829 =( NAMED_UNIT ( * ) PLANE_ANGLE_UNIT ( ) SI_UNIT ( $, .RADIAN. ) );
#830 = AXIS2_PLACEMENT_3D ( 'NONE', #2114, #2473, #3848 ) ;
#831 = SURFACE_STYLE_FILL_AREA ( #4541 ) ;
#832 = LINE ( 'NONE', #859, #1583 ) ;
#833 = ORIENTED_EDGE ( 'NONE', *, *, #4470, .F. ) ;
#834 = CIRCLE ( 'NONE', #3503, 0.1000000000000000472 ) ;
#835 = SURFACE_SIDE_STYLE ('',( #2245 ) ) ;
#836 = DIRECTION ( 'NONE',  ( 0.000000000000000000, 0.000000000000000000, -1.000000000000000000 ) ) ;
#837 = VERTEX_POINT ( 'NONE', #2932 ) ;
#838 = DIRECTION ( 'NONE',  ( 1.000000000000000000, 0.000000000000000000, -0.000000000000000000 ) ) ;
#839 = LINE ( 'NONE', #1828, #88 ) ;
#840 = VECTOR ( 'NONE', #2856, 1000.000000000000000 ) ;
#841 = CARTESIAN_POINT ( 'NONE',  ( -2.804243512746386724, 1.310093335728082398, 2.832159443320995340 ) ) ;
#842 = STYLED_ITEM ( 'NONE', ( #4521 ), #3613 ) ;
#843 = CARTESIAN_POINT ( 'NONE',  ( 6.999999999999999112, -5.000000000000000000, 0.000000000000000000 ) ) ;
#844 = ORIENTED_EDGE ( 'NONE', *, *, #802, .T. ) ;
#845 = CARTESIAN_POINT ( 'NONE',  ( 4.945780671386379446, 4.749999999999999112, 5.981689234077912865 ) ) ;
#846 = CARTESIAN_POINT ( 'NONE',  ( 9.000000000000000000, 5.000000000000000000, -12.59999999999999964 ) ) ;
#847 = EDGE_CURVE ( 'NONE', #3031, #644, #4384, .T. ) ;
#848 = AXIS2_PLACEMENT_3D ( 'NONE', #3397, #126, #1571 ) ;
#849 = STYLED_ITEM ( 'NONE', ( #2363 ), #2805 ) ;
#850 = ORIENTED_EDGE ( 'NONE', *, *, #502, .T. ) ;
#851 = CARTESIAN_POINT ( 'NONE',  ( -7.231096411691571468, -4.899999999999999467, 1.269279395977619185 ) ) ;
#852 = CARTESIAN_POINT ( 'NONE',  ( -9.000000000000000000, -5.000000000000000000, -12.59999999999999964 ) ) ;
#853 = LINE ( 'NONE', #900, #1959 ) ;
#854 = VECTOR ( 'NONE', #28, 1000.000000000000000 ) ;
#855 = DIRECTION ( 'NONE',  ( 0.000000000000000000, 0.000000000000000000, -1.000000000000000000 ) ) ;
#856 = EDGE_LOOP ( 'NONE', ( #3472, #1058, #1131, #3713, #3465, #3386, #2714, #655, #4707, #3703, #715, #1039, #1433, #4399, #3256, #2859, #4428, #1921, #3193, #2003 ) ) ;
#857 = LINE ( 'NONE', #3815, #1301 ) ;
#858 = EDGE_CURVE ( 'NONE', #1662, #287, #774, .T. ) ;
#859 = CARTESIAN_POINT ( 'NONE',  ( -9.000000000000000000, 6.450000000000000178, -12.59999999999999964 ) ) ;
#860 = ORIENTED_EDGE ( 'NONE', *, *, #4321, .T. ) ;
#861 = VECTOR ( 'NONE', #349, 1000.000000000000000 ) ;
#862 =( BOUNDED_SURFACE ( )  B_SPLINE_SURFACE ( 3, 2, ( 
 ( #3811, #156, #2307 ),
 ( #1258, #3459, #178 ),
 ( #926, #3479, #3119 ),
 ( #4582, #4224, #951 ) ),
 .UNSPECIFIED., .F., .F., .T. ) 
 B_SPLINE_SURFACE_WITH_KNOTS ( ( 4, 4 ),
 ( 3, 3 ),
 ( 0.0009467394131013140510, 0.005668759641999655471 ),
 ( 0.000000000000000000, 1.000000000000000000 ),
 .UNSPECIFIED. ) 
 GEOMETRIC_REPRESENTATION_ITEM ( )  RATIONAL_B_SPLINE_SURFACE ( (
 ( 1.000000000000000000, 0.7071067811865444641, 1.000000000000000000),
 ( 1.000000000000000000, 0.7071067811865444641, 1.000000000000000000),
 ( 1.000000000000000000, 0.7071067811865505703, 1.000000000000000000),
 ( 1.000000000000000000, 0.7071067811865505703, 1.000000000000000000) ) ) 
 REPRESENTATION_ITEM ( '' )  SURFACE ( )  );
#863 =( GEOMETRIC_REPRESENTATION_CONTEXT ( 3 ) GLOBAL_UNCERTAINTY_ASSIGNED_CONTEXT ( ( #2779 ) ) GLOBAL_UNIT_ASSIGNED_CONTEXT ( ( #4442, #733, #3641 ) ) REPRESENTATION_CONTEXT ( 'NONE', 'WORKASPACE' ) );
#864 = DIRECTION ( 'NONE',  ( 0.000000000000000000, -1.000000000000000000, 0.000000000000000000 ) ) ;
#865 = FACE_OUTER_BOUND ( 'NONE', #201, .T. ) ;
#866 = UNCERTAINTY_MEASURE_WITH_UNIT (LENGTH_MEASURE( 1.000000000000000082E-05 ), #3765, 'distance_accuracy_value', 'NONE');
#867 = ORIENTED_EDGE ( 'NONE', *, *, #2011, .F. ) ;
#868 = CARTESIAN_POINT ( 'NONE',  ( 6.225547985087109382, 4.750000000000000000, 4.397415542136505984 ) ) ;
#869 =( NAMED_UNIT ( * ) PLANE_ANGLE_UNIT ( ) SI_UNIT ( $, .RADIAN. ) );
#870 = CARTESIAN_POINT ( 'NONE',  ( -2.072861909640857814, 0.1953429346867683325, 2.961649571628494737 ) ) ;
#871 = EDGE_LOOP ( 'NONE', ( #4396, #111, #1406, #3700 ) ) ;
#872 = CARTESIAN_POINT ( 'NONE',  ( -5.074346037873500137, 4.650000000000000355, 2.585863027332229613 ) ) ;
#873 = EDGE_LOOP ( 'NONE', ( #1283, #3221, #1209, #4520 ) ) ;
#874 = CARTESIAN_POINT ( 'NONE',  ( -2.921768804356296823, 4.750000000000000000, 2.684121874877543057 ) ) ;
#875 = DIRECTION ( 'NONE',  ( 0.000000000000000000, 0.000000000000000000, 1.000000000000000000 ) ) ;
#876 = EDGE_CURVE ( 'NONE', #394, #2243, #412, .T. ) ;
#877 = CARTESIAN_POINT ( 'NONE',  ( -10.77312844853384100, -2.500000000000000000, -2.115657904132659528 ) ) ;
#878 = CARTESIAN_POINT ( 'NONE',  ( 6.772067007299213515, -5.009356356859024473, 2.000000000000000000 ) ) ;
#879 = ORIENTED_EDGE ( 'NONE', *, *, #1106, .T. ) ;
#880 = FACE_OUTER_BOUND ( 'NONE', #3369, .T. ) ;
#881 = ORIENTED_EDGE ( 'NONE', *, *, #967, .T. ) ;
#882 = EDGE_CURVE ( 'NONE', #1600, #3199, #79, .T. ) ;
#883 = EDGE_LOOP ( 'NONE', ( #1448, #3594, #1312, #326 ) ) ;
#884 = DIRECTION ( 'NONE',  ( -1.156482317317871478E-16, 1.000000000000000000, -0.000000000000000000 ) ) ;
#885 = DIRECTION ( 'NONE',  ( 0.000000000000000000, 0.000000000000000000, -1.000000000000000000 ) ) ;
#886 = ORIENTED_EDGE ( 'NONE', *, *, #3793, .F. ) ;
#887 = ADVANCED_FACE ( 'NONE', ( #2976 ), #1152, .F. ) ;
#888 = EDGE_CURVE ( 'NONE', #3430, #1365, #3022, .T. ) ;
#889 = DIRECTION ( 'NONE',  ( -0.000000000000000000, -1.000000000000000000, -0.000000000000000000 ) ) ;
#890 = DIRECTION ( 'NONE',  ( 1.000000000000000000, 0.000000000000000000, 0.000000000000000000 ) ) ;
#891 = VERTEX_POINT ( 'NONE', #455 ) ;
#892 = PLANE ( 'NONE',  #1974 ) ;
#893 = DIRECTION ( 'NONE',  ( -0.3244153575419169711, 0.000000000000000000, -0.9459147296616911005 ) ) ;
#894 = ORIENTED_EDGE ( 'NONE', *, *, #3475, .F. ) ;
#895 = ORIENTED_EDGE ( 'NONE', *, *, #4639, .F. ) ;
#896 = CARTESIAN_POINT ( 'NONE',  ( -7.225280016424989071, 4.750000000000000000, 2.636584176193800033 ) ) ;
#897 = CARTESIAN_POINT ( 'NONE',  ( 1.026141911038240373, 2.500000000000000000, -2.991975335966797989 ) ) ;
#898 = CARTESIAN_POINT ( 'NONE',  ( 6.627918247864359458, -4.994751881209356981, 2.000000000000000000 ) ) ;
#899 = ORIENTED_EDGE ( 'NONE', *, *, #1367, .F. ) ;
#900 = CARTESIAN_POINT ( 'NONE',  ( 4.625000000000000000, -6.825078385935131386, 2.168404344971008868E-16 ) ) ;
#901 = AXIS2_PLACEMENT_3D ( 'NONE', #2580, #4019, #2526 ) ;
#902 = AXIS2_PLACEMENT_3D ( 'NONE', #116, #4394, #2986 ) ;
#903 = PLANE ( 'NONE',  #1667 ) ;
#904 = DIRECTION ( 'NONE',  ( -1.000000000000000000, -1.156482317317871478E-16, 0.000000000000000000 ) ) ;
#905 = ORIENTED_EDGE ( 'NONE', *, *, #3913, .F. ) ;
#906 = EDGE_CURVE ( 'NONE', #4552, #1662, #1901, .T. ) ;
#907 =( GEOMETRIC_REPRESENTATION_CONTEXT ( 3 ) GLOBAL_UNCERTAINTY_ASSIGNED_CONTEXT ( ( #2631 ) ) GLOBAL_UNIT_ASSIGNED_CONTEXT ( ( #1616, #4183, #2730 ) ) REPRESENTATION_CONTEXT ( 'NONE', 'WORKASPACE' ) );
#908 = LINE ( 'NONE', #2016, #3743 ) ;
#909 = CARTESIAN_POINT ( 'NONE',  ( -4.625000000000000000, 6.825078385935131386, 2.168404344971008868E-16 ) ) ;
#910 = UNCERTAINTY_MEASURE_WITH_UNIT (LENGTH_MEASURE( 1.000000000000000082E-05 ), #2956, 'distance_accuracy_value', 'NONE');
#911 = ORIENTED_EDGE ( 'NONE', *, *, #34, .T. ) ;
#912 = FACE_OUTER_BOUND ( 'NONE', #1562, .T. ) ;
#913 = LINE ( 'NONE', #1572, #3197 ) ;
#914 = CIRCLE ( 'NONE', #4580, 0.1000000000000000472 ) ;
#915 = CARTESIAN_POINT ( 'NONE',  ( -9.750000000000000000, 2.500000000000000000, 0.000000000000000000 ) ) ;
#916 = ORIENTED_EDGE ( 'NONE', *, *, #3946, .F. ) ;
#917 = EDGE_LOOP ( 'NONE', ( #3688, #2332, #3360, #680 ) ) ;
#918 = CARTESIAN_POINT ( 'NONE',  ( -5.077329625114531453, 4.649999999999999467, 2.585696495399052885 ) ) ;
#919 = DIRECTION ( 'NONE',  ( 0.000000000000000000, 0.000000000000000000, 1.000000000000000000 ) ) ;
#920 = ADVANCED_FACE ( 'NONE', ( #186 ), #1550, .F. ) ;
#921 = CIRCLE ( 'NONE', #4663, 0.1000000000000000472 ) ;
#922 = ORIENTED_EDGE ( 'NONE', *, *, #3980, .F. ) ;
#923 = DIRECTION ( 'NONE',  ( 1.000000000000000000, 0.000000000000000000, -0.000000000000000000 ) ) ;
#924 = CARTESIAN_POINT ( 'NONE',  ( -6.153508179564907365, -4.749999999990650146, 2.574139973788172941 ) ) ;
#925 = ORIENTED_EDGE ( 'NONE', *, *, #4178, .T. ) ;
#926 = CARTESIAN_POINT ( 'NONE',  ( 6.526781968826675495, -4.749999999999998224, 2.838535747529316033 ) ) ;
#927 = AXIS2_PLACEMENT_3D ( 'NONE', #665, #3923, #3905 ) ;
#928 = AXIS2_PLACEMENT_3D ( 'NONE', #2259, #3735, #468 ) ;
#929 = VECTOR ( 'NONE', #712, 1000.000000000000000 ) ;
#930 = CARTESIAN_POINT ( 'NONE',  ( 6.772067465603777592, 0.000000000000000000, 1.899999999999999467 ) ) ;
#931 = CARTESIAN_POINT ( 'NONE',  ( -7.400000000000000355, -0.5999999999999999778, -14.39999999999999325 ) ) ;
#932 = CARTESIAN_POINT ( 'NONE',  ( 4.625000000000000000, 6.825078385935131386, 2.168404344971008868E-16 ) ) ;
#933 = VECTOR ( 'NONE', #3408, 1000.000000000000000 ) ;
#934 = ORIENTED_EDGE ( 'NONE', *, *, #3300, .F. ) ;
#935 = ADVANCED_FACE ( 'NONE', ( #2295 ), #3753, .T. ) ;
#936 = PLANE ( 'NONE',  #539 ) ;
#937 = ORIENTED_EDGE ( 'NONE', *, *, #949, .F. ) ;
#938 = DIRECTION ( 'NONE',  ( -1.000000000000000000, 0.000000000000000000, -0.000000000000000000 ) ) ;
#939 = ORIENTED_EDGE ( 'NONE', *, *, #2610, .T. ) ;
#940 = DIRECTION ( 'NONE',  ( 0.000000000000000000, 0.000000000000000000, -1.000000000000000000 ) ) ;
#941 = DIRECTION ( 'NONE',  ( 0.3244153575419170821, 0.000000000000000000, -0.9459147296616909895 ) ) ;
#942 = VECTOR ( 'NONE', #3290, 1000.000000000000000 ) ;
#943 = ADVANCED_FACE ( 'NONE', ( #912 ), #2367, .F. ) ;
#944 = LINE ( 'NONE', #915, #2598 ) ;
#945 = ORIENTED_EDGE ( 'NONE', *, *, #1950, .F. ) ;
#946 = VERTEX_POINT ( 'NONE', #3373 ) ;
#947 = PLANE ( 'NONE',  #3185 ) ;
#948 = DIRECTION ( 'NONE',  ( -1.000000000000000000, 0.000000000000000000, -0.000000000000000000 ) ) ;
#949 = EDGE_CURVE ( 'NONE', #1843, #3722, #1217, .T. ) ;
#950 = CARTESIAN_POINT ( 'NONE',  ( 10.14831082805733331, -2.500000000000000000, -2.702609660302199401 ) ) ;
#951 = CARTESIAN_POINT ( 'NONE',  ( 6.719344519258354076, -4.649999999999998579, 1.275178699794458304 ) ) ;
#952 = CARTESIAN_POINT ( 'NONE',  ( -1.884903583418343631, -4.650000000000001243, 2.967189125847346176 ) ) ;
#953 = CARTESIAN_POINT ( 'NONE',  ( -2.630984967868587265, 0.000000000000000000, 2.860830414703638080 ) ) ;
#954 = ORIENTED_EDGE ( 'NONE', *, *, #2940, .F. ) ;
#955 = DIRECTION ( 'NONE',  ( 0.000000000000000000, 1.000000000000000000, 0.000000000000000000 ) ) ;
#956 = DIRECTION ( 'NONE',  ( 0.000000000000000000, -1.000000000000000000, 5.781203146549822732E-16 ) ) ;
#957 = VERTEX_POINT ( 'NONE', #3106 ) ;
#958 = DIRECTION ( 'NONE',  ( -1.000000000000000000, -0.000000000000000000, -0.000000000000000000 ) ) ;
#959 = ORIENTED_EDGE ( 'NONE', *, *, #1404, .T. ) ;
#960 = DIRECTION ( 'NONE',  ( 0.000000000000000000, 0.000000000000000000, 1.000000000000000000 ) ) ;
#961 = DIRECTION ( 'NONE',  ( -3.295974604355924897E-13, 0.000000000000000000, 1.000000000000000000 ) ) ;
#962 = CARTESIAN_POINT ( 'NONE',  ( 6.999999999999999112, 6.450000000000000178, 0.000000000000000000 ) ) ;
#963 = ORIENTED_EDGE ( 'NONE', *, *, #1399, .F. ) ;
#964 = DIRECTION ( 'NONE',  ( 0.000000000000000000, -0.7125414071912269387, -0.7016300613841642830 ) ) ;
#965 = CARTESIAN_POINT ( 'NONE',  ( 6.713243801232695596, 4.900000000000001243, 1.378412796026986742 ) ) ;
#966 = DIRECTION ( 'NONE',  ( 0.000000000000000000, -1.000000000000000000, -0.000000000000000000 ) ) ;
#967 = EDGE_CURVE ( 'NONE', #1108, #723, #4572, .T. ) ;
#968 = VERTEX_POINT ( 'NONE', #4477 ) ;
#969 = DIRECTION ( 'NONE',  ( -1.000000000000000000, 0.000000000000000000, 0.000000000000000000 ) ) ;
#970 = VERTEX_POINT ( 'NONE', #3725 ) ;
#971 = DIRECTION ( 'NONE',  ( 1.000000000000000000, 0.000000000000000000, 0.000000000000000000 ) ) ;
#972 = LINE ( 'NONE', #3502, #466 ) ;
#973 = ORIENTED_EDGE ( 'NONE', *, *, #736, .F. ) ;
#974 = CARTESIAN_POINT ( 'NONE',  ( -4.625000000000000000, -6.825078385935131386, -1.958467813539574776 ) ) ;
#975 = DIRECTION ( 'NONE',  ( -1.000000000000000000, 2.602085213965203700E-14, 0.000000000000000000 ) ) ;
#976 = LINE ( 'NONE', #1020, #2233 ) ;
#977 = VERTEX_POINT ( 'NONE', #4110 ) ;
#978 = CARTESIAN_POINT ( 'NONE',  ( -7.231096411691571468, 4.649999999999999467, 2.536753471768243173 ) ) ;
#979 = VECTOR ( 'NONE', #4475, 1000.000000000000000 ) ;
#980 = ORIENTED_EDGE ( 'NONE', *, *, #2150, .F. ) ;
#981 = SURFACE_STYLE_FILL_AREA ( #2801 ) ;
#982 = FACE_OUTER_BOUND ( 'NONE', #871, .T. ) ;
#983 = ORIENTED_EDGE ( 'NONE', *, *, #1078, .F. ) ;
#984 = CARTESIAN_POINT ( 'NONE',  ( -5.375000000000000000, -6.825078385935131386, -1.958467813539574776 ) ) ;
#985 = CARTESIAN_POINT ( 'NONE',  ( 5.003459688678321804, -4.649999999999998579, 5.899999999999999467 ) ) ;
#986 = VECTOR ( 'NONE', #2553, 1000.000000000000000 ) ;
#987 = ORIENTED_EDGE ( 'NONE', *, *, #4675, .T. ) ;
#988 = LINE ( 'NONE', #1637, #158 ) ;
#989 = CARTESIAN_POINT ( 'NONE',  ( 6.681990119809194439, 4.899999999999999467, 1.788799294444226362 ) ) ;
#990 = VECTOR ( 'NONE', #1747, 1000.000000000000000 ) ;
#991 = CARTESIAN_POINT ( 'NONE',  ( 5.843370292989923165, 4.649999999999998579, 5.930285025999535442 ) ) ;
#992 = EDGE_CURVE ( 'NONE', #1249, #1670, #4376, .T. ) ;
#993 = EDGE_LOOP ( 'NONE', ( #359, #3985, #488, #2637 ) ) ;
#994 = VECTOR ( 'NONE', #1030, 1000.000000000000000 ) ;
#995 = STYLED_ITEM ( 'NONE', ( #1869 ), #4092 ) ;
#996 = ADVANCED_FACE ( 'NONE', ( #1244 ), #548, .T. ) ;
#997 = CARTESIAN_POINT ( 'NONE',  ( 4.625000000000000000, 6.825078385935131386, -1.958467813539574776 ) ) ;
#998 = CARTESIAN_POINT ( 'NONE',  ( 6.681990119807986517, -4.900000000000001243, 1.788799294457212863 ) ) ;
#999 = VERTEX_POINT ( 'NONE', #1926 ) ;
#1000 = VECTOR ( 'NONE', #3993, 1000.000000000000000 ) ;
#1001 = ADVANCED_FACE ( 'NONE', ( #2318 ), #1570, .T. ) ;
#1002 = ADVANCED_FACE ( 'NONE', ( #982 ), #2753, .F. ) ;
#1003 = VECTOR ( 'NONE', #1486, 1000.000000000000000 ) ;
#1004 = VERTEX_POINT ( 'NONE', #2433 ) ;
#1005 = LINE ( 'NONE', #2454, #3449 ) ;
#1006 = CARTESIAN_POINT ( 'NONE',  ( -10.28249979814616566, 2.500000000000000000, -2.019306840730284325 ) ) ;
#1007 = LINE ( 'NONE', #1723, #3659 ) ;
#1008 = CYLINDRICAL_SURFACE ( 'NONE', #3288, 0.1000000000000000472 ) ;
#1009 = EDGE_LOOP ( 'NONE', ( #605, #2534, #21, #3226 ) ) ;
#1010 = CARTESIAN_POINT ( 'NONE',  ( 4.625000000000000000, -6.450000000000000178, 0.000000000000000000 ) ) ;
#1011 = DIRECTION ( 'NONE',  ( 1.000000000000000000, -0.000000000000000000, 0.000000000000000000 ) ) ;
#1012 = DIRECTION ( 'NONE',  ( 1.000000000000000000, 0.000000000000000000, -0.000000000000000000 ) ) ;
#1013 = CYLINDRICAL_SURFACE ( 'NONE', #1814, 0.1000000000000002554 ) ;
#1014 = ORIENTED_EDGE ( 'NONE', *, *, #3618, .F. ) ;
#1015 = STYLED_ITEM ( 'NONE', ( #4372 ), #3766 ) ;
#1016 = LINE ( 'NONE', #1324, #516 ) ;
#1017 = EDGE_CURVE ( 'NONE', #4473, #1296, #2077, .T. ) ;
#1018 = DIRECTION ( 'NONE',  ( -1.000000000000000000, -0.000000000000000000, -0.000000000000000000 ) ) ;
#1019 = CARTESIAN_POINT ( 'NONE',  ( 6.626213062931334719, 5.000000000000001776, 1.894909836358977584 ) ) ;
#1020 = CARTESIAN_POINT ( 'NONE',  ( -9.000000000000000000, -5.000000000000000000, 8.991260281974000179 ) ) ;
#1021 = ORIENTED_EDGE ( 'NONE', *, *, #2472, .T. ) ;
#1022 = EDGE_CURVE ( 'NONE', #3107, #3070, #299, .T. ) ;
#1023 = VERTEX_POINT ( 'NONE', #1351 ) ;
#1024 = LINE ( 'NONE', #2522, #861 ) ;
#1025 = DIRECTION ( 'NONE',  ( -0.000000000000000000, -0.000000000000000000, 1.000000000000000000 ) ) ;
#1026 = CARTESIAN_POINT ( 'NONE',  ( -0.000000000000000000, -2.500000000000000000, -8.099999999999999645 ) ) ;
#1027 = ORIENTED_EDGE ( 'NONE', *, *, #3242, .T. ) ;
#1028 = DIRECTION ( 'NONE',  ( 1.000000000000000000, 0.000000000000000000, 0.000000000000000000 ) ) ;
#1029 = CARTESIAN_POINT ( 'NONE',  ( 6.772067465603776704, 4.952942809573793959, 2.000000000000000000 ) ) ;
#1030 = DIRECTION ( 'NONE',  ( 0.000000000000000000, 0.000000000000000000, -1.000000000000000000 ) ) ;
#1031 = ORIENTED_EDGE ( 'NONE', *, *, #253, .T. ) ;
#1032 = DIRECTION ( 'NONE',  ( 0.9983070442555688206, -0.000000000000000000, -0.05816395266580382667 ) ) ;
#1033 = DIRECTION ( 'NONE',  ( 1.000000000000000000, 0.000000000000000000, 0.000000000000000000 ) ) ;
#1034 = DIRECTION ( 'NONE',  ( 0.000000000000000000, 0.000000000000000000, -1.000000000000000000 ) ) ;
#1035 = DIRECTION ( 'NONE',  ( -1.000000000000000000, 0.000000000000000000, -0.000000000000000000 ) ) ;
#1036 = DIRECTION ( 'NONE',  ( 0.000000000000000000, 1.000000000000000000, -0.000000000000000000 ) ) ;
#1037 = ORIENTED_EDGE ( 'NONE', *, *, #1309, .T. ) ;
#1038 = CARTESIAN_POINT ( 'NONE',  ( 0.000000000000000000, 6.450000000000000178, -8.099999999999999645 ) ) ;
#1039 = ORIENTED_EDGE ( 'NONE', *, *, #1163, .T. ) ;
#1040 = CARTESIAN_POINT ( 'NONE',  ( -10.50000000000000178, 7.500000000000000000, 2.000000000000000000 ) ) ;
#1041 = EDGE_CURVE ( 'NONE', #3070, #3938, #620, .T. ) ;
#1042 = LINE ( 'NONE', #984, #4611 ) ;
#1043 = SURFACE_STYLE_USAGE ( .BOTH. , #2476 ) ;
#1044 = CIRCLE ( 'NONE', #4336, 0.1000000000000000472 ) ;
#1045 = FACE_OUTER_BOUND ( 'NONE', #3086, .T. ) ;
#1046 = ORIENTED_EDGE ( 'NONE', *, *, #461, .F. ) ;
#1047 = ORIENTED_EDGE ( 'NONE', *, *, #4567, .F. ) ;
#1048 = EDGE_CURVE ( 'NONE', #285, #1600, #2828, .T. ) ;
#1049 = EDGE_CURVE ( 'NONE', #1411, #4632, #254, .T. ) ;
#1050 = FACE_OUTER_BOUND ( 'NONE', #2289, .T. ) ;
#1051 = CARTESIAN_POINT ( 'NONE',  ( 6.606508773676611490, 5.000000000000000000, 1.474566526094953645 ) ) ;
#1052 = ORIENTED_EDGE ( 'NONE', *, *, #1090, .T. ) ;
#1053 = DIRECTION ( 'NONE',  ( 0.000000000000000000, 0.000000000000000000, 1.000000000000000000 ) ) ;
#1054 = EDGE_CURVE ( 'NONE', #2087, #3458, #3568, .T. ) ;
#1055 = ORIENTED_EDGE ( 'NONE', *, *, #4114, .T. ) ;
#1056 = CARTESIAN_POINT ( 'NONE',  ( 1.237505313530491202, 4.750000000000000888, 3.803441764157559302 ) ) ;
#1057 = CYLINDRICAL_SURFACE ( 'NONE', #3, 0.09999999999999982514 ) ;
#1058 = ORIENTED_EDGE ( 'NONE', *, *, #230, .F. ) ;
#1059 = VECTOR ( 'NONE', #784, 1000.000000000000000 ) ;
#1060 = CARTESIAN_POINT ( 'NONE',  ( -6.152157054771177691, -4.750000000000000000, 2.473891671837677553 ) ) ;
#1061 = LINE ( 'NONE', #2916, #2990 ) ;
#1062 = AXIS2_PLACEMENT_3D ( 'NONE', #2271, #3375, #3304 ) ;
#1063 = DIRECTION ( 'NONE',  ( 0.9812573007753497834, -0.000000000000000000, 0.1927021268047518499 ) ) ;
#1064 = CARTESIAN_POINT ( 'NONE',  ( 6.706262830134633646, -4.899999999999998579, 1.481598616260082268 ) ) ;
#1065 = EDGE_LOOP ( 'NONE', ( #4052, #4708, #2115, #3881 ) ) ;
#1066 = VECTOR ( 'NONE', #789, 1000.000000000000000 ) ;
#1067 = VECTOR ( 'NONE', #747, 1000.000000000000000 ) ;
#1068 = ORIENTED_EDGE ( 'NONE', *, *, #3706, .F. ) ;
#1069 = CARTESIAN_POINT ( 'NONE',  ( -2.921748715206139213, -4.749999999999998224, 2.684136244629089063 ) ) ;
#1070 = EDGE_LOOP ( 'NONE', ( #3976, #1534, #4487, #1765 ) ) ;
#1071 = DIRECTION ( 'NONE',  ( 0.000000000000000000, -1.000000000000000000, 0.000000000000000000 ) ) ;
#1072 = CARTESIAN_POINT ( 'NONE',  ( 0.000000000000000000, 6.450000000000000178, -8.099999999999999645 ) ) ;
#1074 = ORIENTED_EDGE ( 'NONE', *, *, #3300, .T. ) ;
#1073 = AXIS2_PLACEMENT_3D ( 'NONE', #4162, #1658, #940 ) ;
#1075 = DIRECTION ( 'NONE',  ( -1.000000000000000000, 0.000000000000000000, 0.000000000000000000 ) ) ;
#1076 = AXIS2_PLACEMENT_3D ( 'NONE', #2315, #2604, #3774 ) ;
#1077 = ORIENTED_EDGE ( 'NONE', *, *, #3683, .F. ) ;
#1078 = EDGE_CURVE ( 'NONE', #3599, #348, #3514, .T. ) ;
#1079 =( GEOMETRIC_REPRESENTATION_CONTEXT ( 3 ) GLOBAL_UNCERTAINTY_ASSIGNED_CONTEXT ( ( #3063 ) ) GLOBAL_UNIT_ASSIGNED_CONTEXT ( ( #4540, #829, #3813 ) ) REPRESENTATION_CONTEXT ( 'NONE', 'WORKASPACE' ) );
#1080 = CARTESIAN_POINT ( 'NONE',  ( 8.250900724130918462, 2.500000000000000000, 2.829767657195834119 ) ) ;
#1081 = ORIENTED_EDGE ( 'NONE', *, *, #1090, .F. ) ;
#1082 = ORIENTED_EDGE ( 'NONE', *, *, #1553, .T. ) ;
#1083 = CARTESIAN_POINT ( 'NONE',  ( 6.676063514206239446, -5.078376387398193970, 2.000000000000000000 ) ) ;
#1084 = CARTESIAN_POINT ( 'NONE',  ( 5.003459688678321804, -4.750000000000000000, 5.900000000000000355 ) ) ;
#1085 = VECTOR ( 'NONE', #3710, 1000.000000000000000 ) ;
#1086 = EDGE_CURVE ( 'NONE', #3616, #41, #1701, .T. ) ;
#1087 = ORIENTED_EDGE ( 'NONE', *, *, #3426, .F. ) ;
#1088 = ORIENTED_EDGE ( 'NONE', *, *, #3036, .F. ) ;
#1089 = VERTEX_POINT ( 'NONE', #4659 ) ;
#1090 = EDGE_CURVE ( 'NONE', #285, #1442, #1380, .T. ) ;
#1091 = VECTOR ( 'NONE', #4653, 1000.000000000000000 ) ;
#1092 = CARTESIAN_POINT ( 'NONE',  ( 0.000000000000000000, 6.450000000000000178, 0.000000000000000000 ) ) ;
#1093 = LINE ( 'NONE', #732, #674 ) ;
#1094 = LINE ( 'NONE', #808, #942 ) ;
#1095 = VERTEX_POINT ( 'NONE', #3219 ) ;
#1096 = DIRECTION ( 'NONE',  ( -1.102498266631398652E-14, -1.000000000000000000, 3.469446951953754922E-14 ) ) ;
#1097 = ORIENTED_EDGE ( 'NONE', *, *, #1416, .F. ) ;
#1098 = FACE_OUTER_BOUND ( 'NONE', #4081, .T. ) ;
#1099 = DIRECTION ( 'NONE',  ( 1.000000000000000000, -0.000000000000000000, 0.000000000000000000 ) ) ;
#1100 = ORIENTED_EDGE ( 'NONE', *, *, #4209, .F. ) ;
#1101 = CARTESIAN_POINT ( 'NONE',  ( 6.999999999999999112, 6.450000000000000178, 0.000000000000000000 ) ) ;
#1102 = CARTESIAN_POINT ( 'NONE',  ( 9.107277510893236894, -2.500000000000000000, -8.099999999999999645 ) ) ;
#1103 = DIRECTION ( 'NONE',  ( 0.000000000000000000, 1.000000000000000000, 5.781203146549822732E-16 ) ) ;
#1104 = DIRECTION ( 'NONE',  ( 0.000000000000000000, 0.000000000000000000, 1.000000000000000000 ) ) ;
#1105 = CARTESIAN_POINT ( 'NONE',  ( 6.672498257678835643, 4.907223577482762167, 1.890727846355914732 ) ) ;
#1106 = EDGE_CURVE ( 'NONE', #1700, #1229, #448, .T. ) ;
#1107 = MANIFOLD_SOLID_BREP ( 'Mirror1', #2568 ) ;
#1108 = VERTEX_POINT ( 'NONE', #2241 ) ;
#1109 = VERTEX_POINT ( 'NONE', #4348 ) ;
#1110 = DIRECTION ( 'NONE',  ( 0.000000000000000000, -1.000000000000000000, -0.000000000000000000 ) ) ;
#1111 = EDGE_CURVE ( 'NONE', #265, #970, #637, .T. ) ;
#1112 = CARTESIAN_POINT ( 'NONE',  ( 6.604873640955322145, -4.994971150692248507, 1.896893978831587946 ) ) ;
#1113 = CARTESIAN_POINT ( 'NONE',  ( 9.000000000000000000, 6.450000000000000178, -8.099999999999999645 ) ) ;
#1114 = FACE_OUTER_BOUND ( 'NONE', #1876, .T. ) ;
#1115 = EDGE_CURVE ( 'NONE', #3602, #4182, #1803, .T. ) ;
#1116 = DIRECTION ( 'NONE',  ( 0.000000000000000000, 2.135878279796443735E-14, -1.000000000000000000 ) ) ;
#1117 = EDGE_LOOP ( 'NONE', ( #3230, #638, #185 ) ) ;
#1118 = B_SPLINE_CURVE_WITH_KNOTS ( 'NONE', 3,
 ( #295, #249, #1064, #3168, #2470, #998, #1679 ),
 .UNSPECIFIED., .F., .F.,
 ( 4, 3, 4 ),
 ( 0.000000000000000000, 0.0003102426090862724821, 0.0006173509965307487791 ),
 .UNSPECIFIED. ) ;
#1119 = ORIENTED_EDGE ( 'NONE', *, *, #467, .T. ) ;
#1120 = CARTESIAN_POINT ( 'NONE',  ( 5.375000000000000000, 6.450000000000000178, -2.327802519272560655 ) ) ;
#1121 = ORIENTED_EDGE ( 'NONE', *, *, #2220, .T. ) ;
#1122 = CARTESIAN_POINT ( 'NONE',  ( 4.625000000000000000, 6.450000000000000178, 0.000000000000000000 ) ) ;
#1123 = LINE ( 'NONE', #3679, #1539 ) ;
#1124 = ORIENTED_EDGE ( 'NONE', *, *, #2118, .T. ) ;
#1125 = LINE ( 'NONE', #4430, #3519 ) ;
#1126 = ORIENTED_EDGE ( 'NONE', *, *, #992, .T. ) ;
#1127 = CARTESIAN_POINT ( 'NONE',  ( 6.624124860365784073, -5.099999999999999645, 2.000000000000000000 ) ) ;
#1128 = DIRECTION ( 'NONE',  ( 0.000000000000000000, -0.000000000000000000, -1.000000000000000000 ) ) ;
#1129 = CARTESIAN_POINT ( 'NONE',  ( 6.582565048348359760, 5.000000000000000000, 1.898947888287293662 ) ) ;
#1130 = AXIS2_PLACEMENT_3D ( 'NONE', #978, #4272, #3867 ) ;
#1131 = ORIENTED_EDGE ( 'NONE', *, *, #71, .T. ) ;
#1132 = PLANE ( 'NONE',  #1348 ) ;
#1133 = CYLINDRICAL_SURFACE ( 'NONE', #3583, 2.000000000000000000 ) ;
#1134 = COLOUR_RGB ( '',0.8431372549019607865, 0.8431372549019607865, 0.8431372549019607865 ) ;
#1135 = B_SPLINE_CURVE_WITH_KNOTS ( 'NONE', 3,
 ( #3040, #870, #3779, #3024, #4213, #1291, #841, #501, #1219, #4185, #3798, #2683, #3109, #4575, #2711, #3851, #146, #3490 ),
 .UNSPECIFIED., .F., .F.,
 ( 4, 2, 2, 2, 2, 2, 2, 2, 4 ),
 ( 0.000000000000000000, 0.06250000000000000000, 0.1250000000000000000, 0.1875000000000000000, 0.2500000000000000000, 0.3125000000000000000, 0.3750000000000000000, 0.4375000000000000000, 0.5000000000000000000 ),
 .UNSPECIFIED. ) ;
#1136 = MECHANICAL_DESIGN_GEOMETRIC_PRESENTATION_REPRESENTATION (  '', ( #1654 ), #907 ) ;
#1137 = ADVANCED_FACE ( 'NONE', ( #3649 ), #3622, .T. ) ;
#1138 = CARTESIAN_POINT ( 'NONE',  ( 0.4000000000000000222, -1.399999999999999689, -14.59999999999999964 ) ) ;
#1139 = CARTESIAN_POINT ( 'NONE',  ( -6.599999999999999645, -0.5999999999999999778, -11.59999999999999964 ) ) ;
#1140 = VECTOR ( 'NONE', #3483, 1000.000000000000000 ) ;
#1141 = ORIENTED_EDGE ( 'NONE', *, *, #313, .F. ) ;
#1142 = EDGE_CURVE ( 'NONE', #1287, #1847, #45, .T. ) ;
#1143 = CARTESIAN_POINT ( 'NONE',  ( 0.2276010740473676519, -4.749999999999998224, 3.431798235719108803 ) ) ;
#1144 = AXIS2_PLACEMENT_3D ( 'NONE', #1387, #1777, #3924 ) ;
#1145 = CARTESIAN_POINT ( 'NONE',  ( -9.107277510893236894, -2.500000000000000000, -0.000000000000000000 ) ) ;
#1146 = CARTESIAN_POINT ( 'NONE',  ( -2.818228596306865175, 0.5720242370467060189, 2.830684335904829485 ) ) ;
#1147 =( NAMED_UNIT ( * ) SI_UNIT ( $, .STERADIAN. ) SOLID_ANGLE_UNIT ( ) );
#1148 = ORIENTED_EDGE ( 'NONE', *, *, #3860, .T. ) ;
#1149 = EDGE_CURVE ( 'NONE', #2881, #3938, #832, .T. ) ;
#1150 = PLANE ( 'NONE',  #1076 ) ;
#1151 = AXIS2_PLACEMENT_3D ( 'NONE', #3580, #1755, #3228 ) ;
#1152 = PLANE ( 'NONE',  #69 ) ;
#1153 = PLANE ( 'NONE',  #1809 ) ;
#1154 = AXIS2_PLACEMENT_3D ( 'NONE', #546, #3084, #2869 ) ;
#1155 = CARTESIAN_POINT ( 'NONE',  ( 0.4000000000000000222, -1.599999999999999867, -14.40000000000000213 ) ) ;
#1156 = ORIENTED_EDGE ( 'NONE', *, *, #2558, .F. ) ;
#1157 = CARTESIAN_POINT ( 'NONE',  ( -7.331096411691572001, -4.649999999999998579, 2.536753471768243173 ) ) ;
#1158 = AXIS2_PLACEMENT_3D ( 'NONE', #2922, #1096, #761 ) ;
#1159 = CARTESIAN_POINT ( 'NONE',  ( 2.170533081443120071, 2.000000000000000000, 4.356080267192972144 ) ) ;
#1160 = PLANE ( 'NONE',  #593 ) ;
#1161 = DIRECTION ( 'NONE',  ( 0.05899303816837563053, -1.617576095692052034E-14, -0.9982583941283262874 ) ) ;
#1162 = ORIENTED_EDGE ( 'NONE', *, *, #3270, .T. ) ;
#1163 = EDGE_CURVE ( 'NONE', #2189, #4100, #4083, .T. ) ;
#1164 = CIRCLE ( 'NONE', #1319, 0.1000000000000000472 ) ;
#1165 = VERTEX_POINT ( 'NONE', #1939 ) ;
#1166 = FACE_OUTER_BOUND ( 'NONE', #568, .T. ) ;
#1167 = DIRECTION ( 'NONE',  ( 0.000000000000000000, 1.000000000000000000, 5.781203146549822732E-16 ) ) ;
#1168 = ORIENTED_EDGE ( 'NONE', *, *, #1174, .T. ) ;
#1169 = ADVANCED_FACE ( 'NONE', ( #1892 ), #2312, .T. ) ;
#1170 = CARTESIAN_POINT ( 'NONE',  ( 9.000000000000000000, 6.450000000000000178, 0.000000000000000000 ) ) ;
#1171 = CARTESIAN_POINT ( 'NONE',  ( 6.772067465603777592, -4.899999999999999467, 2.000000000000000000 ) ) ;
#1172 = CARTESIAN_POINT ( 'NONE',  ( 8.999999999999996447, 5.000000000000000000, -11.59999999999999964 ) ) ;
#1173 = FACE_OUTER_BOUND ( 'NONE', #3105, .T. ) ;
#1174 = EDGE_CURVE ( 'NONE', #3927, #1633, #450, .T. ) ;
#1175 = PLANE ( 'NONE',  #2444 ) ;
#1176 = ORIENTED_EDGE ( 'NONE', *, *, #2531, .F. ) ;
#1177 = DIRECTION ( 'NONE',  ( 1.000000000000000000, 0.000000000000000000, -0.000000000000000000 ) ) ;
#1178 = DIRECTION ( 'NONE',  ( -0.3244153575419170821, 0.000000000000000000, -0.9459147296616909895 ) ) ;
#1179 = EDGE_LOOP ( 'NONE', ( #937, #1697, #1052, #1599 ) ) ;
#1180 =( NAMED_UNIT ( * ) PLANE_ANGLE_UNIT ( ) SI_UNIT ( $, .RADIAN. ) );
#1181 = LINE ( 'NONE', #4099, #1362 ) ;
#1182 = CARTESIAN_POINT ( 'NONE',  ( -5.375000000000000000, 6.450000000000000178, -2.327802519272560655 ) ) ;
#1183 = ORIENTED_EDGE ( 'NONE', *, *, #1453, .F. ) ;
#1184 = PLANE ( 'NONE',  #384 ) ;
#1185 = EDGE_LOOP ( 'NONE', ( #2328, #2808, #945, #2294, #2474, #1845, #2770, #3181 ) ) ;
#1186 = VERTEX_POINT ( 'NONE', #3390 ) ;
#1187 = EDGE_CURVE ( 'NONE', #1547, #3018, #3366, .T. ) ;
#1188 = SURFACE_STYLE_USAGE ( .BOTH. , #835 ) ;
#1189 = CARTESIAN_POINT ( 'NONE',  ( 6.619518679845523224, 4.899999999999999467, 1.269279395977619185 ) ) ;
#1190 = ORIENTED_EDGE ( 'NONE', *, *, #1649, .F. ) ;
#1191 = DIRECTION ( 'NONE',  ( 0.000000000000000000, 0.000000000000000000, -1.000000000000000000 ) ) ;
#1192 = CARTESIAN_POINT ( 'NONE',  ( 9.000000000000000000, -6.450000000000000178, 0.000000000000000000 ) ) ;
#1193 = DIRECTION ( 'NONE',  ( 0.000000000000000000, -1.000000000000000000, 5.781203146549822732E-16 ) ) ;
#1194 = ADVANCED_FACE ( 'NONE', ( #4522 ), #1211, .F. ) ;
#1195 = CARTESIAN_POINT ( 'NONE',  ( -6.599999999999999645, 0.5999999999999999778, -14.59999999999998543 ) ) ;
#1196 = ORIENTED_EDGE ( 'NONE', *, *, #566, .T. ) ;
#1197 = CARTESIAN_POINT ( 'NONE',  ( 0.1959609630272657887, 4.749999999997654321, 3.526846908911672962 ) ) ;
#1198 = CARTESIAN_POINT ( 'NONE',  ( -6.599999999999999645, 0.000000000000000000, -15.40000000000000036 ) ) ;
#1199 = ORIENTED_EDGE ( 'NONE', *, *, #3701, .T. ) ;
#1200 = EDGE_CURVE ( 'NONE', #2693, #1961, #1235, .T. ) ;
#1201 = CARTESIAN_POINT ( 'NONE',  ( 6.619518679845523224, 4.649999999999999467, 1.269279395977619185 ) ) ;
#1202 = STYLED_ITEM ( 'NONE', ( #469 ), #351 ) ;
#1203 = CARTESIAN_POINT ( 'NONE',  ( 4.945780671388455119, 4.650000000000000355, 5.981689234079377471 ) ) ;
#1204 = PLANE ( 'NONE',  #3564 ) ;
#1205 = DIRECTION ( 'NONE',  ( 0.000000000000000000, 0.000000000000000000, -1.000000000000000000 ) ) ;
#1206 = ORIENTED_EDGE ( 'NONE', *, *, #3619, .T. ) ;
#1207 = AXIS2_PLACEMENT_3D ( 'NONE', #3586, #971, #3928 ) ;
#1208 = AXIS2_PLACEMENT_3D ( 'NONE', #2647, #2359, #1545 ) ;
#1209 = ORIENTED_EDGE ( 'NONE', *, *, #2984, .T. ) ;
#1210 = DIRECTION ( 'NONE',  ( 0.000000000000000000, 0.000000000000000000, 1.000000000000000000 ) ) ;
#1211 = PLANE ( 'NONE',  #1208 ) ;
#1212 = ORIENTED_EDGE ( 'NONE', *, *, #3135, .T. ) ;
#1213 = VECTOR ( 'NONE', #1514, 1000.000000000000000 ) ;
#1214 = CARTESIAN_POINT ( 'NONE',  ( -7.331096411691572001, 4.899999999999998579, 1.899999999999999911 ) ) ;
#1215 = DIRECTION ( 'NONE',  ( 1.000000000000000000, 0.000000000000000000, -0.000000000000000000 ) ) ;
#1216 = ORIENTED_EDGE ( 'NONE', *, *, #2818, .T. ) ;
#1217 = LINE ( 'NONE', #3418, #3428 ) ;
#1218 = AXIS2_PLACEMENT_3D ( 'NONE', #4309, #2442, #242 ) ;
#1219 = CARTESIAN_POINT ( 'NONE',  ( -3.355986678394340839, 1.499808040399019271, 2.754370737436005800 ) ) ;
#1220 = EDGE_CURVE ( 'NONE', #1633, #1248, #1610, .T. ) ;
#1221 = PRESENTATION_LAYER_ASSIGNMENT (  '', '', ( #1459 ) ) ;
#1222 = VECTOR ( 'NONE', #2346, 1000.000000000000000 ) ;
#1223 = PRESENTATION_STYLE_ASSIGNMENT (( #415 ) ) ;
#1224 = ORIENTED_EDGE ( 'NONE', *, *, #3095, .F. ) ;
#1225 = CARTESIAN_POINT ( 'NONE',  ( 5.003459688678354667, -4.650000000000001243, 5.900000000000025224 ) ) ;
#1226 = CIRCLE ( 'NONE', #4131, 0.1000000000000002554 ) ;
#1227 = VECTOR ( 'NONE', #716, 1000.000000000000114 ) ;
#1228 = EDGE_CURVE ( 'NONE', #3749, #4332, #2357, .T. ) ;
#1229 = VERTEX_POINT ( 'NONE', #3790 ) ;
#1230 = CARTESIAN_POINT ( 'NONE',  ( -5.048398801669035763, -0.2025529565517379393, 2.615461491327702337 ) ) ;
#1231 = STYLED_ITEM ( 'NONE', ( #619 ), #3393 ) ;
#1232 = DIRECTION ( 'NONE',  ( 1.000000000000000000, 0.000000000000000000, 0.000000000000000000 ) ) ;
#1233 = EDGE_LOOP ( 'NONE', ( #1415, #939, #4273, #2848, #4705, #2153, #3478 ) ) ;
#1234 = ADVANCED_FACE ( 'NONE', ( #3081 ), #2626, .F. ) ;
#1235 = LINE ( 'NONE', #1260, #4263 ) ;
#1236 = CARTESIAN_POINT ( 'NONE',  ( 5.748066477745161329, -4.649999999999999467, 5.899999999999999467 ) ) ;
#1237 = ORIENTED_EDGE ( 'NONE', *, *, #4043, .F. ) ;
#1238 = VECTOR ( 'NONE', #3411, 1000.000000000000000 ) ;
#1239 = VECTOR ( 'NONE', #2798, 1000.000000000000000 ) ;
#1240 = DIRECTION ( 'NONE',  ( -0.000000000000000000, 1.000000000000000000, 0.000000000000000000 ) ) ;
#1241 = CARTESIAN_POINT ( 'NONE',  ( -7.231096411691578574, 4.649999999999999467, 2.536753471768243617 ) ) ;
#1242 = UNCERTAINTY_MEASURE_WITH_UNIT (LENGTH_MEASURE( 1.000000000000000082E-05 ), #396, 'distance_accuracy_value', 'NONE');
#1243 = ORIENTED_EDGE ( 'NONE', *, *, #2638, .T. ) ;
#1244 = FACE_OUTER_BOUND ( 'NONE', #402, .T. ) ;
#1245 = CARTESIAN_POINT ( 'NONE',  ( -7.231096411691571468, 4.750000000000000000, 2.642989570979533909 ) ) ;
#1246 = CARTESIAN_POINT ( 'NONE',  ( 9.000000000000000000, 6.450000000000000178, -12.59999999999999964 ) ) ;
#1247 = CARTESIAN_POINT ( 'NONE',  ( -2.053858751891664891, -1.517907781680640111, 2.965391180734859855 ) ) ;
#1248 = VERTEX_POINT ( 'NONE', #542 ) ;
#1249 = VERTEX_POINT ( 'NONE', #1991 ) ;
#1250 = EDGE_CURVE ( 'NONE', #4349, #2180, #2995, .T. ) ;
#1251 = CARTESIAN_POINT ( 'NONE',  ( -7.231096411691571468, -4.899999999999999467, 2.000000000000000000 ) ) ;
#1252 = FACE_OUTER_BOUND ( 'NONE', #2946, .T. ) ;
#1253 = ORIENTED_EDGE ( 'NONE', *, *, #2421, .F. ) ;
#1254 = CARTESIAN_POINT ( 'NONE',  ( -4.468183148932765469, -1.202494413478608415, 2.646781410181018757 ) ) ;
#1255 = ADVANCED_FACE ( 'NONE', ( #4471 ), #477, .F. ) ;
#1256 = CARTESIAN_POINT ( 'NONE',  ( 6.999999999999999112, 6.450000000000000178, -11.59999999999999964 ) ) ;
#1257 = ORIENTED_EDGE ( 'NONE', *, *, #2187, .T. ) ;
#1258 = CARTESIAN_POINT ( 'NONE',  ( 6.224538230299610397, -4.750000000000001776, 4.400593138237443469 ) ) ;
#1259 = DIRECTION ( 'NONE',  ( 0.000000000000000000, 0.000000000000000000, -1.000000000000000000 ) ) ;
#1260 = CARTESIAN_POINT ( 'NONE',  ( -5.375000000000000000, 6.825078385935131386, 2.168404344971008868E-16 ) ) ;
#1261 = LINE ( 'NONE', #932, #1238 ) ;
#1262 = VERTEX_POINT ( 'NONE', #931 ) ;
#1263 = EDGE_CURVE ( 'NONE', #3802, #3682, #76, .T. ) ;
#1264 = ORIENTED_EDGE ( 'NONE', *, *, #1220, .F. ) ;
#1265 = CARTESIAN_POINT ( 'NONE',  ( 0.000000000000000000, 5.000000000000000000, 0.000000000000000000 ) ) ;
#1266 = ORIENTED_EDGE ( 'NONE', *, *, #2448, .F. ) ;
#1267 = CARTESIAN_POINT ( 'NONE',  ( 5.003459688678321804, 4.649999999999999467, 5.899999999999999467 ) ) ;
#1268 = CARTESIAN_POINT ( 'NONE',  ( -7.400000000000000355, 6.450000000000000178, -11.59999999999999964 ) ) ;
#1269 = DIRECTION ( 'NONE',  ( 0.000000000000000000, 0.7125414071912269387, -0.7016300613841642830 ) ) ;
#1270 = ORIENTED_EDGE ( 'NONE', *, *, #3822, .F. ) ;
#1271 = ORIENTED_EDGE ( 'NONE', *, *, #710, .T. ) ;
#1272 = PLANE ( 'NONE',  #828 ) ;
#1273 = DIRECTION ( 'NONE',  ( -0.000000000000000000, -1.000000000000000000, -0.000000000000000000 ) ) ;
#1274 = CARTESIAN_POINT ( 'NONE',  ( -6.154745439120924644, -4.750000000000001776, 2.474042477054497535 ) ) ;
#1275 = ORIENTED_EDGE ( 'NONE', *, *, #1398, .F. ) ;
#1276 = DIRECTION ( 'NONE',  ( 0.9530381524752427058, 0.000000000000000000, 0.3028502599083841562 ) ) ;
#1277 = EDGE_CURVE ( 'NONE', #2033, #1700, #2747, .T. ) ;
#1278 = VECTOR ( 'NONE', #2964, 1000.000000000000000 ) ;
#1279 = CARTESIAN_POINT ( 'NONE',  ( 6.999999999999999112, -6.450000000000000178, -12.59999999999999964 ) ) ;
#1280 = DIRECTION ( 'NONE',  ( 1.000000000000000000, 0.000000000000000000, 0.000000000000000000 ) ) ;
#1281 = CARTESIAN_POINT ( 'NONE',  ( -2.618982755093181680, 0.9415497287627505596, 2.862815949473799026 ) ) ;
#1282 =( GEOMETRIC_REPRESENTATION_CONTEXT ( 3 ) GLOBAL_UNCERTAINTY_ASSIGNED_CONTEXT ( ( #2679 ) ) GLOBAL_UNIT_ASSIGNED_CONTEXT ( ( #4095, #1805, #4412 ) ) REPRESENTATION_CONTEXT ( 'NONE', 'WORKASPACE' ) );
#1283 = ORIENTED_EDGE ( 'NONE', *, *, #4292, .F. ) ;
#1284 = ADVANCED_FACE ( 'NONE', ( #4295 ), #4279, .T. ) ;
#1285 = AXIS2_PLACEMENT_3D ( 'NONE', #4378, #4015, #1791 ) ;
#1286 = UNCERTAINTY_MEASURE_WITH_UNIT (LENGTH_MEASURE( 1.000000000000000082E-05 ), #664, 'distance_accuracy_value', 'NONE');
#1287 = VERTEX_POINT ( 'NONE', #953 ) ;
#1288 = CARTESIAN_POINT ( 'NONE',  ( -7.431096411691572534, -5.000000000000000000, 1.899999999999999911 ) ) ;
#1289 = VERTEX_POINT ( 'NONE', #181 ) ;
#1290 = CARTESIAN_POINT ( 'NONE',  ( -7.331096411691572001, 4.649999999999999467, 2.536753471768243173 ) ) ;
#1291 = CARTESIAN_POINT ( 'NONE',  ( -2.642269517774516796, 1.201084216687358541, 2.858443239268955161 ) ) ;
#1292 = VECTOR ( 'NONE', #2943, 1000.000000000000000 ) ;
#1293 = ADVANCED_FACE ( 'NONE', ( #2846 ), #3148, .T. ) ;
#1294 = EDGE_CURVE ( 'NONE', #2865, #4270, #1651, .T. ) ;
#1295 = LINE ( 'NONE', #4551, #2129 ) ;
#1296 = VERTEX_POINT ( 'NONE', #3124 ) ;
#1297 = AXIS2_PLACEMENT_3D ( 'NONE', #2836, #1012, #2465 ) ;
#1298 = SURFACE_SIDE_STYLE ('',( #4577 ) ) ;
#1299 = LINE ( 'NONE', #2396, #1369 ) ;
#1300 = CARTESIAN_POINT ( 'NONE',  ( 9.000000000000000000, -6.450000000000000178, 0.000000000000000000 ) ) ;
#1301 = VECTOR ( 'NONE', #3436, 1000.000000000000000 ) ;
#1302 = DIRECTION ( 'NONE',  ( 1.000000000000000000, 0.000000000000000000, 0.000000000000000000 ) ) ;
#1303 = ORIENTED_EDGE ( 'NONE', *, *, #4009, .T. ) ;
#1304 = CARTESIAN_POINT ( 'NONE',  ( -5.375000000000000000, 0.000000000000000000, 0.000000000000000000 ) ) ;
#1305 =( GEOMETRIC_REPRESENTATION_CONTEXT ( 3 ) GLOBAL_UNCERTAINTY_ASSIGNED_CONTEXT ( ( #4206 ) ) GLOBAL_UNIT_ASSIGNED_CONTEXT ( ( #4021, #3023, #4048 ) ) REPRESENTATION_CONTEXT ( 'NONE', 'WORKASPACE' ) );
#1306 = CIRCLE ( 'NONE', #3821, 0.1000000000000000472 ) ;
#1307 = PRESENTATION_LAYER_ASSIGNMENT (  '', '', ( #1904 ) ) ;
#1308 = DIRECTION ( 'NONE',  ( 0.000000000000000000, -0.000000000000000000, -1.000000000000000000 ) ) ;
#1309 = EDGE_CURVE ( 'NONE', #13, #4077, #3887, .T. ) ;
#1310 = CARTESIAN_POINT ( 'NONE',  ( 6.571192588896066944, 5.000000000000000888, 2.000000000000000000 ) ) ;
#1311 = VECTOR ( 'NONE', #1521, 1000.000000000000000 ) ;
#1312 = ORIENTED_EDGE ( 'NONE', *, *, #4730, .F. ) ;
#1313 = DIRECTION ( 'NONE',  ( 0.000000000000000000, 0.000000000000000000, -1.000000000000000000 ) ) ;
#1314 = ORIENTED_EDGE ( 'NONE', *, *, #2252, .T. ) ;
#1315 = EDGE_CURVE ( 'NONE', #2520, #1631, #3167, .T. ) ;
#1316 = CARTESIAN_POINT ( 'NONE',  ( 5.748066477745161329, -4.750000000000000000, 5.899999999999999467 ) ) ;
#1317 = VECTOR ( 'NONE', #2167, 1000.000000000000000 ) ;
#1318 = DIRECTION ( 'NONE',  ( 1.000000000000000000, -0.000000000000000000, -0.000000000000000000 ) ) ;
#1319 = AXIS2_PLACEMENT_3D ( 'NONE', #4314, #3507, #4696 ) ;
#1320 = CARTESIAN_POINT ( 'NONE',  ( 0.000000000000000000, -6.450000000000000178, -10.09999999999999964 ) ) ;
#1321 = CARTESIAN_POINT ( 'NONE',  ( -9.750000000000000000, 6.450000000000000178, 0.000000000000000000 ) ) ;
#1322 = CARTESIAN_POINT ( 'NONE',  ( -7.000000000000000888, 6.450000000000000178, -11.59999999999999964 ) ) ;
#1323 = EDGE_LOOP ( 'NONE', ( #298, #3209, #2084, #1663 ) ) ;
#1324 = CARTESIAN_POINT ( 'NONE',  ( -7.000000000000000888, -5.000000000000000000, 0.000000000000000000 ) ) ;
#1325 = CARTESIAN_POINT ( 'NONE',  ( -7.231096411691571468, -4.750000000000000000, 1.269279395977619185 ) ) ;
#1326 = CARTESIAN_POINT ( 'NONE',  ( 5.003459688678320028, 4.649999999999999467, 5.899999999999999467 ) ) ;
#1327 = CARTESIAN_POINT ( 'NONE',  ( 6.619518679845523224, 0.000000000000000000, 1.269279395977621405 ) ) ;
#1328 = ORIENTED_EDGE ( 'NONE', *, *, #2638, .F. ) ;
#1329 = ORIENTED_EDGE ( 'NONE', *, *, #736, .T. ) ;
#1330 = CARTESIAN_POINT ( 'NONE',  ( -10.49999999999999822, -7.500000000000000888, 2.000000000000000000 ) ) ;
#1331 = DIRECTION ( 'NONE',  ( 0.000000000000000000, -0.7125414071912269387, -0.7016300613841642830 ) ) ;
#1332 = FILL_AREA_STYLE_COLOUR ( '', #4656 ) ;
#1333 = EDGE_CURVE ( 'NONE', #3914, #814, #3909, .T. ) ;
#1334 = CARTESIAN_POINT ( 'NONE',  ( 6.670394372394457427, -4.900000000000000355, 1.913170841611564699 ) ) ;
#1335 = CARTESIAN_POINT ( 'NONE',  ( -10.66479332996103579, -2.500000000000000000, -2.667310487280512010 ) ) ;
#1336 = FACE_OUTER_BOUND ( 'NONE', #1993, .T. ) ;
#1337 = CARTESIAN_POINT ( 'NONE',  ( -7.231096411691571468, 4.750000000000000000, 1.269279395977619185 ) ) ;
#1338 = EDGE_CURVE ( 'NONE', #1397, #2126, #2064, .T. ) ;
#1339 = ORIENTED_EDGE ( 'NONE', *, *, #4411, .T. ) ;
#1340 = CARTESIAN_POINT ( 'NONE',  ( 4.561852428953599770, 4.750000000000001776, 5.588190579120666079 ) ) ;
#1341 = ADVANCED_FACE ( 'NONE', ( #4244 ), #248, .T. ) ;
#1342 = CLOSED_SHELL ( 'NONE', ( #1422, #722, #560, #4074, #2402, #3019, #3830, #3732, #4288 ) ) ;
#1343 = CARTESIAN_POINT ( 'NONE',  ( 5.003459688678321804, 4.750000000000000000, 6.000000000000000000 ) ) ;
#1344 = DIRECTION ( 'NONE',  ( -0.000000000000000000, 1.000000000000000000, -0.000000000000000000 ) ) ;
#1345 = ORIENTED_EDGE ( 'NONE', *, *, #2258, .F. ) ;
#1346 = AXIS2_PLACEMENT_3D ( 'NONE', #1590, #3823, #479 ) ;
#1347 = DIRECTION ( 'NONE',  ( 0.000000000000000000, -1.000000000000000000, 0.000000000000000000 ) ) ;
#1348 = AXIS2_PLACEMENT_3D ( 'NONE', #4366, #2535, #3854 ) ;
#1349 = VERTEX_POINT ( 'NONE', #997 ) ;
#1350 = CARTESIAN_POINT ( 'NONE',  ( -3.354402019726812956, -1.499918270731366299, 2.754600044287043747 ) ) ;
#1351 = CARTESIAN_POINT ( 'NONE',  ( -0.4000000000000000222, -1.400000000000014566, -16.60000000000000142 ) ) ;
#1352 = VERTEX_POINT ( 'NONE', #3929 ) ;
#1353 = CARTESIAN_POINT ( 'NONE',  ( 6.672498257678842748, 4.900000000000000355, 1.890727846355832575 ) ) ;
#1354 = FILL_AREA_STYLE ('',( #1332 ) ) ;
#1355 = VECTOR ( 'NONE', #4047, 1000.000000000000000 ) ;
#1356 = CARTESIAN_POINT ( 'NONE',  ( 4.625000000000000000, 6.825078385935131386, 0.000000000000000000 ) ) ;
#1357 = ORIENTED_EDGE ( 'NONE', *, *, #3247, .T. ) ;
#1358 = LINE ( 'NONE', #3557, #2428 ) ;
#1359 = CARTESIAN_POINT ( 'NONE',  ( 6.675922152288997324, 5.078464115199529338, 2.000000000000000000 ) ) ;
#1360 = COLOUR_RGB ( '',0.8431372549019607865, 0.8431372549019607865, 0.8431372549019607865 ) ;
#1361 = CARTESIAN_POINT ( 'NONE',  ( 9.277042635169156171, 2.500000000000000000, -0.1622076787709588741 ) ) ;
#1362 = VECTOR ( 'NONE', #827, 1000.000000000000000 ) ;
#1363 = ORIENTED_EDGE ( 'NONE', *, *, #90, .F. ) ;
#1364 = FACE_OUTER_BOUND ( 'NONE', #1611, .T. ) ;
#1365 = VERTEX_POINT ( 'NONE', #2450 ) ;
#1366 = FACE_OUTER_BOUND ( 'NONE', #699, .T. ) ;
#1367 = EDGE_CURVE ( 'NONE', #2557, #41, #632, .T. ) ;
#1368 = VECTOR ( 'NONE', #2906, 1000.000000000000000 ) ;
#1369 = VECTOR ( 'NONE', #3876, 1000.000000000000000 ) ;
#1370 = AXIS2_PLACEMENT_3D ( 'NONE', #2082, #2556, #1053 ) ;
#1371 = EDGE_CURVE ( 'NONE', #1662, #24, #653, .T. ) ;
#1372 = CARTESIAN_POINT ( 'NONE',  ( 6.772067465603783809, 4.900000000000001243, 2.000000000000000000 ) ) ;
#1373 = ADVANCED_FACE ( 'NONE', ( #4652 ), #1630, .T. ) ;
#1374 = CARTESIAN_POINT ( 'NONE',  ( -7.331096411691572001, 4.750000000000000000, 0.000000000000000000 ) ) ;
#1375 = EDGE_LOOP ( 'NONE', ( #1168, #3038, #244, #3865 ) ) ;
#1376 = VECTOR ( 'NONE', #2579, 1000.000000000000000 ) ;
#1377 = VECTOR ( 'NONE', #2895, 1000.000000000000000 ) ;
#1378 = VERTEX_POINT ( 'NONE', #2184 ) ;
#1379 = CARTESIAN_POINT ( 'NONE',  ( 9.000000000000000000, -6.450000000000000178, -12.59999999999999964 ) ) ;
#1380 = LINE ( 'NONE', #1006, #4193 ) ;
#1381 = DIRECTION ( 'NONE',  ( 0.8168923407791139901, -0.000000000000000000, 0.5767901729194248039 ) ) ;
#1382 = CARTESIAN_POINT ( 'NONE',  ( 0.4000000000000000222, 0.5999999999999999778, -11.59999999999999964 ) ) ;
#1383 = CARTESIAN_POINT ( 'NONE',  ( 6.706772482306433858, -4.899999999999540279, 1.487918063763594034 ) ) ;
#1384 = ORIENTED_EDGE ( 'NONE', *, *, #2374, .F. ) ;
#1385 = DIRECTION ( 'NONE',  ( 0.000000000000000000, -0.000000000000000000, 1.000000000000000000 ) ) ;
#1386 = DIRECTION ( 'NONE',  ( -1.734723475976810250E-14, 0.000000000000000000, 1.000000000000000000 ) ) ;
#1387 = CARTESIAN_POINT ( 'NONE',  ( -7.231096411691571468, -4.649999999999999467, 1.269279395977619185 ) ) ;
#1388 = AXIS2_PLACEMENT_3D ( 'NONE', #200, #1036, #2107 ) ;
#1389 = DIRECTION ( 'NONE',  ( -1.000000000000000000, -0.000000000000000000, -0.000000000000000000 ) ) ;
#1390 = ORIENTED_EDGE ( 'NONE', *, *, #1115, .F. ) ;
#1391 = AXIS2_PLACEMENT_3D ( 'NONE', #1764, #270, #589 ) ;
#1392 = CARTESIAN_POINT ( 'NONE',  ( 6.322156679622434439, 4.649999999999999467, 4.423594249228917974 ) ) ;
#1393 = EDGE_CURVE ( 'NONE', #1873, #1418, #3289, .T. ) ;
#1394 = DIRECTION ( 'NONE',  ( 1.000000000000000000, 0.000000000000000000, 0.000000000000000000 ) ) ;
#1395 = CARTESIAN_POINT ( 'NONE',  ( 0.4000000000000000222, -1.599999999999999867, -14.40000000000000213 ) ) ;
#1396 = PLANE ( 'NONE',  #3079 ) ;
#1397 = VERTEX_POINT ( 'NONE', #4679 ) ;
#1398 = EDGE_CURVE ( 'NONE', #977, #1400, #914, .T. ) ;
#1399 = EDGE_CURVE ( 'NONE', #1555, #1953, #2980, .T. ) ;
#1400 = VERTEX_POINT ( 'NONE', #2515 ) ;
#1401 = CARTESIAN_POINT ( 'NONE',  ( -4.480680888843371790, 0.1193885030148992832, 2.646403346581451821 ) ) ;
#1402 = CARTESIAN_POINT ( 'NONE',  ( 0.000000000000000000, -2.500000000000000000, 0.000000000000000000 ) ) ;
#1403 = CARTESIAN_POINT ( 'NONE',  ( -6.599999999999999645, -11.15000000000000036, 0.000000000000000000 ) ) ;
#1404 = EDGE_CURVE ( 'NONE', #554, #3599, #2489, .T. ) ;
#1405 = DIRECTION ( 'NONE',  ( 1.000000000000000000, 0.000000000000000000, 0.000000000000000000 ) ) ;
#1406 = ORIENTED_EDGE ( 'NONE', *, *, #1951, .F. ) ;
#1407 = ORIENTED_EDGE ( 'NONE', *, *, #4610, .T. ) ;
#1408 = SURFACE_STYLE_USAGE ( .BOTH. , #1298 ) ;
#1409 = CARTESIAN_POINT ( 'NONE',  ( -9.000000000000000000, 6.450000000000000178, -12.59999999999999964 ) ) ;
#1410 = FACE_OUTER_BOUND ( 'NONE', #2725, .T. ) ;
#1411 = VERTEX_POINT ( 'NONE', #4339 ) ;
#1412 = DIRECTION ( 'NONE',  ( 0.000000000000000000, 0.000000000000000000, -1.000000000000000000 ) ) ;
#1413 = CARTESIAN_POINT ( 'NONE',  ( 5.003459688678320028, -4.649999999999997691, 5.899999999999999467 ) ) ;
#1414 = CARTESIAN_POINT ( 'NONE',  ( 9.000000000000000000, 6.450000000000000178, 0.000000000000000000 ) ) ;
#1415 = ORIENTED_EDGE ( 'NONE', *, *, #2150, .T. ) ;
#1416 = EDGE_CURVE ( 'NONE', #3315, #1787, #4451, .T. ) ;
#1417 = DIRECTION ( 'NONE',  ( -1.000000000000000000, 0.000000000000000000, -0.000000000000000000 ) ) ;
#1418 = VERTEX_POINT ( 'NONE', #1139 ) ;
#1419 = CARTESIAN_POINT ( 'NONE',  ( 6.719344519258354076, -4.650000000000002132, 1.275178699794457859 ) ) ;
#1420 = FILL_AREA_STYLE ('',( #3173 ) ) ;
#1421 = ORIENTED_EDGE ( 'NONE', *, *, #4353, .F. ) ;
#1422 = ADVANCED_FACE ( 'NONE', ( #678 ), #2593, .T. ) ;
#1423 = LINE ( 'NONE', #3626, #1602 ) ;
#1424 = VERTEX_POINT ( 'NONE', #2134 ) ;
#1425 = VERTEX_POINT ( 'NONE', #318 ) ;
#1426 = CARTESIAN_POINT ( 'NONE',  ( 0.000000000000000000, -6.450000000000000178, -10.09999999999999964 ) ) ;
#1427 = LINE ( 'NONE', #9, #771 ) ;
#1428 = LINE ( 'NONE', #2053, #4651 ) ;
#1429 = EDGE_CURVE ( 'NONE', #1424, #446, #3959, .T. ) ;
#1430 = PRESENTATION_LAYER_ASSIGNMENT (  '', '', ( #1877 ) ) ;
#1431 = ORIENTED_EDGE ( 'NONE', *, *, #4186, .T. ) ;
#1432 = ORIENTED_EDGE ( 'NONE', *, *, #1826, .T. ) ;
#1433 = ORIENTED_EDGE ( 'NONE', *, *, #2102, .F. ) ;
#1434 =( NAMED_UNIT ( * ) PLANE_ANGLE_UNIT ( ) SI_UNIT ( $, .RADIAN. ) );
#1435 = CARTESIAN_POINT ( 'NONE',  ( -8.723858088961764068, -2.500000000000000000, 2.991975335966791771 ) ) ;
#1436 = VECTOR ( 'NONE', #2764, 1000.000000000000000 ) ;
#1437 = CARTESIAN_POINT ( 'NONE',  ( -8.250900724130918462, 2.500000000000000000, 2.829767657195834119 ) ) ;
#1438 = ORIENTED_EDGE ( 'NONE', *, *, #2902, .T. ) ;
#1439 = FACE_OUTER_BOUND ( 'NONE', #3496, .T. ) ;
#1440 = CIRCLE ( 'NONE', #152, 0.1000000000000002554 ) ;
#1441 = LINE ( 'NONE', #1182, #3912 ) ;
#1442 = VERTEX_POINT ( 'NONE', #4058 ) ;
#1443 = AXIS2_PLACEMENT_3D ( 'NONE', #224, #1677, #3147 ) ;
#1444 = CIRCLE ( 'NONE', #2675, 0.1000000000000000472 ) ;
#1445 = EDGE_LOOP ( 'NONE', ( #4697, #1438, #3180, #3550 ) ) ;
#1446 = CARTESIAN_POINT ( 'NONE',  ( 3.190574868745444270, -4.749999999999998224, 4.728766007677943861 ) ) ;
#1447 = ADVANCED_FACE ( 'NONE', ( #1114 ), #4371, .T. ) ;
#1448 = ORIENTED_EDGE ( 'NONE', *, *, #2459, .T. ) ;
#1449 = CARTESIAN_POINT ( 'NONE',  ( -7.331096411691572001, -4.649999999999998579, 0.000000000000000000 ) ) ;
#1450 = VECTOR ( 'NONE', #1011, 1000.000000000000000 ) ;
#1451 = ORIENTED_EDGE ( 'NONE', *, *, #2459, .F. ) ;
#1452 = CIRCLE ( 'NONE', #1158, 0.1000000000000002554 ) ;
#1453 = EDGE_CURVE ( 'NONE', #3548, #3395, #3566, .T. ) ;
#1454 = CARTESIAN_POINT ( 'NONE',  ( 6.999999999999999112, 6.450000000000000178, -12.59999999999999964 ) ) ;
#1455 = CYLINDRICAL_SURFACE ( 'NONE', #440, 0.1000000000000002554 ) ;
#1456 = CARTESIAN_POINT ( 'NONE',  ( 2.841557181416618949, 2.000000000000000444, 4.691193810440315026 ) ) ;
#1457 = DIRECTION ( 'NONE',  ( -1.000000000000000000, -0.000000000000000000, -0.000000000000000000 ) ) ;
#1458 = CARTESIAN_POINT ( 'NONE',  ( 2.170533081443120071, -1.999999999999999112, 4.356080267192972144 ) ) ;
#1459 = STYLED_ITEM ( 'NONE', ( #4156 ), #3582 ) ;
#1460 = EDGE_CURVE ( 'NONE', #4161, #24, #1093, .T. ) ;
#1461 = ORIENTED_EDGE ( 'NONE', *, *, #4542, .F. ) ;
#1462 = ORIENTED_EDGE ( 'NONE', *, *, #514, .T. ) ;
#1463 = PLANE ( 'NONE',  #2819 ) ;
#1464 = CARTESIAN_POINT ( 'NONE',  ( 4.067354512270195066, -4.650000000000001243, 5.361451350918984282 ) ) ;
#1465 = VECTOR ( 'NONE', #2410, 1000.000000000000000 ) ;
#1466 = CIRCLE ( 'NONE', #3461, 2.000000000000000000 ) ;
#1467 = CARTESIAN_POINT ( 'NONE',  ( 5.843370292992684512, -4.650000000000002132, 5.930285025990841952 ) ) ;
#1468 = VERTEX_POINT ( 'NONE', #2541 ) ;
#1469 = DIRECTION ( 'NONE',  ( 1.000000000000000000, 0.000000000000000000, 0.000000000000000000 ) ) ;
#1470 = VERTEX_POINT ( 'NONE', #3640 ) ;
#1471 = CARTESIAN_POINT ( 'NONE',  ( -0.4000000000000000222, -1.399999999999999689, -14.59999999999999964 ) ) ;
#1472 = EDGE_LOOP ( 'NONE', ( #2957, #1031, #218 ) ) ;
#1473 = LINE ( 'NONE', #1145, #1311 ) ;
#1474 = CARTESIAN_POINT ( 'NONE',  ( -4.298914528744434804, 0.5648508563769485402, 2.659469594036902418 ) ) ;
#1475 = EDGE_LOOP ( 'NONE', ( #251, #3163, #4002, #4389 ) ) ;
#1476 = DIRECTION ( 'NONE',  ( 0.1927021268047517943, 0.000000000000000000, 0.9812573007753497834 ) ) ;
#1477 = LINE ( 'NONE', #2296, #4204 ) ;
#1478 = DIRECTION ( 'NONE',  ( 0.000000000000000000, 0.000000000000000000, 1.000000000000000000 ) ) ;
#1479 = EDGE_CURVE ( 'NONE', #4227, #4077, #2281, .T. ) ;
#1480 = VERTEX_POINT ( 'NONE', #1810 ) ;
#1481 = ORIENTED_EDGE ( 'NONE', *, *, #551, .F. ) ;
#1482 = CARTESIAN_POINT ( 'NONE',  ( 0.4000000000000000222, -0.5999999999999999778, 0.000000000000000000 ) ) ;
#1483 = PLANE ( 'NONE',  #1681 ) ;
#1484 = ORIENTED_EDGE ( 'NONE', *, *, #4602, .T. ) ;
#1485 = EDGE_CURVE ( 'NONE', #1783, #2033, #294, .T. ) ;
#1486 = DIRECTION ( 'NONE',  ( -0.000000000000000000, 0.000000000000000000, -1.000000000000000000 ) ) ;
#1487 = CARTESIAN_POINT ( 'NONE',  ( 5.748066477745162217, -4.650000000000000355, 5.899999999999996803 ) ) ;
#1488 = DIRECTION ( 'NONE',  ( -0.000000000000000000, 0.000000000000000000, -1.000000000000000000 ) ) ;
#1489 = LINE ( 'NONE', #1860, #558 ) ;
#1490 = ORIENTED_EDGE ( 'NONE', *, *, #4321, .F. ) ;
#1491 = EDGE_CURVE ( 'NONE', #3599, #2189, #1741, .T. ) ;
#1492 = EDGE_CURVE ( 'NONE', #2605, #1349, #4395, .T. ) ;
#1493 = CARTESIAN_POINT ( 'NONE',  ( -5.048305437245076632, -0.002411342093669270603, 2.615465292484000503 ) ) ;
#1494 = ORIENTED_EDGE ( 'NONE', *, *, #4004, .F. ) ;
#1495 = CARTESIAN_POINT ( 'NONE',  ( -9.750000000000000000, -6.450000000000000178, -8.099999999999999645 ) ) ;
#1496 =( NAMED_UNIT ( * ) PLANE_ANGLE_UNIT ( ) SI_UNIT ( $, .RADIAN. ) );
#1497 = ORIENTED_EDGE ( 'NONE', *, *, #2006, .F. ) ;
#1498 = ORIENTED_EDGE ( 'NONE', *, *, #1627, .F. ) ;
#1499 = LINE ( 'NONE', #35, #4566 ) ;
#1500 = DIRECTION ( 'NONE',  ( -0.000000000000000000, -1.000000000000000000, -0.000000000000000000 ) ) ;
#1501 = PLANE ( 'NONE',  #3665 ) ;
#1502 = DIRECTION ( 'NONE',  ( 0.000000000000000000, -0.000000000000000000, -1.000000000000000000 ) ) ;
#1503 = VECTOR ( 'NONE', #2183, 1000.000000000000000 ) ;
#1504 = DIRECTION ( 'NONE',  ( -1.000000000000000000, -0.000000000000000000, -0.000000000000000000 ) ) ;
#1505 = VERTEX_POINT ( 'NONE', #2211 ) ;
#1506 = DIRECTION ( 'NONE',  ( 0.000000000000000000, -0.000000000000000000, 1.000000000000000000 ) ) ;
#1507 = DIRECTION ( 'NONE',  ( 0.000000000000000000, 0.000000000000000000, -1.000000000000000000 ) ) ;
#1508 = CIRCLE ( 'NONE', #3498, 0.1000000000000000472 ) ;
#1509 = VECTOR ( 'NONE', #3684, 1000.000000000000000 ) ;
#1510 = EDGE_CURVE ( 'NONE', #2506, #1425, #4727, .T. ) ;
#1511 = CARTESIAN_POINT ( 'NONE',  ( 6.670549256868783417, -4.922477536026734768, 1.890904230603411618 ) ) ;
#1512 = ORIENTED_EDGE ( 'NONE', *, *, #1569, .F. ) ;
#1513 = SPHERICAL_SURFACE ( 'NONE', #2273, 0.1000000000000000056 ) ;
#1514 = DIRECTION ( 'NONE',  ( -0.000000000000000000, 1.000000000000000000, -0.000000000000000000 ) ) ;
#1515 = VECTOR ( 'NONE', #588, 1000.000000000000000 ) ;
#1516 = ORIENTED_EDGE ( 'NONE', *, *, #2839, .T. ) ;
#1517 = CARTESIAN_POINT ( 'NONE',  ( 1.201297028191549821, -4.749999999999998224, 3.896810021521324163 ) ) ;
#1518 = CIRCLE ( 'NONE', #4508, 0.1000000000000002554 ) ;
#1519 = EDGE_CURVE ( 'NONE', #446, #421, #3715, .T. ) ;
#1520 = ORIENTED_EDGE ( 'NONE', *, *, #3636, .F. ) ;
#1521 = DIRECTION ( 'NONE',  ( 0.000000000000000000, 0.000000000000000000, -1.000000000000000000 ) ) ;
#1522 = CARTESIAN_POINT ( 'NONE',  ( 0.000000000000000000, 4.649999999999999467, 1.169279395977619318 ) ) ;
#1523 = VERTEX_POINT ( 'NONE', #2988 ) ;
#1524 = PRESENTATION_LAYER_ASSIGNMENT (  '', '', ( #4586 ) ) ;
#1525 = DIRECTION ( 'NONE',  ( 0.000000000000000000, 0.000000000000000000, -1.000000000000000000 ) ) ;
#1526 = AXIS2_PLACEMENT_3D ( 'NONE', #4072, #2249, #1927 ) ;
#1527 = LINE ( 'NONE', #1567, #979 ) ;
#1528 = VECTOR ( 'NONE', #177, 1000.000000000000114 ) ;
#1529 = LINE ( 'NONE', #1798, #3646 ) ;
#1530 = CARTESIAN_POINT ( 'NONE',  ( 6.672498257678842748, -4.899999999999998579, 1.890727846355832575 ) ) ;
#1531 = CARTESIAN_POINT ( 'NONE',  ( 6.619518679845523224, 4.649999999999999467, 1.269279395977619185 ) ) ;
#1532 = VECTOR ( 'NONE', #4446, 1000.000000000000000 ) ;
#1533 = LINE ( 'NONE', #1195, #223 ) ;
#1534 = ORIENTED_EDGE ( 'NONE', *, *, #3184, .F. ) ;
#1535 = CARTESIAN_POINT ( 'NONE',  ( 0.000000000000000000, 2.500000000000000000, -8.099999999999999645 ) ) ;
#1536 = DIRECTION ( 'NONE',  ( 0.000000000000000000, 1.000000000000000000, 0.000000000000000000 ) ) ;
#1537 = ORIENTED_EDGE ( 'NONE', *, *, #2392, .T. ) ;
#1538 = DIRECTION ( 'NONE',  ( 0.000000000000000000, 0.000000000000000000, -1.000000000000000000 ) ) ;
#1539 = VECTOR ( 'NONE', #2575, 1000.000000000000000 ) ;
#1540 = DIRECTION ( 'NONE',  ( 0.000000000000000000, 0.000000000000000000, -1.000000000000000000 ) ) ;
#1541 = EDGE_LOOP ( 'NONE', ( #4491, #1224, #361, #3560 ) ) ;
#1542 = ADVANCED_FACE ( 'NONE', ( #215 ), #470, .T. ) ;
#1543 = ORIENTED_EDGE ( 'NONE', *, *, #635, .T. ) ;
#1544 = CARTESIAN_POINT ( 'NONE',  ( 6.590487371640043612, -5.000000000000000000, 1.684821420965819438 ) ) ;
#1545 = DIRECTION ( 'NONE',  ( 0.000000000000000000, 0.000000000000000000, 1.000000000000000000 ) ) ;
#1546 = CARTESIAN_POINT ( 'NONE',  ( 0.000000000000000000, 4.750000000000000000, 0.000000000000000000 ) ) ;
#1547 = VERTEX_POINT ( 'NONE', #3333 ) ;
#1548 = EDGE_CURVE ( 'NONE', #3802, #4182, #4441, .T. ) ;
#1549 = LINE ( 'NONE', #1899, #2576 ) ;
#1550 = CYLINDRICAL_SURFACE ( 'NONE', #4579, 0.1000000000000002554 ) ;
#1551 = DIRECTION ( 'NONE',  ( 0.000000000000000000, -1.000000000000000000, 0.000000000000000000 ) ) ;
#1552 = FACE_OUTER_BOUND ( 'NONE', #289, .T. ) ;
#1553 = EDGE_CURVE ( 'NONE', #3319, #3458, #4344, .T. ) ;
#1554 = CARTESIAN_POINT ( 'NONE',  ( -7.225280016424991736, 4.649999999999999467, 2.636584176193800033 ) ) ;
#1555 = VERTEX_POINT ( 'NONE', #3494 ) ;
#1556 = DIRECTION ( 'NONE',  ( -0.000000000000000000, 0.000000000000000000, 1.000000000000000000 ) ) ;
#1557 = CARTESIAN_POINT ( 'NONE',  ( 4.625000000000000000, -6.450000000000000178, -2.327802519272560655 ) ) ;
#1558 = ORIENTED_EDGE ( 'NONE', *, *, #3078, .T. ) ;
#1559 = FACE_BOUND ( 'NONE', #250, .T. ) ;
#1560 =( NAMED_UNIT ( * ) SI_UNIT ( $, .STERADIAN. ) SOLID_ANGLE_UNIT ( ) );
#1561 = CARTESIAN_POINT ( 'NONE',  ( -7.000000000000000888, 6.450000000000000178, -11.59999999999999964 ) ) ;
#1562 = EDGE_LOOP ( 'NONE', ( #672, #120, #2621, #3043 ) ) ;
#1563 = CARTESIAN_POINT ( 'NONE',  ( 4.945780671386379446, 4.649999999999999467, 5.981689234077912865 ) ) ;
#1564 = EDGE_CURVE ( 'NONE', #4473, #503, #834, .T. ) ;
#1565 = CARTESIAN_POINT ( 'NONE',  ( -4.491668750157626455, 0.9415497287627505596, 2.645654396134069941 ) ) ;
#1566 = VERTEX_POINT ( 'NONE', #3032 ) ;
#1567 = CARTESIAN_POINT ( 'NONE',  ( 0.000000000000000000, -6.450000000000000178, 0.000000000000000000 ) ) ;
#1568 = ORIENTED_EDGE ( 'NONE', *, *, #4470, .T. ) ;
#1569 = EDGE_CURVE ( 'NONE', #75, #1796, #2308, .T. ) ;
#1570 = PLANE ( 'NONE',  #830 ) ;
#1571 = DIRECTION ( 'NONE',  ( 0.000000000000000000, 2.135878279796443735E-14, -1.000000000000000000 ) ) ;
#1572 = CARTESIAN_POINT ( 'NONE',  ( -7.331096411691572001, 4.899999999999998579, 2.000000000000000000 ) ) ;
#1573 = DIRECTION ( 'NONE',  ( -1.000000000000000000, -0.000000000000000000, -0.000000000000000000 ) ) ;
#1574 = VERTEX_POINT ( 'NONE', #1884 ) ;
#1575 = EDGE_CURVE ( 'NONE', #400, #373, #3140, .T. ) ;
#1576 = ADVANCED_FACE ( 'NONE', ( #1914 ), #1936, .F. ) ;
#1577 = DIRECTION ( 'NONE',  ( 1.000000000000000000, 0.000000000000000000, 0.000000000000000000 ) ) ;
#1578 = VECTOR ( 'NONE', #3085, 1000.000000000000000 ) ;
#1579 = DIRECTION ( 'NONE',  ( 0.000000000000000000, 0.000000000000000000, 1.000000000000000000 ) ) ;
#1580 = CARTESIAN_POINT ( 'NONE',  ( -0.4000000000000000222, -0.5999999999999999778, 0.000000000000000000 ) ) ;
#1581 = VECTOR ( 'NONE', #4197, 1000.000000000000000 ) ;
#1582 = SURFACE_STYLE_FILL_AREA ( #4101 ) ;
#1583 = VECTOR ( 'NONE', #3410, 1000.000000000000000 ) ;
#1584 = CARTESIAN_POINT ( 'NONE',  ( 0.000000000000000000, -4.649999999999999467, 1.269279395977619185 ) ) ;
#1585 = DIRECTION ( 'NONE',  ( -0.1927021268047518499, 0.000000000000000000, -0.9812573007753497834 ) ) ;
#1586 = DIRECTION ( 'NONE',  ( 0.000000000000000000, 0.000000000000000000, -1.000000000000000000 ) ) ;
#1587 = ORIENTED_EDGE ( 'NONE', *, *, #71, .F. ) ;
#1588 = AXIS2_PLACEMENT_3D ( 'NONE', #3359, #3856, #3740 ) ;
#1589 = DIRECTION ( 'NONE',  ( -0.000000000000000000, -1.000000000000000000, -0.000000000000000000 ) ) ;
#1590 = CARTESIAN_POINT ( 'NONE',  ( 0.000000000000000000, 4.649999999999999467, 5.899999999999999467 ) ) ;
#1591 = ORIENTED_EDGE ( 'NONE', *, *, #313, .T. ) ;
#1592 = SURFACE_SIDE_STYLE ('',( #499 ) ) ;
#1593 = LINE ( 'NONE', #4527, #685 ) ;
#1594 = VECTOR ( 'NONE', #3828, 1000.000000000000000 ) ;
#1595 = DIRECTION ( 'NONE',  ( 1.000000000000000000, 0.000000000000000000, 0.000000000000000000 ) ) ;
#1596 = EDGE_CURVE ( 'NONE', #4100, #2440, #2789, .T. ) ;
#1597 = AXIS2_PLACEMENT_3D ( 'NONE', #1155, #1573, #459 ) ;
#1598 = CARTESIAN_POINT ( 'NONE',  ( 2.655509190426758259, 4.650000000000001243, 4.585837746652803304 ) ) ;
#1599 = ORIENTED_EDGE ( 'NONE', *, *, #39, .T. ) ;
#1600 = VERTEX_POINT ( 'NONE', #580 ) ;
#1601 = CARTESIAN_POINT ( 'NONE',  ( 0.2276869966060121875, 4.750000000000000000, 3.431826820570229142 ) ) ;
#1602 = VECTOR ( 'NONE', #2, 1000.000000000000000 ) ;
#1603 = CARTESIAN_POINT ( 'NONE',  ( -4.856762584888929091, -0.7597240410065374538, 2.624005430270157202 ) ) ;
#1604 = VECTOR ( 'NONE', #2669, 1000.000000000000000 ) ;
#1605 = LINE ( 'NONE', #2304, #2997 ) ;
#1606 = DIRECTION ( 'NONE',  ( 0.000000000000000000, -0.7016300613841643941, -0.7125414071912269387 ) ) ;
#1607 = EDGE_CURVE ( 'NONE', #102, #3297, #2024, .T. ) ;
#1608 = DIRECTION ( 'NONE',  ( 0.000000000000000000, 0.000000000000000000, -1.000000000000000000 ) ) ;
#1609 = FACE_OUTER_BOUND ( 'NONE', #2572, .T. ) ;
#1610 = LINE ( 'NONE', #812, #2202 ) ;
#1611 = EDGE_LOOP ( 'NONE', ( #4546, #3348, #886, #1451 ) ) ;
#1612 = AXIS2_PLACEMENT_3D ( 'NONE', #494, #3843, #1920 ) ;
#1613 = VECTOR ( 'NONE', #3149, 1000.000000000000000 ) ;
#1614 = CYLINDRICAL_SURFACE ( 'NONE', #1957, 0.1000000000000002554 ) ;
#1615 = EDGE_LOOP ( 'NONE', ( #571, #973, #2832, #436 ) ) ;
#1616 =( LENGTH_UNIT ( ) NAMED_UNIT ( * ) SI_UNIT ( .MILLI., .METRE. ) );
#1617 = CARTESIAN_POINT ( 'NONE',  ( 6.574393139664143959, 4.649999999999999467, 2.850848951392678465 ) ) ;
#1618 = CARTESIAN_POINT ( 'NONE',  ( -4.625000000000000000, -6.825078385935131386, 2.168404344971008868E-16 ) ) ;
#1619 = DIRECTION ( 'NONE',  ( 0.9459147296616911005, 0.000000000000000000, -0.3244153575419169711 ) ) ;
#1620 = ORIENTED_EDGE ( 'NONE', *, *, #710, .F. ) ;
#1621 = CARTESIAN_POINT ( 'NONE',  ( 6.619518679845521447, -4.899999999999999467, 1.269279395977620517 ) ) ;
#1622 = EDGE_CURVE ( 'NONE', #1425, #1702, #149, .T. ) ;
#1623 = B_SPLINE_CURVE_WITH_KNOTS ( 'NONE', 3,
 ( #3906, #307, #1051, #1756, #666, #3542, #264 ),
 .UNSPECIFIED., .F., .F.,
 ( 4, 3, 4 ),
 ( 0.000000000000000000, 0.0003085400676654933227, 0.0006325944322420731835 ),
 .UNSPECIFIED. ) ;
#1624 = FACE_OUTER_BOUND ( 'NONE', #2138, .T. ) ;
#1625 = PLANE ( 'NONE',  #4205 ) ;
#1626 = CARTESIAN_POINT ( 'NONE',  ( -9.597906161280910453, -2.500000000000000000, -8.099999999999999645 ) ) ;
#1627 = EDGE_CURVE ( 'NONE', #4468, #4632, #1181, .T. ) ;
#1628 = FILL_AREA_STYLE ('',( #3745 ) ) ;
#1629 = ADVANCED_FACE ( 'NONE', ( #1410 ), #1680, .F. ) ;
#1630 = PLANE ( 'NONE',  #290 ) ;
#1631 = VERTEX_POINT ( 'NONE', #2149 ) ;
#1632 = SURFACE_SIDE_STYLE ('',( #3467 ) ) ;
#1633 = VERTEX_POINT ( 'NONE', #627 ) ;
#1634 = CARTESIAN_POINT ( 'NONE',  ( 9.107277510893236894, 2.500000000000000000, 0.000000000000000000 ) ) ;
#1635 = CARTESIAN_POINT ( 'NONE',  ( 5.748066477745162217, 0.000000000000000000, 5.899999999999999467 ) ) ;
#1636 = CARTESIAN_POINT ( 'NONE',  ( -5.375000000000000000, 6.825078385935131386, 0.000000000000000000 ) ) ;
#1637 = CARTESIAN_POINT ( 'NONE',  ( 0.4000000000000000222, -0.5999999999999999778, -14.39999999999999325 ) ) ;
#1638 = EDGE_LOOP ( 'NONE', ( #4714, #2890, #4085, #850 ) ) ;
#1639 =( BOUNDED_SURFACE ( )  B_SPLINE_SURFACE ( 3, 2, ( 
 ( #4196, #2378, #1644 ),
 ( #1274, #924, #563 ),
 ( #2008, #195, #3477 ),
 ( #1069, #4375, #4400 ),
 ( #2215, #1842, #3617 ),
 ( #1143, #4422, #3316 ),
 ( #3987, #1517, #346 ),
 ( #1446, #2139, #4699 ),
 ( #1789, #3266, #2493 ),
 ( #787, #3597, #4726 ) ),
 .UNSPECIFIED., .F., .F., .F. ) 
 B_SPLINE_SURFACE_WITH_KNOTS ( ( 4, 2, 2, 2, 4 ),
 ( 3, 3 ),
 ( 0.0004999859446453743927, 0.003733884136510150220, 0.006967782328374925831, 0.01020168052023970144, 0.01343557871210447792 ),
 ( 0.000000000000000000, 1.000000000000000000 ),
 .UNSPECIFIED. ) 
 GEOMETRIC_REPRESENTATION_ITEM ( )  RATIONAL_B_SPLINE_SURFACE ( (
 ( 1.000000000000000000, 0.7071067811865444641, 1.000000000000000000),
 ( 1.000000000000000000, 0.7071067811865444641, 1.000000000000000000),
 ( 1.000000000000000000, 0.7071067811865505703, 1.000000000000000000),
 ( 1.000000000000000000, 0.7071067811865505703, 1.000000000000000000),
 ( 1.000000000000000000, 0.7071067811865505703, 1.000000000000000000),
 ( 1.000000000000000000, 0.7071067811865505703, 1.000000000000000000),
 ( 1.000000000000000000, 0.7071067811865505703, 1.000000000000000000),
 ( 1.000000000000000000, 0.7071067811865505703, 1.000000000000000000),
 ( 1.000000000000000000, 0.7071067811865505703, 1.000000000000000000),
 ( 1.000000000000000000, 0.7071067811865505703, 1.000000000000000000) ) ) 
 REPRESENTATION_ITEM ( '' )  SURFACE ( )  );
#1640 = FILL_AREA_STYLE ('',( #192 ) ) ;
#1641 = CARTESIAN_POINT ( 'NONE',  ( 6.607015722409385283, 4.999999999999998224, 1.480849822257793269 ) ) ;
#1642 = PRODUCT_DEFINITION ( 'UNKNOWN', '', #791, #1699 ) ;
#1643 = CARTESIAN_POINT ( 'NONE',  ( 6.619518679845521447, 4.649999999999999467, 1.269279395977620295 ) ) ;
#1644 = CARTESIAN_POINT ( 'NONE',  ( -7.225280016424984630, -4.650000000000000355, 2.636584176193799145 ) ) ;
#1645 = ORIENTED_EDGE ( 'NONE', *, *, #804, .F. ) ;
#1646 = CARTESIAN_POINT ( 'NONE',  ( 0.4000000000000000222, -1.600000000000007194, -15.40000000000000036 ) ) ;
#1647 = AXIS2_PLACEMENT_3D ( 'NONE', #2953, #2246, #2268 ) ;
#1648 = PRESENTATION_LAYER_ASSIGNMENT (  '', '', ( #3643 ) ) ;
#1649 = EDGE_CURVE ( 'NONE', #1783, #1780, #3944, .T. ) ;
#1650 =( NAMED_UNIT ( * ) SI_UNIT ( $, .STERADIAN. ) SOLID_ANGLE_UNIT ( ) );
#1651 = LINE ( 'NONE', #1343, #1515 ) ;
#1652 = CYLINDRICAL_SURFACE ( 'NONE', #4068, 0.1000000000000000472 ) ;
#1653 = VERTEX_POINT ( 'NONE', #4711 ) ;
#1654 = STYLED_ITEM ( 'NONE', ( #522 ), #1001 ) ;
#1655 =( LENGTH_UNIT ( ) NAMED_UNIT ( * ) SI_UNIT ( .MILLI., .METRE. ) );
#1656 = UNCERTAINTY_MEASURE_WITH_UNIT (LENGTH_MEASURE( 1.000000000000000082E-05 ), #23, 'distance_accuracy_value', 'NONE');
#1657 = ORIENTED_EDGE ( 'NONE', *, *, #2345, .F. ) ;
#1658 = DIRECTION ( 'NONE',  ( 1.000000000000000000, -0.000000000000000000, 0.000000000000000000 ) ) ;
#1659 = CARTESIAN_POINT ( 'NONE',  ( -7.231096411691571468, 4.899999999999999467, 1.269279395977619185 ) ) ;
#1660 = VECTOR ( 'NONE', #2469, 1000.000000000000000 ) ;
#1661 = CARTESIAN_POINT ( 'NONE',  ( -7.331096411691572001, 4.649999999999999467, 1.269279395977619185 ) ) ;
#1662 = VERTEX_POINT ( 'NONE', #4670 ) ;
#1663 = ORIENTED_EDGE ( 'NONE', *, *, #1017, .F. ) ;
#1664 = AXIS2_PLACEMENT_3D ( 'NONE', #3605, #1800, #10 ) ;
#1665 = SURFACE_SIDE_STYLE ('',( #2809 ) ) ;
#1666 = CARTESIAN_POINT ( 'NONE',  ( 6.619518679845521447, 4.900000000000001243, 1.269279395977620739 ) ) ;
#1667 = AXIS2_PLACEMENT_3D ( 'NONE', #2671, #1259, #4135 ) ;
#1668 = CIRCLE ( 'NONE', #3579, 0.1000000000000000472 ) ;
#1669 = LINE ( 'NONE', #193, #3133 ) ;
#1670 = VERTEX_POINT ( 'NONE', #3877 ) ;
#1671 = CARTESIAN_POINT ( 'NONE',  ( -7.231096411691571468, -4.899999999999999467, 0.000000000000000000 ) ) ;
#1672 = MECHANICAL_DESIGN_GEOMETRIC_PRESENTATION_REPRESENTATION (  '', ( #995 ), #1305 ) ;
#1674 = EDGE_LOOP ( 'NONE', ( #4401, #211, #4138, #2171 ) ) ;
#1673 = VECTOR ( 'NONE', #661, 1000.000000000000114 ) ;
#1675 = AXIS2_PLACEMENT_3D ( 'NONE', #2158, #3213, #3611 ) ;
#1676 = ORIENTED_EDGE ( 'NONE', *, *, #804, .T. ) ;
#1677 = DIRECTION ( 'NONE',  ( -0.000000000000000000, 1.000000000000000000, 0.000000000000000000 ) ) ;
#1678 = CARTESIAN_POINT ( 'NONE',  ( 6.662322539515241893, 4.899999999999999467, 2.000000000000000000 ) ) ;
#1679 = CARTESIAN_POINT ( 'NONE',  ( 6.672498257678842748, -4.899999999999998579, 1.890727846355832575 ) ) ;
#1680 = B_SPLINE_SURFACE_WITH_KNOTS ( 'NONE', 2, 1, ( 
 ( #991, #2416 ),
 ( #3162, #4327 ),
 ( #3252, #282 ) ),
 .UNSPECIFIED., .F., .F., .F.,
 ( 3, 3 ),
 ( 2, 2 ),
 ( 0.005640048089198470595, 0.3814774063548218019 ),
 ( 0.000000000000000000, 1.000000000000000000 ),
 .UNSPECIFIED. ) ;
#1681 = AXIS2_PLACEMENT_3D ( 'NONE', #2659, #1875, #1178 ) ;
#1682 = ORIENTED_EDGE ( 'NONE', *, *, #2610, .F. ) ;
#1683 = EDGE_CURVE ( 'NONE', #734, #3927, #1428, .T. ) ;
#1684 = EDGE_LOOP ( 'NONE', ( #1014, #343, #309, #4462 ) ) ;
#1685 = VECTOR ( 'NONE', #2265, 1000.000000000000000 ) ;
#1686 = DIRECTION ( 'NONE',  ( -0.000000000000000000, 1.000000000000000000, 0.000000000000000000 ) ) ;
#1687 = EDGE_CURVE ( 'NONE', #970, #573, #2883, .T. ) ;
#1688 = LINE ( 'NONE', #3090, #297 ) ;
#1689 = CARTESIAN_POINT ( 'NONE',  ( -9.107277510893236894, 2.500000000000000000, 0.000000000000000000 ) ) ;
#1690 = CARTESIAN_POINT ( 'NONE',  ( -9.000000000000000000, 6.450000000000000178, 0.000000000000000000 ) ) ;
#1691 = ADVANCED_FACE ( 'NONE', ( #2811 ), #4237, .T. ) ;
#1692 = DIRECTION ( 'NONE',  ( 0.000000000000000000, -1.000000000000000000, -0.000000000000000000 ) ) ;
#1693 = EDGE_LOOP ( 'NONE', ( #3945, #2466, #1074, #439 ) ) ;
#1694 = CARTESIAN_POINT ( 'NONE',  ( 4.108800274413143327, 4.750000000000000888, 5.295439685050748579 ) ) ;
#1695 = CARTESIAN_POINT ( 'NONE',  ( -7.000000000000000888, 6.450000000000000178, 0.000000000000000000 ) ) ;
#1696 = CARTESIAN_POINT ( 'NONE',  ( -0.4000000000000000222, 0.000000000000000000, -15.40000000000000036 ) ) ;
#1697 = ORIENTED_EDGE ( 'NONE', *, *, #4329, .F. ) ;
#1698 = EDGE_CURVE ( 'NONE', #1109, #4041, #4626, .T. ) ;
#1699 = PRODUCT_DEFINITION_CONTEXT ( 'detailed design', #2100, 'design' ) ;
#1700 = VERTEX_POINT ( 'NONE', #3523 ) ;
#1701 = LINE ( 'NONE', #4275, #2355 ) ;
#1702 = VERTEX_POINT ( 'NONE', #1337 ) ;
#1703 = CARTESIAN_POINT ( 'NONE',  ( -9.000000000000000000, 5.000000000000000000, -11.59999999999999964 ) ) ;
#1704 = PRESENTATION_STYLE_ASSIGNMENT (( #1043 ) ) ;
#1705 = ADVANCED_FACE ( 'NONE', ( #2123 ), #2862, .T. ) ;
#1706 = DIRECTION ( 'NONE',  ( -1.000000000000000000, -0.000000000000000000, -0.000000000000000000 ) ) ;
#1707 = VERTEX_POINT ( 'NONE', #1690 ) ;
#1708 = ORIENTED_EDGE ( 'NONE', *, *, #882, .F. ) ;
#1709 =( NAMED_UNIT ( * ) PLANE_ANGLE_UNIT ( ) SI_UNIT ( $, .RADIAN. ) );
#1710 = CARTESIAN_POINT ( 'NONE',  ( -2.743140263018213787, -0.4652335255789845636, 2.842601819721074285 ) ) ;
#1711 = EDGE_LOOP ( 'NONE', ( #3792, #3680 ) ) ;
#1712 = EDGE_CURVE ( 'NONE', #1296, #3948, #647, .T. ) ;
#1713 = CARTESIAN_POINT ( 'NONE',  ( -6.152153453996333177, 4.750000000000000000, 2.473891462047214329 ) ) ;
#1714 = DIRECTION ( 'NONE',  ( 0.000000000000000000, -1.000000000000000000, -0.000000000000000000 ) ) ;
#1715 = CARTESIAN_POINT ( 'NONE',  ( -7.231096411691571468, 4.649999999999999467, 1.269279395977619185 ) ) ;
#1716 = ORIENTED_EDGE ( 'NONE', *, *, #3677, .T. ) ;
#1717 = MECHANICAL_DESIGN_GEOMETRIC_PRESENTATION_REPRESENTATION (  '', ( #3643 ), #3341 ) ;
#1718 = VECTOR ( 'NONE', #1033, 1000.000000000000000 ) ;
#1719 = ORIENTED_EDGE ( 'NONE', *, *, #2991, .F. ) ;
#1720 = SURFACE_STYLE_USAGE ( .BOTH. , #4620 ) ;
#1721 = SURFACE_SIDE_STYLE ('',( #3551 ) ) ;
#1722 = CARTESIAN_POINT ( 'NONE',  ( 5.003459688678321804, -4.649999999999998579, 6.000000000000000000 ) ) ;
#1723 = CARTESIAN_POINT ( 'NONE',  ( -6.599999999999999645, -11.15000000000000036, 0.000000000000000000 ) ) ;
#1724 = AXIS2_PLACEMENT_3D ( 'NONE', #4526, #2709, #838 ) ;
#1725 = CARTESIAN_POINT ( 'NONE',  ( -7.231096411691578574, -4.650000000000002132, 2.536753471768243617 ) ) ;
#1726 = ORIENTED_EDGE ( 'NONE', *, *, #3773, .F. ) ;
#1727 = PRESENTATION_STYLE_ASSIGNMENT (( #4255 ) ) ;
#1728 = CARTESIAN_POINT ( 'NONE',  ( -3.665297767466908052, -0.9333483929279974278, 2.718570001622372168 ) ) ;
#1729 = VECTOR ( 'NONE', #4448, 1000.000000000000000 ) ;
#1730 = CARTESIAN_POINT ( 'NONE',  ( -0.4000000000000000222, 6.450000000000000178, -11.59999999999999964 ) ) ;
#1731 = EDGE_CURVE ( 'NONE', #3319, #13, #1623, .T. ) ;
#1732 = VECTOR ( 'NONE', #3658, 1000.000000000000000 ) ;
#1733 = SURFACE_SIDE_STYLE ('',( #2532 ) ) ;
#1734 = ORIENTED_EDGE ( 'NONE', *, *, #3689, .F. ) ;
#1735 = CARTESIAN_POINT ( 'NONE',  ( 6.626094379391457068, 4.750000000001362466, 2.853123104491884998 ) ) ;
#1736 = VECTOR ( 'NONE', #3975, 1000.000000000000000 ) ;
#1737 = ADVANCED_FACE ( 'NONE', ( #3559 ), #4286, .T. ) ;
#1738 = CARTESIAN_POINT ( 'NONE',  ( -2.921372495061318020, -4.749999999999998224, 2.684215641655772533 ) ) ;
#1739 = VECTOR ( 'NONE', #37, 1000.000000000000000 ) ;
#1740 = AXIS2_PLACEMENT_3D ( 'NONE', #1725, #2900, #2525 ) ;
#1741 = LINE ( 'NONE', #48, #1292 ) ;
#1742 = DIRECTION ( 'NONE',  ( -0.000000000000000000, -0.000000000000000000, -1.000000000000000000 ) ) ;
#1743 = ORIENTED_EDGE ( 'NONE', *, *, #1712, .F. ) ;
#1744 = EDGE_CURVE ( 'NONE', #3469, #2717, #1, .T. ) ;
#1745 = MECHANICAL_DESIGN_GEOMETRIC_PRESENTATION_REPRESENTATION (  '', ( #1231 ), #2843 ) ;
#1746 = VECTOR ( 'NONE', #2744, 1000.000000000000000 ) ;
#1747 = DIRECTION ( 'NONE',  ( 0.000000000000000000, 0.000000000000000000, -1.000000000000000000 ) ) ;
#1748 = ORIENTED_EDGE ( 'NONE', *, *, #2758, .T. ) ;
#1749 = DIRECTION ( 'NONE',  ( -1.000000000000000000, 0.000000000000000000, 0.000000000000000000 ) ) ;
#1750 = CARTESIAN_POINT ( 'NONE',  ( -9.000000000000000000, -6.450000000000000178, -8.099999999999999645 ) ) ;
#1751 = AXIS2_PLACEMENT_3D ( 'NONE', #1267, #3778, #2390 ) ;
#1752 = FACE_OUTER_BOUND ( 'NONE', #4165, .T. ) ;
#1753 = ORIENTED_EDGE ( 'NONE', *, *, #2032, .F. ) ;
#1754 = CARTESIAN_POINT ( 'NONE',  ( 2.170533081443117407, 2.000000000000000444, 4.356080267192971256 ) ) ;
#1755 = DIRECTION ( 'NONE',  ( -0.000000000000000000, 0.000000000000000000, 1.000000000000000000 ) ) ;
#1756 = CARTESIAN_POINT ( 'NONE',  ( 6.598694519809293446, 5.000000000000000000, 1.577115923559731847 ) ) ;
#1757 = ORIENTED_EDGE ( 'NONE', *, *, #3706, .T. ) ;
#1758 = EDGE_CURVE ( 'NONE', #3620, #3395, #3203, .T. ) ;
#1759 = VERTEX_POINT ( 'NONE', #2481 ) ;
#1760 = CARTESIAN_POINT ( 'NONE',  ( 6.719344519258355852, 4.649999999999999467, 1.275178699794457859 ) ) ;
#1761 = CARTESIAN_POINT ( 'NONE',  ( 4.945780671386379446, -4.650000000000001243, 5.981689234077912865 ) ) ;
#1762 = CARTESIAN_POINT ( 'NONE',  ( 6.615625562056522746, -4.990566639213777300, 1.895907790399912862 ) ) ;
#1763 = DIRECTION ( 'NONE',  ( -1.000000000000000000, 0.000000000000000000, -0.000000000000000000 ) ) ;
#1764 = CARTESIAN_POINT ( 'NONE',  ( -7.231096411691571468, 4.899999999999998579, 1.269279395977619185 ) ) ;
#1765 = ORIENTED_EDGE ( 'NONE', *, *, #2483, .T. ) ;
#1766 = CARTESIAN_POINT ( 'NONE',  ( -1.026141911038240373, 2.500000000000000000, -2.991975335966797989 ) ) ;
#1767 = ADVANCED_FACE ( 'NONE', ( #3581 ), #3229, .F. ) ;
#1768 = EDGE_CURVE ( 'NONE', #4208, #1915, #2250, .T. ) ;
#1769 = ORIENTED_EDGE ( 'NONE', *, *, #2655, .F. ) ;
#1770 = DIRECTION ( 'NONE',  ( -2.312964634635743450E-16, 1.000000000000000000, 0.000000000000000000 ) ) ;
#1771 =( NAMED_UNIT ( * ) SI_UNIT ( $, .STERADIAN. ) SOLID_ANGLE_UNIT ( ) );
#1772 = DIRECTION ( 'NONE',  ( 0.000000000000000000, 0.000000000000000000, 1.000000000000000000 ) ) ;
#1773 = ORIENTED_EDGE ( 'NONE', *, *, #1744, .F. ) ;
#1774 = DIRECTION ( 'NONE',  ( 0.000000000000000000, 0.000000000000000000, 1.000000000000000000 ) ) ;
#1775 = EDGE_LOOP ( 'NONE', ( #1823, #4728, #2095 ) ) ;
#1776 = CARTESIAN_POINT ( 'NONE',  ( -4.359907552835799116, -0.4766612672157843900, 2.654976074994601198 ) ) ;
#1777 = DIRECTION ( 'NONE',  ( 0.000000000000000000, 0.000000000000000000, 1.000000000000000000 ) ) ;
#1778 =( NAMED_UNIT ( * ) SI_UNIT ( $, .STERADIAN. ) SOLID_ANGLE_UNIT ( ) );
#1779 = ORIENTED_EDGE ( 'NONE', *, *, #790, .T. ) ;
#1780 = VERTEX_POINT ( 'NONE', #2934 ) ;
#1781 = CARTESIAN_POINT ( 'NONE',  ( 0.2268913045818568841, 4.750000000000001776, 3.431588462860427846 ) ) ;
#1782 = CARTESIAN_POINT ( 'NONE',  ( 1.196645558110462693, -4.650000000000001243, 3.894967591595297929 ) ) ;
#1783 = VERTEX_POINT ( 'NONE', #3998 ) ;
#1784 = FACE_OUTER_BOUND ( 'NONE', #4253, .T. ) ;
#1785 = CARTESIAN_POINT ( 'NONE',  ( 6.586437788974661700, -4.999146218068250214, 1.898591353152528693 ) ) ;
#1786 = DIRECTION ( 'NONE',  ( 1.000000000000000000, -8.673617379884013384E-15, 0.000000000000000000 ) ) ;
#1787 = VERTEX_POINT ( 'NONE', #1458 ) ;
#1788 = EDGE_CURVE ( 'NONE', #4290, #13, #269, .T. ) ;
#1789 = CARTESIAN_POINT ( 'NONE',  ( 4.123615273373605561, -4.749999999999998224, 5.278760715882073740 ) ) ;
#1790 = LINE ( 'NONE', #2994, #854 ) ;
#1791 = DIRECTION ( 'NONE',  ( 1.000000000000000000, 0.000000000000000000, -0.000000000000000000 ) ) ;
#1792 = CARTESIAN_POINT ( 'NONE',  ( 10.14831082805733331, 2.500000000000000000, -2.702609660302199401 ) ) ;
#1793 = VERTEX_POINT ( 'NONE', #3325 ) ;
#1794 =( GEOMETRIC_REPRESENTATION_CONTEXT ( 3 ) GLOBAL_UNCERTAINTY_ASSIGNED_CONTEXT ( ( #2340 ) ) GLOBAL_UNIT_ASSIGNED_CONTEXT ( ( #93, #1180, #3405 ) ) REPRESENTATION_CONTEXT ( 'NONE', 'WORKASPACE' ) );
#1795 = CARTESIAN_POINT ( 'NONE',  ( 8.250900724130918462, -2.500000000000000000, 2.829767657195834119 ) ) ;
#1796 = VERTEX_POINT ( 'NONE', #109 ) ;
#1797 = ORIENTED_EDGE ( 'NONE', *, *, #3501, .T. ) ;
#1798 = CARTESIAN_POINT ( 'NONE',  ( -7.331096411691572001, -4.750000000000000000, 1.269279395977619185 ) ) ;
#1799 = CARTESIAN_POINT ( 'NONE',  ( 0.4000000000000000222, -11.15000000000000036, -15.40000000000000036 ) ) ;
#1800 = DIRECTION ( 'NONE',  ( 0.3244153575419176372, 0.000000000000000000, -0.9459147296616908784 ) ) ;
#1801 = STYLED_ITEM ( 'NONE', ( #4715 ), #561 ) ;
#1802 = EDGE_LOOP ( 'NONE', ( #1719, #3664, #3241, #4426 ) ) ;
#1803 = CIRCLE ( 'NONE', #3653, 0.1000000000000002554 ) ;
#1804 = EDGE_LOOP ( 'NONE', ( #2175, #738, #4642, #1840 ) ) ;
#1805 =( NAMED_UNIT ( * ) PLANE_ANGLE_UNIT ( ) SI_UNIT ( $, .RADIAN. ) );
#1806 = LINE ( 'NONE', #3123, #19 ) ;
#1807 = VECTOR ( 'NONE', #2619, 1000.000000000000000 ) ;
#1808 = CARTESIAN_POINT ( 'NONE',  ( 6.574142295399016511, -4.650000000000001243, 2.852536162872282954 ) ) ;
#1809 = AXIS2_PLACEMENT_3D ( 'NONE', #4360, #2609, #4073 ) ;
#1810 = CARTESIAN_POINT ( 'NONE',  ( -6.599999999999999645, -1.600000000000007194, -15.40000000000000036 ) ) ;
#1811 = CARTESIAN_POINT ( 'NONE',  ( 6.571192588896067832, 5.100000000000000533, 2.000000000000000000 ) ) ;
#1812 = ORIENTED_EDGE ( 'NONE', *, *, #60, .T. ) ;
#1813 = AXIS2_PLACEMENT_3D ( 'NONE', #2688, #1908, #2640 ) ;
#1814 = AXIS2_PLACEMENT_3D ( 'NONE', #2026, #3808, #582 ) ;
#1815 = ORIENTED_EDGE ( 'NONE', *, *, #3677, .F. ) ;
#1816 = CARTESIAN_POINT ( 'NONE',  ( 9.750000000000000000, 2.500000000000000000, 0.000000000000000000 ) ) ;
#1817 = CARTESIAN_POINT ( 'NONE',  ( -7.431096411691572534, 4.899999999999998579, 2.000000000000000000 ) ) ;
#1818 = EDGE_CURVE ( 'NONE', #3749, #1400, #677, .T. ) ;
#1819 = CARTESIAN_POINT ( 'NONE',  ( -2.987336518193785651, 0.7467021969335930764, 2.805276063819634569 ) ) ;
#1820 = VECTOR ( 'NONE', #3850, 1000.000000000000000 ) ;
#1821 = DIRECTION ( 'NONE',  ( 0.000000000000000000, 0.000000000000000000, -1.000000000000000000 ) ) ;
#1822 = COLOUR_RGB ( '',0.2862745098039215508, 0.2862745098039215508, 0.2862745098039215508 ) ;
#1823 = ORIENTED_EDGE ( 'NONE', *, *, #253, .F. ) ;
#1824 = VECTOR ( 'NONE', #3286, 1000.000000000000000 ) ;
#1825 = LINE ( 'NONE', #2267, #1376 ) ;
#1826 = EDGE_CURVE ( 'NONE', #2717, #4077, #1440, .T. ) ;
#1827 = CYLINDRICAL_SURFACE ( 'NONE', #2743, 0.1000000000000000472 ) ;
#1828 = CARTESIAN_POINT ( 'NONE',  ( 6.725293048662275730, -4.899999999999999467, 1.169279395977619318 ) ) ;
#1829 = CARTESIAN_POINT ( 'NONE',  ( -7.231096411691571468, -4.899999999999999467, 1.899999999999999911 ) ) ;
#1830 = CARTESIAN_POINT ( 'NONE',  ( -9.277042635169156171, -2.500000000000000000, -0.1622076787709588741 ) ) ;
#1831 = ORIENTED_EDGE ( 'NONE', *, *, #4218, .T. ) ;
#1832 = EDGE_CURVE ( 'NONE', #673, #3319, #4022, .T. ) ;
#1833 = ORIENTED_EDGE ( 'NONE', *, *, #4262, .F. ) ;
#1834 = ADVANCED_FACE ( 'NONE', ( #389 ), #2226, .T. ) ;
#1835 = LINE ( 'NONE', #805, #308 ) ;
#1836 = COLOUR_RGB ( '',0.2862745098039215508, 0.2862745098039215508, 0.2862745098039215508 ) ;
#1837 =( GEOMETRIC_REPRESENTATION_CONTEXT ( 3 ) GLOBAL_UNCERTAINTY_ASSIGNED_CONTEXT ( ( #1656 ) ) GLOBAL_UNIT_ASSIGNED_CONTEXT ( ( #23, #4059, #2542 ) ) REPRESENTATION_CONTEXT ( 'NONE', 'WORKASPACE' ) );
#1838 = CARTESIAN_POINT ( 'NONE',  ( 6.772067465603777592, -4.899999999999999467, 1.899999999999999911 ) ) ;
#1839 = DIRECTION ( 'NONE',  ( 0.000000000000000000, 2.038300084272750229E-14, -1.000000000000000000 ) ) ;
#1840 = ORIENTED_EDGE ( 'NONE', *, *, #4328, .F. ) ;
#1841 = ORIENTED_EDGE ( 'NONE', *, *, #2187, .F. ) ;
#1842 = CARTESIAN_POINT ( 'NONE',  ( -1.881238128897941397, -4.750000000000936140, 2.967914678369392600 ) ) ;
#1843 = VERTEX_POINT ( 'NONE', #56 ) ;
#1844 = CARTESIAN_POINT ( 'NONE',  ( -7.331096411691572001, -5.000000000000000000, 1.899999999999999911 ) ) ;
#1845 = ORIENTED_EDGE ( 'NONE', *, *, #1758, .T. ) ;
#1846 = DIRECTION ( 'NONE',  ( 0.000000000000000000, 0.000000000000000000, 1.000000000000000000 ) ) ;
#1847 = VERTEX_POINT ( 'NONE', #1870 ) ;
#1848 = PRESENTATION_STYLE_ASSIGNMENT (( #1188 ) ) ;
#1849 = DIRECTION ( 'NONE',  ( 1.000000000000000000, 0.000000000000000000, 0.000000000000000000 ) ) ;
#1850 = LINE ( 'NONE', #387, #3429 ) ;
#1851 = CARTESIAN_POINT ( 'NONE',  ( 5.003459688678322692, -4.649999999999999467, 5.899999999999999467 ) ) ;
#1852 = CARTESIAN_POINT ( 'NONE',  ( 6.657307654870829872, 4.952673764825623159, 1.892105549830970013 ) ) ;
#1853 = ADVANCED_FACE ( 'NONE', ( #3346 ), #38, .T. ) ;
#1854 = EDGE_LOOP ( 'NONE', ( #3988, #4573, #1620, #2201 ) ) ;
#1855 = PLANE ( 'NONE',  #3285 ) ;
#1856 = B_SPLINE_SURFACE_WITH_KNOTS ( 'NONE', 2, 1, ( 
 ( #2720, #442 ),
 ( #3030, #1881 ),
 ( #1203, #2664 ) ),
 .UNSPECIFIED., .F., .F., .F.,
 ( 3, 3 ),
 ( 2, 2 ),
 ( 0.007620847819901188647, 0.9975832290902773014 ),
 ( 0.000000000000000000, 1.000000000000000000 ),
 .UNSPECIFIED. ) ;
#1857 = EDGE_CURVE ( 'NONE', #2721, #4129, #2977, .T. ) ;
#1858 = LINE ( 'NONE', #4466, #3264 ) ;
#1859 = CARTESIAN_POINT ( 'NONE',  ( 5.003459688678321804, 0.000000000000000000, 5.900000000000001243 ) ) ;
#1860 = CARTESIAN_POINT ( 'NONE',  ( -10.49999999999999822, -7.500000000000000888, 2.000000000000000000 ) ) ;
#1861 = ORIENTED_EDGE ( 'NONE', *, *, #2791, .F. ) ;
#1862 = LINE ( 'NONE', #426, #91 ) ;
#1863 = CARTESIAN_POINT ( 'NONE',  ( -4.366567155450328030, 0.4633250468374132125, 2.654484221380404740 ) ) ;
#1864 =( NAMED_UNIT ( * ) PLANE_ANGLE_UNIT ( ) SI_UNIT ( $, .RADIAN. ) );
#1865 = EDGE_LOOP ( 'NONE', ( #4410, #4171, #3956, #1328 ) ) ;
#1866 = CARTESIAN_POINT ( 'NONE',  ( 9.750000000000000000, 6.450000000000000178, 0.000000000000000000 ) ) ;
#1867 = DIRECTION ( 'NONE',  ( -1.000000000000000000, -0.000000000000000000, -0.000000000000000000 ) ) ;
#1868 = CARTESIAN_POINT ( 'NONE',  ( 9.597906161280910453, 2.500000000000000000, -8.099999999999999645 ) ) ;
#1869 = PRESENTATION_STYLE_ASSIGNMENT (( #775 ) ) ;
#1870 = CARTESIAN_POINT ( 'NONE',  ( -4.479384375474870339, -0.005035233311920586652, 2.646492160562042173 ) ) ;
#1871 = VECTOR ( 'NONE', #4108, 1000.000000000000000 ) ;
#1872 =( NAMED_UNIT ( * ) SI_UNIT ( $, .STERADIAN. ) SOLID_ANGLE_UNIT ( ) );
#1873 = VERTEX_POINT ( 'NONE', #2955 ) ;
#1874 = LINE ( 'NONE', #2959, #140 ) ;
#1875 = DIRECTION ( 'NONE',  ( 0.9459147296616911005, 0.000000000000000000, -0.3244153575419171376 ) ) ;
#1876 = EDGE_LOOP ( 'NONE', ( #2951, #1196, #3101 ) ) ;
#1877 = STYLED_ITEM ( 'NONE', ( #2255 ), #530 ) ;
#1878 = ADVANCED_FACE ( 'NONE', ( #4434 ), #1153, .F. ) ;
#1879 = VECTOR ( 'NONE', #3323, 1000.000000000000000 ) ;
#1880 = DIRECTION ( 'NONE',  ( -0.1927021268047517943, 0.000000000000000000, 0.9812573007753497834 ) ) ;
#1881 = CARTESIAN_POINT ( 'NONE',  ( -0.3584248533524622693, -4.650000000000002132, 2.236503401025232929 ) ) ;
#1882 = ORIENTED_EDGE ( 'NONE', *, *, #4178, .F. ) ;
#1883 = DIRECTION ( 'NONE',  ( 1.000000000000000000, 0.000000000000000000, 0.000000000000000000 ) ) ;
#1884 = CARTESIAN_POINT ( 'NONE',  ( 7.000000000000000888, 5.000000000000000000, -12.59999999999999964 ) ) ;
#1885 = EDGE_CURVE ( 'NONE', #1468, #1670, #528, .T. ) ;
#1886 = AXIS2_PLACEMENT_3D ( 'NONE', #1326, #3463, #975 ) ;
#1887 = ORIENTED_EDGE ( 'NONE', *, *, #237, .F. ) ;
#1888 = LINE ( 'NONE', #4174, #3587 ) ;
#1889 = VECTOR ( 'NONE', #2411, 1000.000000000000000 ) ;
#1890 = CARTESIAN_POINT ( 'NONE',  ( 0.000000000000000000, 6.450000000000000178, -12.59999999999999964 ) ) ;
#1891 = ADVANCED_FACE ( 'NONE', ( #1173, #2636 ), #4091, .F. ) ;
#1892 = FACE_OUTER_BOUND ( 'NONE', #2166, .T. ) ;
#1893 = ORIENTED_EDGE ( 'NONE', *, *, #2639, .F. ) ;
#1894 = FACE_OUTER_BOUND ( 'NONE', #809, .T. ) ;
#1895 = ORIENTED_EDGE ( 'NONE', *, *, #1951, .T. ) ;
#1896 =( GEOMETRIC_REPRESENTATION_CONTEXT ( 3 ) GLOBAL_UNCERTAINTY_ASSIGNED_CONTEXT ( ( #616 ) ) GLOBAL_UNIT_ASSIGNED_CONTEXT ( ( #4691, #1952, #2656 ) ) REPRESENTATION_CONTEXT ( 'NONE', 'WORKASPACE' ) );
#1897 = LINE ( 'NONE', #3371, #3064 ) ;
#1898 = VECTOR ( 'NONE', #960, 1000.000000000000000 ) ;
#1899 = CARTESIAN_POINT ( 'NONE',  ( -6.599999999999999645, -1.400000000000014566, -16.60000000000000142 ) ) ;
#1900 = VECTOR ( 'NONE', #2169, 1000.000000000000000 ) ;
#1901 = LINE ( 'NONE', #4497, #671 ) ;
#1902 = FACE_OUTER_BOUND ( 'NONE', #2527, .T. ) ;
#1903 = CARTESIAN_POINT ( 'NONE',  ( -7.231096411691571468, 4.899999999999998579, 1.899999999999999911 ) ) ;
#1904 = STYLED_ITEM ( 'NONE', ( #4519 ), #3121 ) ;
#1905 = CARTESIAN_POINT ( 'NONE',  ( -4.625000000000000000, 0.000000000000000000, 0.000000000000000000 ) ) ;
#1906 = ORIENTED_EDGE ( 'NONE', *, *, #4567, .T. ) ;
#1907 = SURFACE_SIDE_STYLE ('',( #2588 ) ) ;
#1908 = DIRECTION ( 'NONE',  ( -1.000000000000000000, 0.000000000000000000, 0.000000000000000000 ) ) ;
#1909 = AXIS2_PLACEMENT_3D ( 'NONE', #1890, #2217, #3989 ) ;
#1910 = EDGE_CURVE ( 'NONE', #2657, #2717, #913, .T. ) ;
#1911 = CARTESIAN_POINT ( 'NONE',  ( -7.231096411691571468, -4.649999999999997691, 2.536753471768243173 ) ) ;
#1912 = VECTOR ( 'NONE', #1749, 1000.000000000000000 ) ;
#1913 = SURFACE_SIDE_STYLE ('',( #2618 ) ) ;
#1914 = FACE_OUTER_BOUND ( 'NONE', #1065, .T. ) ;
#1915 = VERTEX_POINT ( 'NONE', #3066 ) ;
#1916 = ADVANCED_FACE ( 'NONE', ( #4144 ), #1949, .F. ) ;
#1917 = CARTESIAN_POINT ( 'NONE',  ( -7.400000000000000355, 0.000000000000000000, 0.000000000000000000 ) ) ;
#1918 = VERTEX_POINT ( 'NONE', #168 ) ;
#1919 = DIRECTION ( 'NONE',  ( 0.000000000000000000, 0.000000000000000000, 1.000000000000000000 ) ) ;
#1920 = DIRECTION ( 'NONE',  ( 0.000000000000000000, 0.000000000000000000, 1.000000000000000000 ) ) ;
#1921 = ORIENTED_EDGE ( 'NONE', *, *, #2194, .F. ) ;
#1922 = EDGE_CURVE ( 'NONE', #1296, #2574, #1518, .T. ) ;
#1923 = FILL_AREA_STYLE ('',( #770 ) ) ;
#1924 = DIRECTION ( 'NONE',  ( 0.05816395266587323643, 0.000000000000000000, 0.9983070442555648238 ) ) ;
#1925 = VERTEX_POINT ( 'NONE', #3754 ) ;
#1926 = CARTESIAN_POINT ( 'NONE',  ( 6.999999999999999112, 6.450000000000000178, -11.59999999999999964 ) ) ;
#1927 = DIRECTION ( 'NONE',  ( 0.000000000000000000, -0.000000000000000000, 1.000000000000000000 ) ) ;
#1928 = DIRECTION ( 'NONE',  ( 0.3244153575419169711, 0.000000000000000000, 0.9459147296616911005 ) ) ;
#1929 = SURFACE_STYLE_FILL_AREA ( #484 ) ;
#1930 = ORIENTED_EDGE ( 'NONE', *, *, #121, .T. ) ;
#1931 = CARTESIAN_POINT ( 'NONE',  ( -5.375000000000000000, 0.000000000000000000, 0.000000000000000000 ) ) ;
#1932 = CARTESIAN_POINT ( 'NONE',  ( 6.571192588896067832, 5.100000000000000533, 1.899999999999999911 ) ) ;
#1933 = CARTESIAN_POINT ( 'NONE',  ( 6.662322539515237452, -4.900000000000000355, 2.000000000000000000 ) ) ;
#1934 = ORIENTED_EDGE ( 'NONE', *, *, #3174, .T. ) ;
#1935 = PLANE ( 'NONE',  #3878 ) ;
#1936 = CYLINDRICAL_SURFACE ( 'NONE', #1588, 0.9999999999999991118 ) ;
#1937 = EDGE_CURVE ( 'NONE', #968, #2186, #2391, .T. ) ;
#1938 = LINE ( 'NONE', #2746, #933 ) ;
#1939 = CARTESIAN_POINT ( 'NONE',  ( 5.843370292992684512, 4.649999999999999467, 5.930285025990841952 ) ) ;
#1940 = DIRECTION ( 'NONE',  ( -0.3028502599084103020, 0.000000000000000000, 0.9530381524752344902 ) ) ;
#1941 = EDGE_LOOP ( 'NONE', ( #725, #2168, #1494 ) ) ;
#1942 = EDGE_CURVE ( 'NONE', #4, #837, #2368, .T. ) ;
#1943 = DIRECTION ( 'NONE',  ( 0.000000000000000000, 0.000000000000000000, 1.000000000000000000 ) ) ;
#1944 = CARTESIAN_POINT ( 'NONE',  ( -9.750000000000000000, 6.450000000000000178, -10.09999999999999964 ) ) ;
#1945 = ORIENTED_EDGE ( 'NONE', *, *, #2784, .T. ) ;
#1946 = DIRECTION ( 'NONE',  ( -0.9459147296616911005, 0.000000000000000000, -0.3244153575419169711 ) ) ;
#1947 = SPHERICAL_SURFACE ( 'NONE', #3006, 0.1000000000000000056 ) ;
#1948 =( BOUNDED_SURFACE ( )  B_SPLINE_SURFACE ( 3, 2, ( 
 ( #2076, #4623, #1334 ),
 ( #2807, #2438, #3901 ),
 ( #3539, #258, #1383 ),
 ( #2857, #4018, #642 ) ),
 .UNSPECIFIED., .F., .F., .F. ) 
 B_SPLINE_SURFACE_WITH_KNOTS ( ( 4, 4 ),
 ( 3, 3 ),
 ( 0.003026971791115194450, 0.003661226105023222821 ),
 ( 0.000000000000000000, 1.000000000000000000 ),
 .UNSPECIFIED. ) 
 GEOMETRIC_REPRESENTATION_ITEM ( )  RATIONAL_B_SPLINE_SURFACE ( (
 ( 1.000000000000000000, 0.7071067811865475727, 1.000000000000000000),
 ( 1.000000000000000000, 0.7071067811865475727, 1.000000000000000000),
 ( 1.000000000000000000, 0.7071067811865505703, 1.000000000000000000),
 ( 1.000000000000000000, 0.7071067811865505703, 1.000000000000000000) ) ) 
 REPRESENTATION_ITEM ( '' )  SURFACE ( )  );
#1949 = PLANE ( 'NONE',  #2670 ) ;
#1950 = EDGE_CURVE ( 'NONE', #837, #3796, #550, .T. ) ;
#1951 = EDGE_CURVE ( 'NONE', #3535, #2161, #2320, .T. ) ;
#1952 =( NAMED_UNIT ( * ) PLANE_ANGLE_UNIT ( ) SI_UNIT ( $, .RADIAN. ) );
#1953 = VERTEX_POINT ( 'NONE', #2000 ) ;
#1954 = EDGE_LOOP ( 'NONE', ( #2170, #4341, #1997, #463 ) ) ;
#1955 = CARTESIAN_POINT ( 'NONE',  ( -2.936336235421332930, 4.649999999999999467, 2.783202632056504644 ) ) ;
#1956 = CARTESIAN_POINT ( 'NONE',  ( 0.000000000000000000, -5.000000000000000000, 0.000000000000000000 ) ) ;
#1957 = AXIS2_PLACEMENT_3D ( 'NONE', #3724, #890, #106 ) ;
#1958 = DIRECTION ( 'NONE',  ( 1.000000000000000000, 0.000000000000000000, 0.000000000000000000 ) ) ;
#1959 = VECTOR ( 'NONE', #510, 1000.000000000000000 ) ;
#1960 = SPHERICAL_SURFACE ( 'NONE', #4593, 0.1000000000000000056 ) ;
#1961 = VERTEX_POINT ( 'NONE', #1636 ) ;
#1962 = B_SPLINE_CURVE_WITH_KNOTS ( 'NONE', 1,
 ( #3864, #3437 ),
 .UNSPECIFIED., .F., .F.,
 ( 2, 2 ),
 ( 0.000000000000000000, 1.000000000000000000 ),
 .UNSPECIFIED. ) ;
#1963 = MECHANICAL_DESIGN_GEOMETRIC_PRESENTATION_REPRESENTATION (  '', ( #2584 ), #4113 ) ;
#1964 = VECTOR ( 'NONE', #331, 1000.000000000000000 ) ;
#1965 = DIRECTION ( 'NONE',  ( -0.9812573007753497834, 0.000000000000000000, 0.1927021268047518499 ) ) ;
#1966 = FACE_OUTER_BOUND ( 'NONE', #636, .T. ) ;
#1967 = ORIENTED_EDGE ( 'NONE', *, *, #4704, .T. ) ;
#1968 = EDGE_CURVE ( 'NONE', #3206, #3069, #1135, .T. ) ;
#1969 = FACE_OUTER_BOUND ( 'NONE', #3651, .T. ) ;
#1970 = DIRECTION ( 'NONE',  ( 0.000000000000000000, 0.000000000000000000, 1.000000000000000000 ) ) ;
#1971 = ORIENTED_EDGE ( 'NONE', *, *, #3025, .F. ) ;
#1972 = DIRECTION ( 'NONE',  ( -0.000000000000000000, -1.000000000000000000, -0.000000000000000000 ) ) ;
#1973 = CARTESIAN_POINT ( 'NONE',  ( -5.375000000000000000, 6.825078385935131386, -1.958467813539574776 ) ) ;
#1974 = AXIS2_PLACEMENT_3D ( 'NONE', #2020, #2756, #941 ) ;
#1975 = CYLINDRICAL_SURFACE ( 'NONE', #220, 0.1000000000000000472 ) ;
#1976 = PRESENTATION_LAYER_ASSIGNMENT (  '', '', ( #4517 ) ) ;
#1977 = COLOUR_RGB ( '',0.8431372549019607865, 0.8431372549019607865, 0.8431372549019607865 ) ;
#1978 = ADVANCED_FACE ( 'NONE', ( #4163 ), #892, .T. ) ;
#1979 = CARTESIAN_POINT ( 'NONE',  ( 9.000000000000000000, -6.450000000000000178, -8.099999999999999645 ) ) ;
#1980 = EDGE_LOOP ( 'NONE', ( #206, #2523, #2681, #4249 ) ) ;
#1981 =( BOUNDED_SURFACE ( )  B_SPLINE_SURFACE ( 3, 2, ( 
 ( #3563, #4333, #1760 ),
 ( #288, #1735, #3977 ),
 ( #701, #4676, #1392 ),
 ( #2866, #4311, #2154 ) ),
 .UNSPECIFIED., .F., .F., .F. ) 
 B_SPLINE_SURFACE_WITH_KNOTS ( ( 4, 4 ),
 ( 3, 3 ),
 ( 0.001037957773785245673, 0.005755565031184627610 ),
 ( 0.000000000000000000, 1.000000000000000000 ),
 .UNSPECIFIED. ) 
 GEOMETRIC_REPRESENTATION_ITEM ( )  RATIONAL_B_SPLINE_SURFACE ( (
 ( 1.000000000000000000, 0.7071067811865505703, 1.000000000000000000),
 ( 1.000000000000000000, 0.7071067811865505703, 1.000000000000000000),
 ( 1.000000000000000000, 0.7071067811865445751, 1.000000000000000000),
 ( 1.000000000000000000, 0.7071067811865445751, 1.000000000000000000) ) ) 
 REPRESENTATION_ITEM ( '' )  SURFACE ( )  );
#1982 = CARTESIAN_POINT ( 'NONE',  ( 10.49999999999999822, 7.500000000000001776, 2.000000000000000000 ) ) ;
#1983 = CARTESIAN_POINT ( 'NONE',  ( 6.719344519258355852, 4.899999999999998579, 1.275178699794455639 ) ) ;
#1984 = EDGE_CURVE ( 'NONE', #4351, #2463, #524, .T. ) ;
#1985 = DIRECTION ( 'NONE',  ( 0.000000000000000000, 2.038300084272750229E-14, -1.000000000000000000 ) ) ;
#1986 = AXIS2_PLACEMENT_3D ( 'NONE', #1766, #2967, #2188 ) ;
#1987 = CARTESIAN_POINT ( 'NONE',  ( 6.571192588896067832, -5.100000000000005862, 2.000000000000000000 ) ) ;
#1988 = PLANE ( 'NONE',  #2030 ) ;
#1989 = CARTESIAN_POINT ( 'NONE',  ( 10.66479332996103579, 2.500000000000000000, -2.667310487280512010 ) ) ;
#1990 = CARTESIAN_POINT ( 'NONE',  ( 5.375000000000000000, -6.450000000000000178, -2.327802519272560655 ) ) ;
#1991 = CARTESIAN_POINT ( 'NONE',  ( 5.748066477745161329, 4.750000000000000000, 5.899999999999999467 ) ) ;
#1992 = DIRECTION ( 'NONE',  ( -1.000000000000000000, 0.000000000000000000, -0.000000000000000000 ) ) ;
#1993 = EDGE_LOOP ( 'NONE', ( #3381, #4733, #1212, #2979 ) ) ;
#1994 = SURFACE_SIDE_STYLE ('',( #2041 ) ) ;
#1995 = FILL_AREA_STYLE ('',( #2540 ) ) ;
#1996 = UNCERTAINTY_MEASURE_WITH_UNIT (LENGTH_MEASURE( 1.000000000000000082E-05 ), #2381, 'distance_accuracy_value', 'NONE');
#1997 = ORIENTED_EDGE ( 'NONE', *, *, #3235, .T. ) ;
#1998 = CARTESIAN_POINT ( 'NONE',  ( 6.526493550308008373, 4.750000000000000000, 2.843416265495190665 ) ) ;
#1999 = DIRECTION ( 'NONE',  ( -0.1927021268047517943, 0.000000000000000000, 0.9812573007753497834 ) ) ;
#2000 = CARTESIAN_POINT ( 'NONE',  ( 6.772067465603777592, -4.899999999999999467, 2.000000000000000000 ) ) ;
#2001 = ADVANCED_FACE ( 'NONE', ( #1552 ), #1975, .F. ) ;
#2002 = CARTESIAN_POINT ( 'NONE',  ( -3.517465122172809266, -1.517907781680640111, 2.676425433853744984 ) ) ;
#2003 = ORIENTED_EDGE ( 'NONE', *, *, #153, .F. ) ;
#2004 = FACE_OUTER_BOUND ( 'NONE', #2993, .T. ) ;
#2005 = CARTESIAN_POINT ( 'NONE',  ( 6.690627455635894449, 4.899999999999998579, 1.686787526319063701 ) ) ;
#2006 = EDGE_CURVE ( 'NONE', #2056, #1873, #2297, .T. ) ;
#2007 = LINE ( 'NONE', #4222, #3814 ) ;
#2008 = CARTESIAN_POINT ( 'NONE',  ( -5.073085864963537972, -4.749999999999998224, 2.485650867620321502 ) ) ;
#2009 = ORIENTED_EDGE ( 'NONE', *, *, #490, .F. ) ;
#2010 = FACE_OUTER_BOUND ( 'NONE', #267, .T. ) ;
#2011 = EDGE_CURVE ( 'NONE', #999, #4315, #2783, .T. ) ;
#2012 = DIRECTION ( 'NONE',  ( 1.000000000000000000, -0.000000000000000000, 0.000000000000000000 ) ) ;
#2013 = CARTESIAN_POINT ( 'NONE',  ( 9.000000000000000000, 6.450000000000000178, 0.000000000000000000 ) ) ;
#2014 = PLANE ( 'NONE',  #2232 ) ;
#2015 = ORIENTED_EDGE ( 'NONE', *, *, #4304, .F. ) ;
#2016 = CARTESIAN_POINT ( 'NONE',  ( -10.66479332996103579, 2.500000000000000000, -2.667310487280512010 ) ) ;
#2017 = ORIENTED_EDGE ( 'NONE', *, *, #4647, .F. ) ;
#2018 = ORIENTED_EDGE ( 'NONE', *, *, #410, .T. ) ;
#2019 = FACE_OUTER_BOUND ( 'NONE', #1472, .T. ) ;
#2020 = CARTESIAN_POINT ( 'NONE',  ( 8.250900724130918462, 2.500000000000000000, 2.829767657195834119 ) ) ;
#2021 = LINE ( 'NONE', #4164, #2214 ) ;
#2022 = FACE_OUTER_BOUND ( 'NONE', #2491, .T. ) ;
#2023 = CARTESIAN_POINT ( 'NONE',  ( 6.706262830136394903, 4.899999999999998579, 1.481598616234054422 ) ) ;
#2024 = LINE ( 'NONE', #1321, #2206 ) ;
#2025 = ORIENTED_EDGE ( 'NONE', *, *, #3036, .T. ) ;
#2026 = CARTESIAN_POINT ( 'NONE',  ( -7.231096411691571468, 4.649999999999999467, 0.000000000000000000 ) ) ;
#2027 = EDGE_CURVE ( 'NONE', #2574, #4657, #4232, .T. ) ;
#2028 = EDGE_LOOP ( 'NONE', ( #1831, #4597, #1753 ) ) ;
#2029 = CARTESIAN_POINT ( 'NONE',  ( 2.841557181416618505, -1.999999999999999112, 4.691193810440314138 ) ) ;
#2030 = AXIS2_PLACEMENT_3D ( 'NONE', #1304, #196, #3499 ) ;
#2031 = LINE ( 'NONE', #608, #3907 ) ;
#2032 = EDGE_CURVE ( 'NONE', #2865, #3571, #2051, .T. ) ;
#2033 = VERTEX_POINT ( 'NONE', #1382 ) ;
#2034 = CARTESIAN_POINT ( 'NONE',  ( 6.571192588896067832, -5.000000000000000000, 1.899999999999999911 ) ) ;
#2035 = CARTESIAN_POINT ( 'NONE',  ( 6.680274829167538897, 5.099999555807195328, 2.000000000000000000 ) ) ;
#2036 = FACE_OUTER_BOUND ( 'NONE', #513, .T. ) ;
#2037 = PRESENTATION_LAYER_ASSIGNMENT (  '', '', ( #2739 ) ) ;
#2038 = ORIENTED_EDGE ( 'NONE', *, *, #4268, .T. ) ;
#2039 = VECTOR ( 'NONE', #2334, 1000.000000000000114 ) ;
#2040 = EDGE_CURVE ( 'NONE', #4335, #380, #4686, .T. ) ;
#2041 = SURFACE_STYLE_FILL_AREA ( #2487 ) ;
#2042 = UNCERTAINTY_MEASURE_WITH_UNIT (LENGTH_MEASURE( 1.000000000000000082E-05 ), #122, 'distance_accuracy_value', 'NONE');
#2043 = ORIENTED_EDGE ( 'NONE', *, *, #3860, .F. ) ;
#2044 = CARTESIAN_POINT ( 'NONE',  ( -2.433653318776112684, -0.9876297296116608448, 2.894359353418907155 ) ) ;
#2045 = DIRECTION ( 'NONE',  ( 1.000000000000000000, 2.602085213965204015E-14, 0.000000000000000000 ) ) ;
#2046 = ORIENTED_EDGE ( 'NONE', *, *, #3588, .F. ) ;
#2047 = SURFACE_SIDE_STYLE ('',( #4231 ) ) ;
#2048 = CARTESIAN_POINT ( 'NONE',  ( 6.999999999999999112, 6.450000000000000178, -11.59999999999999964 ) ) ;
#2049 = VECTOR ( 'NONE', #3261, 1000.000000000000000 ) ;
#2050 = CARTESIAN_POINT ( 'NONE',  ( 6.619518679845523224, -4.899999999999999467, 1.269279395977619185 ) ) ;
#2051 = CIRCLE ( 'NONE', #2751, 0.1000000000000002554 ) ;
#2052 = CARTESIAN_POINT ( 'NONE',  ( 6.690412819631395003, 4.899999999999814726, 1.701030887561859162 ) ) ;
#2053 = CARTESIAN_POINT ( 'NONE',  ( -10.49999999999999822, -7.500000000000000888, 0.000000000000000000 ) ) ;
#2054 = PRESENTATION_LAYER_ASSIGNMENT (  '', '', ( #842 ) ) ;
#2055 = VECTOR ( 'NONE', #3908, 1000.000000000000114 ) ;
#2056 = VERTEX_POINT ( 'NONE', #3898 ) ;
#2057 = LINE ( 'NONE', #3456, #2055 ) ;
#2058 = CARTESIAN_POINT ( 'NONE',  ( -1.860876523450464948, 4.750000000000000000, 2.869855447555062611 ) ) ;
#2059 = COLOUR_RGB ( '',0.8431372549019607865, 0.8431372549019607865, 0.8431372549019607865 ) ;
#2060 =( GEOMETRIC_REPRESENTATION_CONTEXT ( 3 ) GLOBAL_UNCERTAINTY_ASSIGNED_CONTEXT ( ( #3534 ) ) GLOBAL_UNIT_ASSIGNED_CONTEXT ( ( #1655, #3511, #4568 ) ) REPRESENTATION_CONTEXT ( 'NONE', 'WORKASPACE' ) );
#2061 = ADVANCED_FACE ( 'NONE', ( #4601 ), #2877, .F. ) ;
#2062 = AXIS2_PLACEMENT_3D ( 'NONE', #1932, #2326, #3783 ) ;
#2063 = CARTESIAN_POINT ( 'NONE',  ( -5.077983291446269476, -4.650000000000003020, 2.585737155668281329 ) ) ;
#2064 = LINE ( 'NONE', #3529, #3807 ) ;
#2065 = DIRECTION ( 'NONE',  ( -1.000000000000000000, -0.000000000000000000, -0.000000000000000000 ) ) ;
#2066 = AXIS2_PLACEMENT_3D ( 'NONE', #2204, #2179, #4391 ) ;
#2067 = ORIENTED_EDGE ( 'NONE', *, *, #1788, .F. ) ;
#2068 = EDGE_CURVE ( 'NONE', #4227, #4687, #257, .T. ) ;
#2069 = ORIENTED_EDGE ( 'NONE', *, *, #3073, .F. ) ;
#2070 =( NAMED_UNIT ( * ) SI_UNIT ( $, .STERADIAN. ) SOLID_ANGLE_UNIT ( ) );
#2071 = CARTESIAN_POINT ( 'NONE',  ( -9.000000000000000000, -6.450000000000000178, -0.000000000000000000 ) ) ;
#2072 = COLOUR_RGB ( '',0.8431372549019607865, 0.8431372549019607865, 0.8431372549019607865 ) ;
#2073 = CARTESIAN_POINT ( 'NONE',  ( -9.597906161280910453, 2.500000000000000000, -8.099999999999999645 ) ) ;
#2074 = EDGE_CURVE ( 'NONE', #4270, #2708, #382, .T. ) ;
#2075 = EDGE_CURVE ( 'NONE', #3647, #3616, #1007, .T. ) ;
#2076 = CARTESIAN_POINT ( 'NONE',  ( 6.570836652277629142, -5.000000000000001776, 1.903776142833033092 ) ) ;
#2077 = B_SPLINE_CURVE_WITH_KNOTS ( 'NONE', 3,
 ( #4636, #3131, #3573, #1316 ),
 .UNSPECIFIED., .F., .F.,
 ( 4, 4 ),
 ( 0.000000000000000000, 0.004721135207568664949 ),
 .UNSPECIFIED. ) ;
#2078 = ORIENTED_EDGE ( 'NONE', *, *, #3426, .T. ) ;
#2079 = FILL_AREA_STYLE_COLOUR ( '', #4106 ) ;
#2080 = CARTESIAN_POINT ( 'NONE',  ( -2.979423501429198762, -0.7360958483110343620, 2.806426004144209063 ) ) ;
#2081 = DIRECTION ( 'NONE',  ( -0.000000000000000000, -1.000000000000000000, -0.000000000000000000 ) ) ;
#2082 = CARTESIAN_POINT ( 'NONE',  ( 5.375000000000000000, 0.000000000000000000, 0.000000000000000000 ) ) ;
#2083 = EDGE_LOOP ( 'NONE', ( #4013, #983, #4310, #3847 ) ) ;
#2084 = ORIENTED_EDGE ( 'NONE', *, *, #4481, .F. ) ;
#2085 = CARTESIAN_POINT ( 'NONE',  ( -7.400000000000000355, -11.15000000000000036, 0.000000000000000000 ) ) ;
#2086 = DIRECTION ( 'NONE',  ( 0.000000000000000000, 0.000000000000000000, -1.000000000000000000 ) ) ;
#2087 = VERTEX_POINT ( 'NONE', #640 ) ;
#2088 = ORIENTED_EDGE ( 'NONE', *, *, #2244, .F. ) ;
#2089 =( LENGTH_UNIT ( ) NAMED_UNIT ( * ) SI_UNIT ( .MILLI., .METRE. ) );
#2090 = ADVANCED_FACE ( 'NONE', ( #2093 ), #3552, .F. ) ;
#2091 = FILL_AREA_STYLE ('',( #2852 ) ) ;
#2092 = CARTESIAN_POINT ( 'NONE',  ( 6.725293048662275730, -4.750000000000000000, 1.269279395977619185 ) ) ;
#2093 = FACE_OUTER_BOUND ( 'NONE', #1475, .T. ) ;
#2094 = FACE_OUTER_BOUND ( 'NONE', #3925, .T. ) ;
#2095 = ORIENTED_EDGE ( 'NONE', *, *, #60, .F. ) ;
#2096 = DIRECTION ( 'NONE',  ( 0.000000000000000000, 0.000000000000000000, 1.000000000000000000 ) ) ;
#2097 = LINE ( 'NONE', #330, #2597 ) ;
#2098 = DIRECTION ( 'NONE',  ( 0.000000000000000000, 1.000000000000000000, 0.000000000000000000 ) ) ;
#2099 = B_SPLINE_CURVE_WITH_KNOTS ( 'NONE', 2,
 ( #2792, #4557, #4239 ),
 .UNSPECIFIED., .F., .F.,
 ( 3, 3 ),
 ( 0.000000000000000000, 1.000000000000000000 ),
 .UNSPECIFIED. ) ;
#2100 = APPLICATION_CONTEXT ( 'automotive_design' ) ;
#2101 = FILL_AREA_STYLE ('',( #651 ) ) ;
#2102 = EDGE_CURVE ( 'NONE', #3047, #4100, #659, .T. ) ;
#2103 = ORIENTED_EDGE ( 'NONE', *, *, #697, .T. ) ;
#2104 = CARTESIAN_POINT ( 'NONE',  ( -9.000000000000000000, 5.000000000000000000, -12.59999999999999964 ) ) ;
#2105 = DIRECTION ( 'NONE',  ( -1.000000000000000000, 0.000000000000000000, -0.000000000000000000 ) ) ;
#2106 = CARTESIAN_POINT ( 'NONE',  ( -10.28249979814616566, 2.500000000000000000, -2.019306840730284325 ) ) ;
#2107 = DIRECTION ( 'NONE',  ( 0.000000000000000000, 0.000000000000000000, 1.000000000000000000 ) ) ;
#2108 = ORIENTED_EDGE ( 'NONE', *, *, #4043, .T. ) ;
#2109 = MECHANICAL_DESIGN_GEOMETRIC_PRESENTATION_REPRESENTATION (  '', ( #1202 ), #1794 ) ;
#2110 = ORIENTED_EDGE ( 'NONE', *, *, #153, .T. ) ;
#2111 = AXIS2_PLACEMENT_3D ( 'NONE', #1689, #645, #2096 ) ;
#2112 = ORIENTED_EDGE ( 'NONE', *, *, #3441, .F. ) ;
#2113 = CARTESIAN_POINT ( 'NONE',  ( -2.220959068349961374, -0.6596099546923168688, 2.933152906864875842 ) ) ;
#2114 = CARTESIAN_POINT ( 'NONE',  ( -6.599999999999999645, 0.000000000000000000, -16.60000000000000142 ) ) ;
#2115 = ORIENTED_EDGE ( 'NONE', *, *, #2252, .F. ) ;
#2116 = LINE ( 'NONE', #3222, #1317 ) ;
#2117 = CARTESIAN_POINT ( 'NONE',  ( -7.231096411691571468, 4.899999999999998579, 2.000000000000000000 ) ) ;
#2118 = EDGE_CURVE ( 'NONE', #348, #713, #4303, .T. ) ;
#2119 = FACE_OUTER_BOUND ( 'NONE', #1615, .T. ) ;
#2120 = ORIENTED_EDGE ( 'NONE', *, *, #2878, .T. ) ;
#2121 = CARTESIAN_POINT ( 'NONE',  ( 9.277042635169156171, -2.500000000000000000, -0.1622076787709588741 ) ) ;
#2122 = AXIS2_PLACEMENT_3D ( 'NONE', #1413, #708, #3614 ) ;
#2123 = FACE_OUTER_BOUND ( 'NONE', #3911, .T. ) ;
#2124 = EDGE_CURVE ( 'NONE', #4227, #3469, #606, .T. ) ;
#2125 = STYLED_ITEM ( 'NONE', ( #1704 ), #2061 ) ;
#2126 = VERTEX_POINT ( 'NONE', #1750 ) ;
#2127 = SURFACE_STYLE_FILL_AREA ( #2101 ) ;
#2128 = VERTEX_POINT ( 'NONE', #3223 ) ;
#2129 = VECTOR ( 'NONE', #3110, 1000.000000000000000 ) ;
#2130 = EDGE_CURVE ( 'NONE', #673, #2657, #768, .T. ) ;
#2131 = EDGE_CURVE ( 'NONE', #2128, #3240, #4195, .T. ) ;
#2132 = VECTOR ( 'NONE', #4111, 1000.000000000000000 ) ;
#2133 = VECTOR ( 'NONE', #92, 1000.000000000000000 ) ;
#2134 = CARTESIAN_POINT ( 'NONE',  ( 0.4000000000000000222, -0.5999999999999999778, -14.39999999999999325 ) ) ;
#2135 = LINE ( 'NONE', #4631, #1091 ) ;
#2136 = EDGE_LOOP ( 'NONE', ( #2800, #3299, #3126, #3607 ) ) ;
#2137 = VECTOR ( 'NONE', #403, 1000.000000000000000 ) ;
#2138 = EDGE_LOOP ( 'NONE', ( #4703, #1645, #3321, #691 ) ) ;
#2139 = CARTESIAN_POINT ( 'NONE',  ( 3.142365501875731049, -4.749999999999998224, 4.816580668444549573 ) ) ;
#2140 =( GEOMETRIC_REPRESENTATION_CONTEXT ( 3 ) GLOBAL_UNCERTAINTY_ASSIGNED_CONTEXT ( ( #2247 ) ) GLOBAL_UNIT_ASSIGNED_CONTEXT ( ( #3978, #3528, #3663 ) ) REPRESENTATION_CONTEXT ( 'NONE', 'WORKASPACE' ) );
#2141 = CARTESIAN_POINT ( 'NONE',  ( 5.375000000000000000, 6.450000000000000178, -2.327802519272560655 ) ) ;
#2142 = DIRECTION ( 'NONE',  ( -0.000000000000000000, -1.000000000000000000, -0.000000000000000000 ) ) ;
#2143 = B_SPLINE_CURVE_WITH_KNOTS ( 'NONE', 3,
 ( #3474, #989, #2005, #2375, #2023, #965, #2415 ),
 .UNSPECIFIED., .F., .F.,
 ( 4, 3, 4 ),
 ( 8.673617379884035472E-19, 0.0003071086554844863520, 0.0006173515352676140107 ),
 .UNSPECIFIED. ) ;
#2144 = CARTESIAN_POINT ( 'NONE',  ( 5.748066477745162217, -4.649999999999998579, 6.000000000000000000 ) ) ;
#2145 = CARTESIAN_POINT ( 'NONE',  ( 6.571192588896067832, 5.000000000000000000, 1.899999999999999911 ) ) ;
#2146 = ORIENTED_EDGE ( 'NONE', *, *, #1460, .T. ) ;
#2147 = CARTESIAN_POINT ( 'NONE',  ( -7.231096411691571468, -4.899999999999999467, 1.169279395977619318 ) ) ;
#2148 = CARTESIAN_POINT ( 'NONE',  ( -7.231096411691571468, 4.649999999999999467, 2.536753471768243173 ) ) ;
#2149 = CARTESIAN_POINT ( 'NONE',  ( -4.625000000000000000, 6.450000000000000178, -2.327802519272560655 ) ) ;
#2150 = EDGE_CURVE ( 'NONE', #4552, #4349, #3094, .T. ) ;
#2151 = AXIS2_PLACEMENT_3D ( 'NONE', #3593, #2889, #3239 ) ;
#2152 = CARTESIAN_POINT ( 'NONE',  ( 5.375000000000000000, -6.825078385935131386, 2.168404344971008868E-16 ) ) ;
#2153 = ORIENTED_EDGE ( 'NONE', *, *, #858, .F. ) ;
#2154 = CARTESIAN_POINT ( 'NONE',  ( 5.843370292992685400, 4.649999999999999467, 5.930285025990841064 ) ) ;
#2155 = DIRECTION ( 'NONE',  ( -1.000000000000000000, -0.000000000000000000, -0.000000000000000000 ) ) ;
#2156 = ORIENTED_EDGE ( 'NONE', *, *, #4492, .T. ) ;
#2157 = EDGE_CURVE ( 'NONE', #1780, #1095, #2007, .T. ) ;
#2158 = CARTESIAN_POINT ( 'NONE',  ( 5.748066477745162217, 4.649999999999999467, 5.899999999999999467 ) ) ;
#2159 = CARTESIAN_POINT ( 'NONE',  ( 0.000000000000000000, 6.450000000000000178, -12.59999999999999964 ) ) ;
#2160 = CARTESIAN_POINT ( 'NONE',  ( 0.000000000000000000, 0.000000000000000000, 0.000000000000000000 ) ) ;
#2161 = VERTEX_POINT ( 'NONE', #4289 ) ;
#2162 = ORIENTED_EDGE ( 'NONE', *, *, #339, .T. ) ;
#2163 = CARTESIAN_POINT ( 'NONE',  ( 6.999999999999999112, -6.450000000000000178, -0.000000000000000000 ) ) ;
#2164 = ORIENTED_EDGE ( 'NONE', *, *, #2558, .T. ) ;
#2165 = LINE ( 'NONE', #3365, #1066 ) ;
#2166 = EDGE_LOOP ( 'NONE', ( #1339, #4467, #980, #1206 ) ) ;
#2167 = DIRECTION ( 'NONE',  ( 1.000000000000000000, -0.000000000000000000, 0.000000000000000000 ) ) ;
#2168 = ORIENTED_EDGE ( 'NONE', *, *, #4345, .T. ) ;
#2169 = DIRECTION ( 'NONE',  ( -0.000000000000000000, -0.000000000000000000, -1.000000000000000000 ) ) ;
#2170 = ORIENTED_EDGE ( 'NONE', *, *, #1492, .F. ) ;
#2171 = ORIENTED_EDGE ( 'NONE', *, *, #2366, .F. ) ;
#2172 = CARTESIAN_POINT ( 'NONE',  ( 2.841557181416618949, -1.999999999999999556, 4.691193810440315026 ) ) ;
#2173 = LINE ( 'NONE', #456, #392 ) ;
#2174 = CARTESIAN_POINT ( 'NONE',  ( 6.604839698958626215, 4.994324676524950490, 1.896898283484615089 ) ) ;
#2175 = ORIENTED_EDGE ( 'NONE', *, *, #247, .F. ) ;
#2176 = VERTEX_POINT ( 'NONE', #3525 ) ;
#2177 = ORIENTED_EDGE ( 'NONE', *, *, #2426, .F. ) ;
#2178 =( NAMED_UNIT ( * ) SI_UNIT ( $, .STERADIAN. ) SOLID_ANGLE_UNIT ( ) );
#2179 = DIRECTION ( 'NONE',  ( -1.000000000000000000, 0.000000000000000000, -0.000000000000000000 ) ) ;
#2180 = VERTEX_POINT ( 'NONE', #950 ) ;
#2181 = ADVANCED_FACE ( 'NONE', ( #2399 ), #1013, .T. ) ;
#2182 = CARTESIAN_POINT ( 'NONE',  ( 2.700803974632662197, -4.749999999999998224, 4.496629829061909334 ) ) ;
#2183 = DIRECTION ( 'NONE',  ( 0.000000000000000000, 0.000000000000000000, 1.000000000000000000 ) ) ;
#2184 = CARTESIAN_POINT ( 'NONE',  ( -7.400000000000000355, -1.400000000000014566, -16.60000000000000142 ) ) ;
#2185 = LINE ( 'NONE', #3334, #2776 ) ;
#2186 = VERTEX_POINT ( 'NONE', #534 ) ;
#2187 = EDGE_CURVE ( 'NONE', #400, #2881, #1669, .T. ) ;
#2188 = DIRECTION ( 'NONE',  ( -0.9459147296616908784, 0.000000000000000000, 0.3244153575419176372 ) ) ;
#2189 = VERTEX_POINT ( 'NONE', #3858 ) ;
#2190 = LINE ( 'NONE', #1844, #222 ) ;
#2191 = PLANE ( 'NONE',  #3220 ) ;
#2192 = VECTOR ( 'NONE', #836, 1000.000000000000000 ) ;
#2193 = EDGE_LOOP ( 'NONE', ( #3093, #2911, #987, #1930 ) ) ;
#2194 = EDGE_CURVE ( 'NONE', #84, #3512, #3497, .T. ) ;
#2195 = AXIS2_PLACEMENT_3D ( 'NONE', #2742, #2695, #2771 ) ;
#2196 = DIRECTION ( 'NONE',  ( 0.000000000000000000, 0.000000000000000000, -1.000000000000000000 ) ) ;
#2197 = PLANE ( 'NONE',  #901 ) ;
#2198 = LINE ( 'NONE', #718, #986 ) ;
#2199 = DIRECTION ( 'NONE',  ( -8.673617379884013384E-15, 0.000000000000000000, 1.000000000000000000 ) ) ;
#2200 = CARTESIAN_POINT ( 'NONE',  ( 0.000000000000000000, 5.000000000000000000, 1.269279395977619185 ) ) ;
#2201 = ORIENTED_EDGE ( 'NONE', *, *, #4241, .F. ) ;
#2202 = VECTOR ( 'NONE', #3771, 1000.000000000000000 ) ;
#2203 = ORIENTED_EDGE ( 'NONE', *, *, #2279, .F. ) ;
#2204 = CARTESIAN_POINT ( 'NONE',  ( -7.400000000000000355, -1.599999999999999867, -14.40000000000000213 ) ) ;
#2205 = B_SPLINE_CURVE_WITH_KNOTS ( 'NONE', 3,
 ( #2342, #3797, #1617, #523, #3132, #4600 ),
 .UNSPECIFIED., .F., .F.,
 ( 4, 2, 4 ),
 ( 0.000000000000000000, 0.002372165798050124112, 0.004744331596100248225 ),
 .UNSPECIFIED. ) ;
#2206 = VECTOR ( 'NONE', #2644, 1000.000000000000000 ) ;
#2207 = EDGE_LOOP ( 'NONE', ( #4661, #3317, #1345, #3111, #3059, #2945, #4668 ) ) ;
#2208 = ORIENTED_EDGE ( 'NONE', *, *, #2011, .T. ) ;
#2209 = FILL_AREA_STYLE ('',( #443 ) ) ;
#2210 = AXIS2_PLACEMENT_3D ( 'NONE', #1659, #176, #1302 ) ;
#2211 = CARTESIAN_POINT ( 'NONE',  ( -0.4000000000000000222, -0.5999999999999999778, -14.39999999999999325 ) ) ;
#2212 = CARTESIAN_POINT ( 'NONE',  ( -5.375000000000000000, 6.450000000000000178, -2.327802519272560655 ) ) ;
#2213 = ORIENTED_EDGE ( 'NONE', *, *, #4452, .T. ) ;
#2214 = VECTOR ( 'NONE', #3491, 1000.000000000000000 ) ;
#2215 = CARTESIAN_POINT ( 'NONE',  ( -1.860996652527847406, -4.749999999999998224, 2.869804328139291982 ) ) ;
#2216 = ORIENTED_EDGE ( 'NONE', *, *, #3549, .T. ) ;
#2217 = DIRECTION ( 'NONE',  ( 0.000000000000000000, 0.000000000000000000, -1.000000000000000000 ) ) ;
#2218 = AXIS2_PLACEMENT_3D ( 'NONE', #77, #4107, #4405 ) ;
#2219 = ORIENTED_EDGE ( 'NONE', *, *, #194, .T. ) ;
#2220 = EDGE_CURVE ( 'NONE', #3009, #1468, #1444, .T. ) ;
#2221 = MECHANICAL_DESIGN_GEOMETRIC_PRESENTATION_REPRESENTATION (  '', ( #1904 ), #1079 ) ;
#2222 = CARTESIAN_POINT ( 'NONE',  ( -6.599999999999999645, 0.5999999999999999778, 0.000000000000000000 ) ) ;
#2223 = FACE_OUTER_BOUND ( 'NONE', #3207, .T. ) ;
#2224 = CARTESIAN_POINT ( 'NONE',  ( 0.000000000000000000, 2.500000000000000000, -8.099999999999999645 ) ) ;
#2225 = DIRECTION ( 'NONE',  ( 1.000000000000000000, -0.000000000000000000, 0.000000000000000000 ) ) ;
#2226 = PLANE ( 'NONE',  #1062 ) ;
#2227 = ADVANCED_FACE ( 'NONE', ( #1624 ), #3142, .T. ) ;
#2228 = EDGE_CURVE ( 'NONE', #946, #814, #921, .T. ) ;
#2229 = CARTESIAN_POINT ( 'NONE',  ( -2.935323743313351219, 4.650000000000000355, 2.783404940766877722 ) ) ;
#2230 = VERTEX_POINT ( 'NONE', #4628 ) ;
#2231 = CARTESIAN_POINT ( 'NONE',  ( -10.50000000000000178, 7.500000000000000000, 2.000000000000000000 ) ) ;
#2232 = AXIS2_PLACEMENT_3D ( 'NONE', #2360, #1586, #1992 ) ;
#2233 = VECTOR ( 'NONE', #1742, 1000.000000000000000 ) ;
#2234 = CARTESIAN_POINT ( 'NONE',  ( -5.071821983108346643, -4.750000000000000000, 2.485722822768010598 ) ) ;
#2235 = LINE ( 'NONE', #2591, #1503 ) ;
#2236 = CARTESIAN_POINT ( 'NONE',  ( -7.231096411691571468, 4.649999999999999467, 1.269279395977619185 ) ) ;
#2237 = ORIENTED_EDGE ( 'NONE', *, *, #4238, .T. ) ;
#2238 = LINE ( 'NONE', #68, #3524 ) ;
#2239 = EDGE_LOOP ( 'NONE', ( #4141, #2361, #4016, #2645 ) ) ;
#2240 = CARTESIAN_POINT ( 'NONE',  ( 6.613451441182003343, -5.000000000000000000, 1.371946966814568070 ) ) ;
#2241 = CARTESIAN_POINT ( 'NONE',  ( 10.49999999999999822, 7.500000000000001776, 2.000000000000000000 ) ) ;
#2242 = PLANE ( 'NONE',  #4454 ) ;
#2243 = VERTEX_POINT ( 'NONE', #2838 ) ;
#2244 = EDGE_CURVE ( 'NONE', #3150, #3315, #2099, .T. ) ;
#2245 = SURFACE_STYLE_FILL_AREA ( #1923 ) ;
#2246 = DIRECTION ( 'NONE',  ( -0.000000000000000000, 0.000000000000000000, 1.000000000000000000 ) ) ;
#2247 = UNCERTAINTY_MEASURE_WITH_UNIT (LENGTH_MEASURE( 1.000000000000000082E-05 ), #3978, 'distance_accuracy_value', 'NONE');
#2248 = CARTESIAN_POINT ( 'NONE',  ( 0.000000000000000000, -4.899999999999999467, 1.269279395977619185 ) ) ;
#2249 = DIRECTION ( 'NONE',  ( -0.000000000000000000, 1.000000000000000000, 0.000000000000000000 ) ) ;
#2250 = LINE ( 'NONE', #3277, #3890 ) ;
#2251 = ADVANCED_FACE ( 'NONE', ( #1364 ), #562, .T. ) ;
#2252 = EDGE_CURVE ( 'NONE', #4504, #1480, #2290, .T. ) ;
#2253 =( LENGTH_UNIT ( ) NAMED_UNIT ( * ) SI_UNIT ( .MILLI., .METRE. ) );
#2254 = VERTEX_POINT ( 'NONE', #604 ) ;
#2255 = PRESENTATION_STYLE_ASSIGNMENT (( #85 ) ) ;
#2256 = LINE ( 'NONE', #2277, #1085 ) ;
#2257 = ORIENTED_EDGE ( 'NONE', *, *, #1022, .F. ) ;
#2258 = EDGE_CURVE ( 'NONE', #1470, #2314, #2057, .T. ) ;
#2259 = CARTESIAN_POINT ( 'NONE',  ( -7.231096411691571468, 4.899999999999998579, 1.899999999999999911 ) ) ;
#2260 = SURFACE_STYLE_USAGE ( .BOTH. , #3053 ) ;
#2261 = ORIENTED_EDGE ( 'NONE', *, *, #1479, .F. ) ;
#2262 = PLANE ( 'NONE',  #3979 ) ;
#2263 = ORIENTED_EDGE ( 'NONE', *, *, #2345, .T. ) ;
#2264 = FACE_OUTER_BOUND ( 'NONE', #296, .T. ) ;
#2265 = DIRECTION ( 'NONE',  ( 1.000000000000000000, 0.000000000000000000, 0.000000000000000000 ) ) ;
#2266 = ORIENTED_EDGE ( 'NONE', *, *, #1429, .F. ) ;
#2267 = CARTESIAN_POINT ( 'NONE',  ( 6.619518679845523224, -4.750000000000000000, 1.169279395977619318 ) ) ;
#2268 = DIRECTION ( 'NONE',  ( 1.000000000000000000, 0.000000000000000000, 0.000000000000000000 ) ) ;
#2269 = DIRECTION ( 'NONE',  ( 0.000000000000000000, 0.000000000000000000, 1.000000000000000000 ) ) ;
#2270 = DIRECTION ( 'NONE',  ( 0.9812573007753497834, -0.000000000000000000, 0.1927021268047517943 ) ) ;
#2271 = CARTESIAN_POINT ( 'NONE',  ( 4.625000000000000000, 0.000000000000000000, 0.000000000000000000 ) ) ;
#2272 = ADVANCED_FACE ( 'NONE', ( #266 ), #629, .F. ) ;
#2273 = AXIS2_PLACEMENT_3D ( 'NONE', #1487, #1883, #3358 ) ;
#2274 = CARTESIAN_POINT ( 'NONE',  ( 4.056047538655215057, 4.650000000000002132, 5.380446086980053444 ) ) ;
#2275 = ORIENTED_EDGE ( 'NONE', *, *, #847, .T. ) ;
#2276 = DIRECTION ( 'NONE',  ( -0.000000000000000000, 1.000000000000000000, 0.000000000000000000 ) ) ;
#2277 = CARTESIAN_POINT ( 'NONE',  ( -7.400000000000000355, 0.5999999999999999778, 0.000000000000000000 ) ) ;
#2278 = VECTOR ( 'NONE', #3112, 1000.000000000000000 ) ;
#2279 = EDGE_CURVE ( 'NONE', #3232, #2557, #4023, .T. ) ;
#2280 = DIRECTION ( 'NONE',  ( -0.9812573007753497834, 0.000000000000000000, 0.1927021268047517943 ) ) ;
#2281 = CIRCLE ( 'NONE', #4049, 0.1000000000000000472 ) ;
#2282 = VERTEX_POINT ( 'NONE', #4331 ) ;
#2283 = EDGE_CURVE ( 'NONE', #1365, #3682, #1668, .T. ) ;
#2284 = FACE_OUTER_BOUND ( 'NONE', #3729, .T. ) ;
#2285 = AXIS2_PLACEMENT_3D ( 'NONE', #821, #3470, #1595 ) ;
#2286 = ORIENTED_EDGE ( 'NONE', *, *, #1485, .T. ) ;
#2287 = SURFACE_SIDE_STYLE ('',( #3057 ) ) ;
#2288 = DIRECTION ( 'NONE',  ( 0.000000000000000000, 0.000000000000000000, 1.000000000000000000 ) ) ;
#2289 = EDGE_LOOP ( 'NONE', ( #4435, #2146, #2496, #4034, #165, #2898, #128 ) ) ;
#2290 = CIRCLE ( 'NONE', #83, 0.9999999999999991118 ) ;
#2291 = FACE_OUTER_BOUND ( 'NONE', #4619, .T. ) ;
#2292 = CIRCLE ( 'NONE', #3439, 0.1000000000000000472 ) ;
#2293 = LINE ( 'NONE', #3037, #4570 ) ;
#2294 = ORIENTED_EDGE ( 'NONE', *, *, #3097, .F. ) ;
#2295 = FACE_OUTER_BOUND ( 'NONE', #873, .T. ) ;
#2296 = CARTESIAN_POINT ( 'NONE',  ( 0.000000000000000000, -5.100000000000000533, 2.000000000000000000 ) ) ;
#2297 = LINE ( 'NONE', #1268, #2362 ) ;
#2298 = AXIS2_PLACEMENT_3D ( 'NONE', #1471, #1417, #3337 ) ;
#2299 = ORIENTED_EDGE ( 'NONE', *, *, #4209, .T. ) ;
#2300 = CARTESIAN_POINT ( 'NONE',  ( 4.070513268138653551, 4.750000000001866951, 5.363681680077993619 ) ) ;
#2301 = SURFACE_SIDE_STYLE ('',( #462 ) ) ;
#2302 = LINE ( 'NONE', #897, #3292 ) ;
#2303 = EDGE_CURVE ( 'NONE', #1670, #1702, #4674, .T. ) ;
#2304 = CARTESIAN_POINT ( 'NONE',  ( 9.750000000000000000, -6.450000000000000178, -0.000000000000000000 ) ) ;
#2305 = VERTEX_POINT ( 'NONE', #4713 ) ;
#2306 = VECTOR ( 'NONE', #4302, 1000.000000000000000 ) ;
#2307 = CARTESIAN_POINT ( 'NONE',  ( 5.843370292992687176, -4.650000000000000355, 5.930285025990838399 ) ) ;
#2308 = LINE ( 'NONE', #1561, #1436 ) ;
#2309 = FACE_OUTER_BOUND ( 'NONE', #3065, .T. ) ;
#2310 = ORIENTED_EDGE ( 'NONE', *, *, #1220, .T. ) ;
#2311 = LINE ( 'NONE', #3770, #4585 ) ;
#2312 = PLANE ( 'NONE',  #3189 ) ;
#2313 = CARTESIAN_POINT ( 'NONE',  ( -3.538781806135316010, 0.9415497287627505596, 2.710348773236634923 ) ) ;
#2314 = VERTEX_POINT ( 'NONE', #1830 ) ;
#2315 = CARTESIAN_POINT ( 'NONE',  ( -5.375000000000000000, -6.825078385935131386, -1.958467813539574776 ) ) ;
#2316 = CARTESIAN_POINT ( 'NONE',  ( -4.625000000000000000, 6.450000000000000178, 0.000000000000000000 ) ) ;
#2317 = ORIENTED_EDGE ( 'NONE', *, *, #514, .F. ) ;
#2318 = FACE_OUTER_BOUND ( 'NONE', #2372, .T. ) ;
#2319 = LINE ( 'NONE', #549, #3146 ) ;
#2320 = LINE ( 'NONE', #3089, #2833 ) ;
#2321 = ORIENTED_EDGE ( 'NONE', *, *, #4682, .F. ) ;
#2322 = DIRECTION ( 'NONE',  ( 0.000000000000000000, 0.000000000000000000, -1.000000000000000000 ) ) ;
#2323 = ORIENTED_EDGE ( 'NONE', *, *, #2639, .T. ) ;
#2324 = CARTESIAN_POINT ( 'NONE',  ( -2.936336235444925169, 4.750000000000000000, 2.783202632312240077 ) ) ;
#2325 = FACE_OUTER_BOUND ( 'NONE', #634, .T. ) ;
#2326 = DIRECTION ( 'NONE',  ( 1.000000000000000000, 0.000000000000000000, -0.000000000000000000 ) ) ;
#2327 = LINE ( 'NONE', #2617, #89 ) ;
#2328 = ORIENTED_EDGE ( 'NONE', *, *, #1857, .T. ) ;
#2329 = CARTESIAN_POINT ( 'NONE',  ( -7.000000000000000888, -5.000000000000000000, -12.59999999999999964 ) ) ;
#2330 = EDGE_CURVE ( 'NONE', #2650, #2254, #3231, .T. ) ;
#2331 = PLANE ( 'NONE',  #3829 ) ;
#2332 = ORIENTED_EDGE ( 'NONE', *, *, #3965, .F. ) ;
#2333 = CARTESIAN_POINT ( 'NONE',  ( 6.619518679845523224, -4.899999999999999467, 1.169279395977619318 ) ) ;
#2334 = DIRECTION ( 'NONE',  ( 0.000000000000000000, 0.7125414071912269387, -0.7016300613841642830 ) ) ;
#2335 = FACE_OUTER_BOUND ( 'NONE', #4634, .T. ) ;
#2336 = ORIENTED_EDGE ( 'NONE', *, *, #4539, .F. ) ;
#2337 = ADVANCED_FACE ( 'NONE', ( #286 ), #334, .T. ) ;
#2338 = LINE ( 'NONE', #591, #778 ) ;
#2339 = LINE ( 'NONE', #3372, #2817 ) ;
#2340 = UNCERTAINTY_MEASURE_WITH_UNIT (LENGTH_MEASURE( 1.000000000000000082E-05 ), #93, 'distance_accuracy_value', 'NONE');
#2341 = ORIENTED_EDGE ( 'NONE', *, *, #3263, .T. ) ;
#2342 = CARTESIAN_POINT ( 'NONE',  ( 6.719344519258354076, 4.649999999999999467, 1.275178699794458304 ) ) ;
#2343 = DIRECTION ( 'NONE',  ( -0.000000000000000000, -1.000000000000000000, -0.000000000000000000 ) ) ;
#2344 = ADVANCED_FACE ( 'NONE', ( #3254 ), #3926, .F. ) ;
#2345 = EDGE_CURVE ( 'NONE', #1095, #1424, #3327, .T. ) ;
#2346 = DIRECTION ( 'NONE',  ( -1.000000000000000000, -0.000000000000000000, -0.000000000000000000 ) ) ;
#2347 = ORIENTED_EDGE ( 'NONE', *, *, #3097, .T. ) ;
#2348 = CARTESIAN_POINT ( 'NONE',  ( 9.000000000000000000, 6.450000000000000178, -8.099999999999999645 ) ) ;
#2349 = CARTESIAN_POINT ( 'NONE',  ( 6.719344519258354964, 4.999999999999997335, 1.275178699794455639 ) ) ;
#2350 = CARTESIAN_POINT ( 'NONE',  ( -4.306488652569160358, -1.310150633244153928, 2.658219990342551409 ) ) ;
#2351 =( GEOMETRIC_REPRESENTATION_CONTEXT ( 3 ) GLOBAL_UNCERTAINTY_ASSIGNED_CONTEXT ( ( #1242 ) ) GLOBAL_UNIT_ASSIGNED_CONTEXT ( ( #396, #1434, #2178 ) ) REPRESENTATION_CONTEXT ( 'NONE', 'WORKASPACE' ) );
#2352 = CARTESIAN_POINT ( 'NONE',  ( 6.680162909754432832, -5.099999859781938483, 2.000000000000000000 ) ) ;
#2353 = ORIENTED_EDGE ( 'NONE', *, *, #737, .F. ) ;
#2354 = FACE_OUTER_BOUND ( 'NONE', #1323, .T. ) ;
#2355 = VECTOR ( 'NONE', #2455, 1000.000000000000000 ) ;
#2356 = DIRECTION ( 'NONE',  ( 1.000000000000000000, 0.000000000000000000, 0.000000000000000000 ) ) ;
#2357 = CIRCLE ( 'NONE', #525, 0.1000000000000000472 ) ;
#2358 = ADVANCED_FACE ( 'NONE', ( #147 ), #1175, .T. ) ;
#2359 = DIRECTION ( 'NONE',  ( -1.000000000000000000, 0.000000000000000000, 0.000000000000000000 ) ) ;
#2360 = CARTESIAN_POINT ( 'NONE',  ( 0.000000000000000000, 6.450000000000000178, -11.59999999999999964 ) ) ;
#2361 = ORIENTED_EDGE ( 'NONE', *, *, #790, .F. ) ;
#2362 = VECTOR ( 'NONE', #2732, 1000.000000000000000 ) ;
#2363 = PRESENTATION_STYLE_ASSIGNMENT (( #2727 ) ) ;
#2364 = LINE ( 'NONE', #2630, #1578 ) ;
#2365 = ORIENTED_EDGE ( 'NONE', *, *, #2849, .T. ) ;
#2366 = EDGE_CURVE ( 'NONE', #2478, #2394, #4093, .T. ) ;
#2367 = PLANE ( 'NONE',  #4500 ) ;
#2368 = LINE ( 'NONE', #127, #1594 ) ;
#2369 = CIRCLE ( 'NONE', #228, 0.1000000000000000472 ) ;
#2370 = VECTOR ( 'NONE', #2477, 1000.000000000000000 ) ;
#2371 = DIRECTION ( 'NONE',  ( -1.000000000000000000, 0.000000000000000000, 0.000000000000000000 ) ) ;
#2372 = EDGE_LOOP ( 'NONE', ( #2500, #3757, #3267, #4672 ) ) ;
#2373 = CARTESIAN_POINT ( 'NONE',  ( -6.153336455491619894, 4.750000000005611511, 2.574129968702732363 ) ) ;
#2374 = EDGE_CURVE ( 'NONE', #3571, #3430, #3817, .T. ) ;
#2375 = CARTESIAN_POINT ( 'NONE',  ( 6.698405456778385059, 4.899999999999998579, 1.584713887020143153 ) ) ;
#2376 = CARTESIAN_POINT ( 'NONE',  ( -7.231096411691571468, -4.899999999999999467, 1.269279395977619185 ) ) ;
#2377 = AXIS2_PLACEMENT_3D ( 'NONE', #3029, #418, #1507 ) ;
#2378 = CARTESIAN_POINT ( 'NONE',  ( -7.225280016424984630, -4.750000000000001776, 2.636584176193800033 ) ) ;
#2379 = ORIENTED_EDGE ( 'NONE', *, *, #1758, .F. ) ;
#2380 = STYLED_ITEM ( 'NONE', ( #658 ), #4316 ) ;
#2381 =( LENGTH_UNIT ( ) NAMED_UNIT ( * ) SI_UNIT ( .MILLI., .METRE. ) );
#2382 = DIRECTION ( 'NONE',  ( 0.000000000000000000, 1.000000000000000000, -0.000000000000000000 ) ) ;
#2383 = ORIENTED_EDGE ( 'NONE', *, *, #4044, .F. ) ;
#2384 = CARTESIAN_POINT ( 'NONE',  ( 0.4000000000000000222, 0.000000000000000000, 0.000000000000000000 ) ) ;
#2385 = LINE ( 'NONE', #4569, #746 ) ;
#2386 = UNCERTAINTY_MEASURE_WITH_UNIT (LENGTH_MEASURE( 1.000000000000000082E-05 ), #3156, 'distance_accuracy_value', 'NONE');
#2387 = ORIENTED_EDGE ( 'NONE', *, *, #2124, .T. ) ;
#2388 = CARTESIAN_POINT ( 'NONE',  ( 5.375000000000000000, -6.450000000000000178, -2.327802519272560655 ) ) ;
#2389 = ORIENTED_EDGE ( 'NONE', *, *, #4416, .T. ) ;
#2390 = DIRECTION ( 'NONE',  ( -8.673617379884013384E-15, -1.000000000000000000, 0.000000000000000000 ) ) ;
#2391 = LINE ( 'NONE', #4528, #4051 ) ;
#2392 = EDGE_CURVE ( 'NONE', #2282, #1759, #1533, .T. ) ;
#2393 = CARTESIAN_POINT ( 'NONE',  ( -6.599999999999999645, -1.600000000000007194, -15.40000000000000036 ) ) ;
#2394 = VERTEX_POINT ( 'NONE', #3026 ) ;
#2395 = CARTESIAN_POINT ( 'NONE',  ( 0.1959609631060738599, 4.649999999999062439, 3.526846908618860965 ) ) ;
#2396 = CARTESIAN_POINT ( 'NONE',  ( 0.4000000000000000222, 0.5999999999999999778, -14.59999999999998543 ) ) ;
#2397 = CARTESIAN_POINT ( 'NONE',  ( 6.619518679845523224, -4.649999999999999467, 1.269279395977619185 ) ) ;
#2398 = ADVANCED_FACE ( 'NONE', ( #4115, #2585 ), #3361, .F. ) ;
#2399 = FACE_OUTER_BOUND ( 'NONE', #806, .T. ) ;
#2400 = ORIENTED_EDGE ( 'NONE', *, *, #2702, .T. ) ;
#2401 = CARTESIAN_POINT ( 'NONE',  ( 2.170533081443120071, -1.999999999999999112, 4.356080267192972144 ) ) ;
#2402 = ADVANCED_FACE ( 'NONE', ( #4576 ), #4530, .F. ) ;
#2403 = CARTESIAN_POINT ( 'NONE',  ( 6.672498257678848965, 4.899999999999999467, 1.890727846355833464 ) ) ;
#2404 = ORIENTED_EDGE ( 'NONE', *, *, #3974, .F. ) ;
#2405 = DIRECTION ( 'NONE',  ( 0.000000000000000000, 0.000000000000000000, 1.000000000000000000 ) ) ;
#2406 = ORIENTED_EDGE ( 'NONE', *, *, #1022, .T. ) ;
#2407 = CARTESIAN_POINT ( 'NONE',  ( -5.375000000000000000, 6.825078385935131386, -1.958467813539574776 ) ) ;
#2408 = CARTESIAN_POINT ( 'NONE',  ( 6.619518679845523224, 4.899999999999999467, 1.269279395977619185 ) ) ;
#2409 = ORIENTED_EDGE ( 'NONE', *, *, #4186, .F. ) ;
#2410 = DIRECTION ( 'NONE',  ( -0.000000000000000000, -1.000000000000000000, -0.000000000000000000 ) ) ;
#2411 = DIRECTION ( 'NONE',  ( -0.000000000000000000, 1.000000000000000000, -0.000000000000000000 ) ) ;
#2412 = DIRECTION ( 'NONE',  ( -0.000000000000000000, -1.000000000000000000, -0.000000000000000000 ) ) ;
#2413 = ORIENTED_EDGE ( 'NONE', *, *, #381, .T. ) ;
#2414 =( NAMED_UNIT ( * ) SI_UNIT ( $, .STERADIAN. ) SOLID_ANGLE_UNIT ( ) );
#2415 = CARTESIAN_POINT ( 'NONE',  ( 6.719344519258354076, 4.900000000000001243, 1.275178699794458304 ) ) ;
#2416 = CARTESIAN_POINT ( 'NONE',  ( 5.843370292989923165, -4.650000000000000355, 5.930285025999535442 ) ) ;
#2417 = EDGE_CURVE ( 'NONE', #1480, #3232, #2712, .T. ) ;
#2418 = DIRECTION ( 'NONE',  ( -1.000000000000000000, 0.000000000000000000, -0.000000000000000000 ) ) ;
#2419 = ORIENTED_EDGE ( 'NONE', *, *, #2531, .T. ) ;
#2420 = FACE_OUTER_BOUND ( 'NONE', #2517, .T. ) ;
#2421 = EDGE_CURVE ( 'NONE', #1600, #4335, #2733, .T. ) ;
#2422 = VECTOR ( 'NONE', #3752, 1000.000000000000000 ) ;
#2423 = LINE ( 'NONE', #2508, #3737 ) ;
#2424 = EDGE_CURVE ( 'NONE', #2520, #2693, #2021, .T. ) ;
#2425 = CARTESIAN_POINT ( 'NONE',  ( -5.375000000000000000, 6.450000000000000178, -2.327802519272560655 ) ) ;
#2426 = EDGE_CURVE ( 'NONE', #1424, #1505, #988, .T. ) ;
#2427 = DIRECTION ( 'NONE',  ( 0.000000000000000000, -1.000000000000000000, 0.000000000000000000 ) ) ;
#2428 = VECTOR ( 'NONE', #2787, 1000.000000000000114 ) ;
#2429 = ORIENTED_EDGE ( 'NONE', *, *, #502, .F. ) ;
#2430 = AXIS2_PLACEMENT_3D ( 'NONE', #1288, #4547, #2269 ) ;
#2431 = ORIENTED_EDGE ( 'NONE', *, *, #777, .F. ) ;
#2432 = CARTESIAN_POINT ( 'NONE',  ( -2.372317711375095506, -0.9101036530180579565, 2.905308532631608820 ) ) ;
#2433 = CARTESIAN_POINT ( 'NONE',  ( -9.000000000000000000, 6.450000000000000178, -8.099999999999999645 ) ) ;
#2434 = ORIENTED_EDGE ( 'NONE', *, *, #3482, .F. ) ;
#2435 = DIRECTION ( 'NONE',  ( 0.000000000000000000, -0.000000000000000000, 1.000000000000000000 ) ) ;
#2436 = AXIS2_PLACEMENT_3D ( 'NONE', #1695, #2820, #4267 ) ;
#2437 = ORIENTED_EDGE ( 'NONE', *, *, #769, .F. ) ;
#2438 = CARTESIAN_POINT ( 'NONE',  ( 6.690412819728032368, -5.000000000000277112, 1.701030887576655104 ) ) ;
#2439 = ORIENTED_EDGE ( 'NONE', *, *, #3608, .F. ) ;
#2440 = VERTEX_POINT ( 'NONE', #1979 ) ;
#2441 = VECTOR ( 'NONE', #2343, 1000.000000000000000 ) ;
#2442 = DIRECTION ( 'NONE',  ( 1.000000000000000000, 0.000000000000000000, 0.000000000000000000 ) ) ;
#2443 = AXIS2_PLACEMENT_3D ( 'NONE', #930, #119, #1919 ) ;
#2444 = AXIS2_PLACEMENT_3D ( 'NONE', #1905, #2611, #3377 ) ;
#2445 = PRODUCT_RELATED_PRODUCT_CATEGORY ( 'part', '', ( #4246 ) ) ;
#2446 = CARTESIAN_POINT ( 'NONE',  ( 10.28249979814616566, 2.500000000000000000, -2.019306840730284325 ) ) ;
#2447 = VECTOR ( 'NONE', #2785, 1000.000000000000000 ) ;
#2448 = EDGE_CURVE ( 'NONE', #3556, #3027, #2837, .T. ) ;
#2449 = LINE ( 'NONE', #4584, #4367 ) ;
#2450 = CARTESIAN_POINT ( 'NONE',  ( -7.225280016424991736, -4.650000000000002132, 2.636584176193800033 ) ) ;
#2451 = PLANE ( 'NONE',  #2151 ) ;
#2452 = ORIENTED_EDGE ( 'NONE', *, *, #3399, .F. ) ;
#2453 = ORIENTED_EDGE ( 'NONE', *, *, #705, .T. ) ;
#2454 = CARTESIAN_POINT ( 'NONE',  ( -7.000000000000000888, 6.450000000000000178, -12.59999999999999964 ) ) ;
#2455 = DIRECTION ( 'NONE',  ( -1.000000000000000000, -0.000000000000000000, -0.000000000000000000 ) ) ;
#2456 = MECHANICAL_DESIGN_GEOMETRIC_PRESENTATION_REPRESENTATION (  '', ( #4221 ), #25 ) ;
#2457 = DIRECTION ( 'NONE',  ( -2.606624927243805472E-14, -1.000000000000000000, -0.000000000000000000 ) ) ;
#2458 = DIRECTION ( 'NONE',  ( 0.000000000000000000, 0.000000000000000000, -1.000000000000000000 ) ) ;
#2459 = EDGE_CURVE ( 'NONE', #2254, #1186, #1295, .T. ) ;
#2460 = ORIENTED_EDGE ( 'NONE', *, *, #4262, .T. ) ;
#2461 = DIRECTION ( 'NONE',  ( 0.000000000000000000, 1.000000000000000000, 0.000000000000000000 ) ) ;
#2462 = EDGE_LOOP ( 'NONE', ( #1162, #3555, #1971, #2826 ) ) ;
#2463 = VERTEX_POINT ( 'NONE', #3801 ) ;
#2464 = DIRECTION ( 'NONE',  ( -1.000000000000000000, -0.000000000000000000, -0.000000000000000000 ) ) ;
#2465 = DIRECTION ( 'NONE',  ( 0.000000000000000000, -3.469446951953605354E-14, 1.000000000000000000 ) ) ;
#2466 = ORIENTED_EDGE ( 'NONE', *, *, #4622, .F. ) ;
#2467 = CARTESIAN_POINT ( 'NONE',  ( -7.231096411691571468, -5.000000000000000000, 1.269279395977619185 ) ) ;
#2468 = CARTESIAN_POINT ( 'NONE',  ( 0.000000000000000000, -6.450000000000000178, -11.59999999999999964 ) ) ;
#2469 = DIRECTION ( 'NONE',  ( 1.000000000000000000, -0.000000000000000000, -0.000000000000000000 ) ) ;
#2470 = CARTESIAN_POINT ( 'NONE',  ( 6.690627455633693543, -4.899999999999998579, 1.686787526345058241 ) ) ;
#2471 = ORIENTED_EDGE ( 'NONE', *, *, #882, .T. ) ;
#2472 = EDGE_CURVE ( 'NONE', #3107, #4502, #3520, .T. ) ;
#2473 = DIRECTION ( 'NONE',  ( 0.000000000000000000, 0.000000000000000000, -1.000000000000000000 ) ) ;
#2474 = ORIENTED_EDGE ( 'NONE', *, *, #3350, .T. ) ;
#2475 = DIRECTION ( 'NONE',  ( 0.5767901729194246929, 0.000000000000000000, -0.8168923407791138791 ) ) ;
#2476 = SURFACE_SIDE_STYLE ('',( #3157 ) ) ;
#2477 = DIRECTION ( 'NONE',  ( 1.000000000000000000, 0.000000000000000000, 0.000000000000000000 ) ) ;
#2478 = VERTEX_POINT ( 'NONE', #4215 ) ;
#2479 = CARTESIAN_POINT ( 'NONE',  ( -4.625000000000000000, 6.825078385935131386, 0.000000000000000000 ) ) ;
#2480 = DIRECTION ( 'NONE',  ( -0.000000000000000000, -1.000000000000000000, 0.000000000000000000 ) ) ;
#2481 = CARTESIAN_POINT ( 'NONE',  ( -7.400000000000000355, 0.5999999999999999778, -14.59999999999998543 ) ) ;
#2482 = ADVANCED_FACE ( 'NONE', ( #526 ), #171, .F. ) ;
#2483 = EDGE_CURVE ( 'NONE', #2186, #1470, #944, .T. ) ;
#2484 = ORIENTED_EDGE ( 'NONE', *, *, #1818, .F. ) ;
#2485 = CARTESIAN_POINT ( 'NONE',  ( -7.000000000000000888, 6.450000000000000178, -12.59999999999999964 ) ) ;
#2486 = B_SPLINE_CURVE_WITH_KNOTS ( 'NONE', 3,
 ( #4123, #1230, #507, #1603, #4536, #1254, #2350, #2851, #252, #1350, #3932, #3153, #656, #2044, #2432, #3960, #2113, #4658, #3244, #3572 ),
 .UNSPECIFIED., .F., .F.,
 ( 4, 2, 2, 2, 2, 2, 2, 2, 2, 4 ),
 ( 0.5000000000000000000, 0.5625000000000000000, 0.6250000000000000000, 0.6875000000000000000, 0.7500000000000000000, 0.8125000000000000000, 0.8750000000000000000, 0.9062500000000000000, 0.9375000000000000000, 1.000000000000000000 ),
 .UNSPECIFIED. ) ;
#2487 = FILL_AREA_STYLE ('',( #3866 ) ) ;
#2488 = EDGE_LOOP ( 'NONE', ( #3744, #1743, #4725, #767 ) ) ;
#2489 = LINE ( 'NONE', #22, #3276 ) ;
#2490 = DIRECTION ( 'NONE',  ( 0.000000000000000000, 0.000000000000000000, 1.000000000000000000 ) ) ;
#2491 = EDGE_LOOP ( 'NONE', ( #686, #2802, #114, #1568 ) ) ;
#2492 = ORIENTED_EDGE ( 'NONE', *, *, #1309, .F. ) ;
#2493 = CARTESIAN_POINT ( 'NONE',  ( 4.070383397926779168, -4.649999999999998579, 5.363589982161313330 ) ) ;
#2494 = EDGE_CURVE ( 'NONE', #3282, #394, #1688, .T. ) ;
#2495 = AXIS2_PLACEMENT_3D ( 'NONE', #1671, #3786, #4125 ) ;
#2496 = ORIENTED_EDGE ( 'NONE', *, *, #2690, .T. ) ;
#2497 = AXIS2_PLACEMENT_3D ( 'NONE', #1330, #4598, #572 ) ;
#2498 = EDGE_CURVE ( 'NONE', #2963, #1418, #3159, .T. ) ;
#2499 = CARTESIAN_POINT ( 'NONE',  ( -9.750000000000000000, -6.450000000000000178, 0.000000000000000000 ) ) ;
#2500 = ORIENTED_EDGE ( 'NONE', *, *, #3480, .F. ) ;
#2501 = EDGE_LOOP ( 'NONE', ( #2815, #4673, #4524 ) ) ;
#2502 =( LENGTH_UNIT ( ) NAMED_UNIT ( * ) SI_UNIT ( .MILLI., .METRE. ) );
#2503 = CARTESIAN_POINT ( 'NONE',  ( -3.783430275832937006, -0.9103907334634249171, 2.705987417712879317 ) ) ;
#2504 = VECTOR ( 'NONE', #1488, 1000.000000000000000 ) ;
#2505 = DIRECTION ( 'NONE',  ( 0.000000000000000000, 0.000000000000000000, 1.000000000000000000 ) ) ;
#2506 = VERTEX_POINT ( 'NONE', #1661 ) ;
#2507 = CARTESIAN_POINT ( 'NONE',  ( -5.072181216427324557, 4.749999999999998224, 2.485697626094761858 ) ) ;
#2508 = CARTESIAN_POINT ( 'NONE',  ( 9.107277510893236894, 2.500000000000000000, -8.003648936597624441 ) ) ;
#2509 = MECHANICAL_DESIGN_GEOMETRIC_PRESENTATION_REPRESENTATION (  '', ( #842 ), #2140 ) ;
#2510 = AXIS2_PLACEMENT_3D ( 'NONE', #3208, #3280, #670 ) ;
#2511 = CARTESIAN_POINT ( 'NONE',  ( 5.375000000000000000, 6.825078385935131386, -1.958467813539574776 ) ) ;
#2512 = CIRCLE ( 'NONE', #1073, 0.1000000000000000472 ) ;
#2513 =( GEOMETRIC_REPRESENTATION_CONTEXT ( 3 ) GLOBAL_UNCERTAINTY_ASSIGNED_CONTEXT ( ( #2042 ) ) GLOBAL_UNIT_ASSIGNED_CONTEXT ( ( #122, #2952, #816 ) ) REPRESENTATION_CONTEXT ( 'NONE', 'WORKASPACE' ) );
#2514 = CARTESIAN_POINT ( 'NONE',  ( 6.593851323817721877, -4.997467315053810033, 1.897908794858872872 ) ) ;
#2515 = CARTESIAN_POINT ( 'NONE',  ( -7.331096411691572001, -4.899999999999999467, 1.899999999999999911 ) ) ;
#2516 = DIRECTION ( 'NONE',  ( 0.000000000000000000, 0.000000000000000000, 1.000000000000000000 ) ) ;
#2517 = EDGE_LOOP ( 'NONE', ( #3940, #624, #749 ) ) ;
#2518 = LINE ( 'NONE', #1038, #3141 ) ;
#2519 = VECTOR ( 'NONE', #825, 1000.000000000000114 ) ;
#2520 = VERTEX_POINT ( 'NONE', #3138 ) ;
#2521 = DIRECTION ( 'NONE',  ( 1.000000000000000000, 0.000000000000000000, 0.000000000000000000 ) ) ;
#2522 = CARTESIAN_POINT ( 'NONE',  ( -0.4000000000000000222, 0.5999999999999999778, 0.000000000000000000 ) ) ;
#2523 = ORIENTED_EDGE ( 'NONE', *, *, #635, .F. ) ;
#2524 = VECTOR ( 'NONE', #3537, 1000.000000000000000 ) ;
#2525 = DIRECTION ( 'NONE',  ( 1.000000000000000000, -3.469446951953605354E-14, 0.000000000000000000 ) ) ;
#2526 = DIRECTION ( 'NONE',  ( 0.000000000000000000, 0.000000000000000000, 1.000000000000000000 ) ) ;
#2527 = EDGE_LOOP ( 'NONE', ( #2737, #460, #1833, #3635 ) ) ;
#2528 = CARTESIAN_POINT ( 'NONE',  ( 2.170533081443117407, -1.999999999999999556, 4.356080267192971256 ) ) ;
#2529 = CARTESIAN_POINT ( 'NONE',  ( -2.808407384451646838, -0.5643329812388988564, 2.832203206180671007 ) ) ;
#2530 = CARTESIAN_POINT ( 'NONE',  ( 6.594091915965326400, 4.998059687056714218, 1.897885517046925763 ) ) ;
#2531 = EDGE_CURVE ( 'NONE', #3070, #957, #4604, .T. ) ;
#2532 = SURFACE_STYLE_FILL_AREA ( #698 ) ;
#2533 = VERTEX_POINT ( 'NONE', #4234 ) ;
#2534 = ORIENTED_EDGE ( 'NONE', *, *, #3618, .T. ) ;
#2535 = DIRECTION ( 'NONE',  ( 1.000000000000000000, -0.000000000000000000, 0.000000000000000000 ) ) ;
#2536 = DIRECTION ( 'NONE',  ( -1.000000000000000000, 0.000000000000000000, -0.000000000000000000 ) ) ;
#2537 = ADVANCED_FACE ( 'NONE', ( #3874 ), #1948, .F. ) ;
#2538 = CARTESIAN_POINT ( 'NONE',  ( -1.861052542525678088, -4.750000000000000000, 2.869819536992546549 ) ) ;
#2539 = ORIENTED_EDGE ( 'NONE', *, *, #1393, .F. ) ;
#2540 = FILL_AREA_STYLE_COLOUR ( '', #2654 ) ;
#2541 = CARTESIAN_POINT ( 'NONE',  ( 6.719344519258354076, 4.649999999999999467, 1.275178699794458304 ) ) ;
#2542 =( NAMED_UNIT ( * ) SI_UNIT ( $, .STERADIAN. ) SOLID_ANGLE_UNIT ( ) );
#2543 = ORIENTED_EDGE ( 'NONE', *, *, #3154, .F. ) ;
#2544 = EDGE_CURVE ( 'NONE', #4208, #1352, #3966, .T. ) ;
#2545 = DIRECTION ( 'NONE',  ( 0.000000000000000000, 0.7016300613841643941, -0.7125414071912269387 ) ) ;
#2546 = ORIENTED_EDGE ( 'NONE', *, *, #607, .T. ) ;
#2547 = DIRECTION ( 'NONE',  ( -1.000000000000000000, 0.000000000000000000, 0.000000000000000000 ) ) ;
#2548 = EDGE_LOOP ( 'NONE', ( #2429, #1237, #860, #662 ) ) ;
#2549 = CARTESIAN_POINT ( 'NONE',  ( -7.231096411691571468, 4.649999999999999467, 2.636753471768242818 ) ) ;
#2550 = ORIENTED_EDGE ( 'NONE', *, *, #3880, .F. ) ;
#2551 = DIRECTION ( 'NONE',  ( 0.000000000000000000, 0.000000000000000000, -1.000000000000000000 ) ) ;
#2552 = DIRECTION ( 'NONE',  ( -1.000000000000000000, 0.000000000000000000, 0.000000000000000000 ) ) ;
#2553 = DIRECTION ( 'NONE',  ( 0.000000000000000000, 0.000000000000000000, 1.000000000000000000 ) ) ;
#2554 = DIRECTION ( 'NONE',  ( 1.000000000000000000, 0.000000000000000000, 8.673617379884011806E-15 ) ) ;
#2555 = CARTESIAN_POINT ( 'NONE',  ( 6.670120888204533749, 4.921538857798999800, 1.890943169235805188 ) ) ;
#2556 = DIRECTION ( 'NONE',  ( -1.000000000000000000, 0.000000000000000000, 0.000000000000000000 ) ) ;
#2557 = VERTEX_POINT ( 'NONE', #352 ) ;
#2558 = EDGE_CURVE ( 'NONE', #2708, #3571, #690, .T. ) ;
#2559 = ORIENTED_EDGE ( 'NONE', *, *, #2723, .T. ) ;
#2560 = FILL_AREA_STYLE_COLOUR ( '', #67 ) ;
#2561 = LINE ( 'NONE', #974, #4139 ) ;
#2562 = LINE ( 'NONE', #4029, #3212 ) ;
#2563 = EDGE_CURVE ( 'NONE', #957, #3452, #3939, .T. ) ;
#2564 = DIRECTION ( 'NONE',  ( 0.000000000000000000, 0.000000000000000000, 1.000000000000000000 ) ) ;
#2565 = DIRECTION ( 'NONE',  ( 1.000000000000000000, -0.000000000000000000, -0.000000000000000000 ) ) ;
#2566 = FACE_OUTER_BOUND ( 'NONE', #44, .T. ) ;
#2567 = ORIENTED_EDGE ( 'NONE', *, *, #967, .F. ) ;
#2568 = CLOSED_SHELL ( 'NONE', ( #1169, #943, #2700, #2896, #887, #1767, #1978, #3806, #3999 ) ) ;
#2569 = DIRECTION ( 'NONE',  ( -1.000000000000000000, 0.000000000000000000, 0.000000000000000000 ) ) ;
#2570 = ADVANCED_FACE ( 'NONE', ( #1045 ), #1008, .T. ) ;
#2571 = EDGE_CURVE ( 'NONE', #2180, #4041, #2930, .T. ) ;
#2572 = EDGE_LOOP ( 'NONE', ( #2938, #2046, #344, #3632 ) ) ;
#2573 = PLANE ( 'NONE',  #622 ) ;
#2574 = VERTEX_POINT ( 'NONE', #2144 ) ;
#2575 = DIRECTION ( 'NONE',  ( -0.000000000000000000, -1.000000000000000000, -0.000000000000000000 ) ) ;
#2576 = VECTOR ( 'NONE', #3394, 1000.000000000000000 ) ;
#2577 = ORIENTED_EDGE ( 'NONE', *, *, #4698, .F. ) ;
#2578 = CIRCLE ( 'NONE', #3420, 0.1000000000000000472 ) ;
#2579 = DIRECTION ( 'NONE',  ( -0.000000000000000000, -1.000000000000000000, -0.000000000000000000 ) ) ;
#2580 = CARTESIAN_POINT ( 'NONE',  ( 0.000000000000000000, 6.450000000000000178, 0.000000000000000000 ) ) ;
#2581 = DIRECTION ( 'NONE',  ( 0.000000000000000000, -1.000000000000000000, -0.000000000000000000 ) ) ;
#2582 = SURFACE_SIDE_STYLE ('',( #388 ) ) ;
#2583 = CARTESIAN_POINT ( 'NONE',  ( 6.651296873462948511, 4.962249963032429712, 1.892651568846463128 ) ) ;
#2584 = STYLED_ITEM ( 'NONE', ( #4301 ), #1107 ) ;
#2585 = FACE_OUTER_BOUND ( 'NONE', #3051, .T. ) ;
#2586 = ORIENTED_EDGE ( 'NONE', *, *, #230, .T. ) ;
#2587 =( GEOMETRIC_REPRESENTATION_CONTEXT ( 3 ) GLOBAL_UNCERTAINTY_ASSIGNED_CONTEXT ( ( #866 ) ) GLOBAL_UNIT_ASSIGNED_CONTEXT ( ( #3765, #807, #63 ) ) REPRESENTATION_CONTEXT ( 'NONE', 'WORKASPACE' ) );
#2588 = SURFACE_STYLE_FILL_AREA ( #4026 ) ;
#2589 = LINE ( 'NONE', #1198, #4515 ) ;
#2590 = CARTESIAN_POINT ( 'NONE',  ( 6.278999356933231191, -4.650000000000001243, 4.409140672175155373 ) ) ;
#2591 = CARTESIAN_POINT ( 'NONE',  ( 4.625000000000000000, 6.450000000000000178, 0.000000000000000000 ) ) ;
#2592 = PRESENTATION_LAYER_ASSIGNMENT (  '', '', ( #2125 ) ) ;
#2593 = PLANE ( 'NONE',  #3570 ) ;
#2594 = DIRECTION ( 'NONE',  ( 0.000000000000000000, -0.7016300613841643941, 0.7125414071912269387 ) ) ;
#2595 = ORIENTED_EDGE ( 'NONE', *, *, #3761, .F. ) ;
#2596 = ADVANCED_FACE ( 'NONE', ( #3175 ), #4688, .F. ) ;
#2597 = VECTOR ( 'NONE', #3558, 1000.000000000000000 ) ;
#2598 = VECTOR ( 'NONE', #2412, 1000.000000000000000 ) ;
#2599 = FACE_OUTER_BOUND ( 'NONE', #1070, .T. ) ;
#2600 = DIRECTION ( 'NONE',  ( -1.000000000000000000, 0.000000000000000000, -0.000000000000000000 ) ) ;
#2601 = CARTESIAN_POINT ( 'NONE',  ( -3.087830372361624942, 0.8141548499696984464, 2.790758680653950830 ) ) ;
#2602 = VECTOR ( 'NONE', #383, 1000.000000000000000 ) ;
#2603 = EDGE_LOOP ( 'NONE', ( #3671, #1100, #1087, #2110 ) ) ;
#2604 = DIRECTION ( 'NONE',  ( 0.000000000000000000, -1.000000000000000000, 0.000000000000000000 ) ) ;
#2605 = VERTEX_POINT ( 'NONE', #1356 ) ;
#2606 = LINE ( 'NONE', #4407, #364 ) ;
#2607 = B_SPLINE_CURVE_WITH_KNOTS ( 'NONE', 3,
 ( #355, #306, #263, #1776, #3178, #719, #3251, #2503, #1728, #4308, #2904, #4359, #2080, #2529, #1710, #4644, #2861, #3541 ),
 .UNSPECIFIED., .F., .F.,
 ( 4, 2, 2, 2, 2, 2, 2, 2, 4 ),
 ( 0.5000000000000000000, 0.5625000000000000000, 0.6250000000000000000, 0.6875000000000000000, 0.7500000000000000000, 0.8125000000000000000, 0.8750000000000000000, 0.9375000000000000000, 1.000000000000000000 ),
 .UNSPECIFIED. ) ;
#2608 = CARTESIAN_POINT ( 'NONE',  ( 9.000000000000000000, -5.000000000000000000, 8.991260281974000179 ) ) ;
#2609 = DIRECTION ( 'NONE',  ( -1.000000000000000000, 0.000000000000000000, 0.000000000000000000 ) ) ;
#2610 = EDGE_CURVE ( 'NONE', #4349, #1109, #4706, .T. ) ;
#2611 = DIRECTION ( 'NONE',  ( 1.000000000000000000, 0.000000000000000000, -0.000000000000000000 ) ) ;
#2612 = EDGE_LOOP ( 'NONE', ( #1887, #3903, #3308, #3598 ) ) ;
#2613 = PLANE ( 'NONE',  #3143 ) ;
#2614 = CIRCLE ( 'NONE', #3376, 0.1000000000000002554 ) ;
#2615 = CIRCLE ( 'NONE', #1391, 0.1000000000000000472 ) ;
#2616 = DIRECTION ( 'NONE',  ( -0.000000000000000000, -1.000000000000000000, -0.000000000000000000 ) ) ;
#2617 = CARTESIAN_POINT ( 'NONE',  ( 8.723858088961764068, 2.500000000000000000, 2.991975335966791771 ) ) ;
#2618 = SURFACE_STYLE_FILL_AREA ( #2209 ) ;
#2619 = DIRECTION ( 'NONE',  ( -0.000000000000000000, -1.000000000000000000, -0.000000000000000000 ) ) ;
#2620 = FILL_AREA_STYLE_COLOUR ( '', #315 ) ;
#2621 = ORIENTED_EDGE ( 'NONE', *, *, #906, .T. ) ;
#2622 = LINE ( 'NONE', #585, #4596 ) ;
#2623 = ORIENTED_EDGE ( 'NONE', *, *, #2839, .F. ) ;
#2624 = PLANE ( 'NONE',  #3526 ) ;
#2625 = ADVANCED_FACE ( 'NONE', ( #2094 ), #4383, .F. ) ;
#2626 = PLANE ( 'NONE',  #3191 ) ;
#2627 = ORIENTED_EDGE ( 'NONE', *, *, #2074, .F. ) ;
#2628 = LINE ( 'NONE', #408, #3755 ) ;
#2629 = VERTEX_POINT ( 'NONE', #3920 ) ;
#2630 = CARTESIAN_POINT ( 'NONE',  ( 5.375000000000000000, -6.825078385935131386, 2.168404344971008868E-16 ) ) ;
#2631 = UNCERTAINTY_MEASURE_WITH_UNIT (LENGTH_MEASURE( 1.000000000000000082E-05 ), #1616, 'distance_accuracy_value', 'NONE');
#2632 = ADVANCED_FACE ( 'NONE', ( #2119 ), #4354, .T. ) ;
#2633 = CARTESIAN_POINT ( 'NONE',  ( 5.375000000000000000, 6.825078385935131386, 2.168404344971008868E-16 ) ) ;
#2634 = PLANE ( 'NONE',  #1526 ) ;
#2635 =( BOUNDED_SURFACE ( )  B_SPLINE_SURFACE ( 3, 2, ( 
 ( #3074, #1933, #4170 ),
 ( #4512, #4152, #878 ),
 ( #4537, #898, #2352 ),
 ( #3809, #535, #1987 ) ),
 .UNSPECIFIED., .F., .F., .F. ) 
 B_SPLINE_SURFACE_WITH_KNOTS ( ( 4, 4 ),
 ( 3, 3 ),
 ( 0.0001338712102974259639, 0.0004472786954700832250 ),
 ( 0.000000000000000000, 1.000000000000000000 ),
 .UNSPECIFIED. ) 
 GEOMETRIC_REPRESENTATION_ITEM ( )  RATIONAL_B_SPLINE_SURFACE ( (
 ( 1.000000000000000000, 0.6735274543618593457, 1.000000000000000000),
 ( 1.000000000000000000, 0.6730600158802388933, 1.000000000000000000),
 ( 1.000000000000000000, 0.6894919094128408865, 1.000000000000000000),
 ( 1.000000000000000000, 0.7071067811865460184, 1.000000000000000000) ) ) 
 REPRESENTATION_ITEM ( '' )  SURFACE ( )  );
#2636 = FACE_BOUND ( 'NONE', #856, .T. ) ;
#2637 = ORIENTED_EDGE ( 'NONE', *, *, #1575, .F. ) ;
#2638 = EDGE_CURVE ( 'NONE', #946, #2657, #1423, .T. ) ;
#2639 = EDGE_CURVE ( 'NONE', #723, #1248, #3554, .T. ) ;
#2640 = DIRECTION ( 'NONE',  ( 0.000000000000000000, 0.000000000000000000, 1.000000000000000000 ) ) ;
#2641 = ORIENTED_EDGE ( 'NONE', *, *, #3095, .T. ) ;
#2642 = FACE_OUTER_BOUND ( 'NONE', #42, .T. ) ;
#2643 = CARTESIAN_POINT ( 'NONE',  ( -7.231096411691571468, -4.750000000000000000, 0.000000000000000000 ) ) ;
#2644 = DIRECTION ( 'NONE',  ( 0.000000000000000000, 0.000000000000000000, 1.000000000000000000 ) ) ;
#2645 = ORIENTED_EDGE ( 'NONE', *, *, #1687, .T. ) ;
#2646 = DIRECTION ( 'NONE',  ( -1.000000000000000000, 0.000000000000000000, -0.000000000000000000 ) ) ;
#2647 = CARTESIAN_POINT ( 'NONE',  ( -7.331096411691572001, -5.000000000000000000, 0.000000000000000000 ) ) ;
#2648 = ORIENTED_EDGE ( 'NONE', *, *, #4114, .F. ) ;
#2649 = LINE ( 'NONE', #3414, #2422 ) ;
#2650 = VERTEX_POINT ( 'NONE', #742 ) ;
#2651 = DIRECTION ( 'NONE',  ( -0.1927021268047518499, 0.000000000000000000, 0.9812573007753497834 ) ) ;
#2652 = CARTESIAN_POINT ( 'NONE',  ( 10.50000000000000000, -7.500000000000000000, 2.000000000000000000 ) ) ;
#2653 = CARTESIAN_POINT ( 'NONE',  ( -9.000000000000000000, -5.000000000000000000, 8.991260281974000179 ) ) ;
#2654 = COLOUR_RGB ( '',0.8431372549019607865, 0.8431372549019607865, 0.8431372549019607865 ) ;
#2655 = EDGE_CURVE ( 'NONE', #1365, #3802, #4132, .T. ) ;
#2656 =( NAMED_UNIT ( * ) SI_UNIT ( $, .STERADIAN. ) SOLID_ANGLE_UNIT ( ) );
#2657 = VERTEX_POINT ( 'NONE', #3224 ) ;
#2658 = CARTESIAN_POINT ( 'NONE',  ( -1.860911178248499054, 4.750000000000000000, 2.869821862707938376 ) ) ;
#2659 = CARTESIAN_POINT ( 'NONE',  ( -8.250900724130918462, 2.500000000000000000, 2.829767657195834119 ) ) ;
#2660 = COLOUR_RGB ( '',0.8431372549019607865, 0.8431372549019607865, 0.8431372549019607865 ) ;
#2661 = EDGE_CURVE ( 'NONE', #2394, #3548, #2831, .T. ) ;
#2662 = VECTOR ( 'NONE', #3536, 1000.000000000000000 ) ;
#2663 = DIRECTION ( 'NONE',  ( -0.9459147296616908784, 0.000000000000000000, -0.3244153575419176927 ) ) ;
#2664 = CARTESIAN_POINT ( 'NONE',  ( 4.945780671388455119, -4.650000000000002132, 5.981689234079377471 ) ) ;
#2665 = CARTESIAN_POINT ( 'NONE',  ( -5.375000000000000000, -6.450000000000000178, -2.327802519272560655 ) ) ;
#2666 = CARTESIAN_POINT ( 'NONE',  ( -7.000000000000000888, 6.450000000000000178, -12.59999999999999964 ) ) ;
#2667 = COLOUR_RGB ( '',0.8431372549019607865, 0.8431372549019607865, 0.8431372549019607865 ) ;
#2668 = ORIENTED_EDGE ( 'NONE', *, *, #4130, .F. ) ;
#2669 = DIRECTION ( 'NONE',  ( 0.000000000000000000, -1.000000000000000000, 0.000000000000000000 ) ) ;
#2670 = AXIS2_PLACEMENT_3D ( 'NONE', #2653, #483, #3398 ) ;
#2671 = CARTESIAN_POINT ( 'NONE',  ( 0.4000000000000000222, 0.000000000000000000, -16.60000000000000142 ) ) ;
#2672 = CARTESIAN_POINT ( 'NONE',  ( -0.4000000000000000222, -11.15000000000000036, -15.40000000000000036 ) ) ;
#2673 = VERTEX_POINT ( 'NONE', #3198 ) ;
#2674 = VECTOR ( 'NONE', #1071, 1000.000000000000000 ) ;
#2675 = AXIS2_PLACEMENT_3D ( 'NONE', #1643, #1692, #3164 ) ;
#2676 = DIRECTION ( 'NONE',  ( -1.000000000000000000, 0.000000000000000000, 0.000000000000000000 ) ) ;
#2677 = CIRCLE ( 'NONE', #300, 0.09999999999999982514 ) ;
#2678 = LINE ( 'NONE', #78, #3495 ) ;
#2679 = UNCERTAINTY_MEASURE_WITH_UNIT (LENGTH_MEASURE( 1.000000000000000082E-05 ), #4095, 'distance_accuracy_value', 'NONE');
#2680 = AXIS2_PLACEMENT_3D ( 'NONE', #4098, #3457, #3011 ) ;
#2681 = ORIENTED_EDGE ( 'NONE', *, *, #104, .F. ) ;
#2682 = CARTESIAN_POINT ( 'NONE',  ( 5.748066477745161329, 4.750000000000000000, 5.899999999999999467 ) ) ;
#2683 = CARTESIAN_POINT ( 'NONE',  ( -4.307216981021261937, 1.310047277445223868, 2.658198294918471927 ) ) ;
#2684 = AXIS2_PLACEMENT_3D ( 'NONE', #1201, #1958, #2719 ) ;
#2685 =( NAMED_UNIT ( * ) PLANE_ANGLE_UNIT ( ) SI_UNIT ( $, .RADIAN. ) );
#2686 = ORIENTED_EDGE ( 'NONE', *, *, #3861, .F. ) ;
#2687 = CARTESIAN_POINT ( 'NONE',  ( 4.945780671386379446, 4.649999999999999467, 5.981689234077911976 ) ) ;
#2688 = CARTESIAN_POINT ( 'NONE',  ( -9.000000000000000000, 6.450000000000000178, 0.000000000000000000 ) ) ;
#2689 = VECTOR ( 'NONE', #4587, 1000.000000000000000 ) ;
#2690 = EDGE_CURVE ( 'NONE', #24, #2533, #4666, .T. ) ;
#2691 = ORIENTED_EDGE ( 'NONE', *, *, #4476, .F. ) ;
#2692 = FACE_OUTER_BOUND ( 'NONE', #4282, .T. ) ;
#2693 = VERTEX_POINT ( 'NONE', #3577 ) ;
#2694 = CIRCLE ( 'NONE', #2853, 0.1000000000000002554 ) ;
#2695 = DIRECTION ( 'NONE',  ( -0.000000000000000000, -1.000000000000000000, 0.000000000000000000 ) ) ;
#2696 = DIRECTION ( 'NONE',  ( 0.000000000000000000, 0.000000000000000000, 1.000000000000000000 ) ) ;
#2697 = AXIS2_PLACEMENT_3D ( 'NONE', #1715, #3216, #613 ) ;
#2698 = VERTEX_POINT ( 'NONE', #304 ) ;
#2699 = SURFACE_SIDE_STYLE ('',( #831 ) ) ;
#2700 = ADVANCED_FACE ( 'NONE', ( #1752 ), #4045, .F. ) ;
#2701 = CARTESIAN_POINT ( 'NONE',  ( -7.231096411691571468, -5.100000000000000533, 1.899999999999999911 ) ) ;
#2702 = EDGE_CURVE ( 'NONE', #2963, #2282, #4494, .T. ) ;
#2703 = SPHERICAL_SURFACE ( 'NONE', #1612, 0.1000000000000000056 ) ;
#2704 = EDGE_LOOP ( 'NONE', ( #58, #3853, #3569, #4606 ) ) ;
#2705 = MANIFOLD_SOLID_BREP ( 'Wrap1', #2813 ) ;
#2706 = FACE_OUTER_BOUND ( 'NONE', #1638, .T. ) ;
#2707 = DIRECTION ( 'NONE',  ( 0.9983070442555648238, -6.952371257148838070E-14, -0.05816395266587324336 ) ) ;
#2708 = VERTEX_POINT ( 'NONE', #3702 ) ;
#2709 = DIRECTION ( 'NONE',  ( 0.000000000000000000, -0.000000000000000000, 1.000000000000000000 ) ) ;
#2710 = DIRECTION ( 'NONE',  ( 1.000000000000000000, -0.000000000000000000, -0.000000000000000000 ) ) ;
#2711 = CARTESIAN_POINT ( 'NONE',  ( -4.860831520144017759, 0.7543394703348884622, 2.623810168640019036 ) ) ;
#2712 = LINE ( 'NONE', #2393, #1222 ) ;
#2713 = ORIENTED_EDGE ( 'NONE', *, *, #1398, .T. ) ;
#2714 = ORIENTED_EDGE ( 'NONE', *, *, #1984, .F. ) ;
#2715 = LINE ( 'NONE', #2348, #2278 ) ;
#2716 = DIRECTION ( 'NONE',  ( -1.000000000000000000, -0.000000000000000000, -0.000000000000000000 ) ) ;
#2717 = VERTEX_POINT ( 'NONE', #1214 ) ;
#2718 = ADVANCED_FACE ( 'NONE', ( #2291 ), #3751, .F. ) ;
#2719 = DIRECTION ( 'NONE',  ( 0.000000000000000000, 0.000000000000000000, 1.000000000000000000 ) ) ;
#2720 = CARTESIAN_POINT ( 'NONE',  ( -7.225280075649578748, 4.650000000000000355, 2.636584179644378079 ) ) ;
#2721 = VERTEX_POINT ( 'NONE', #4087 ) ;
#2722 = CYLINDRICAL_SURFACE ( 'NONE', #2495, 0.1000000000000002554 ) ;
#2723 = EDGE_CURVE ( 'NONE', #3468, #1953, #1125, .T. ) ;
#2724 = CARTESIAN_POINT ( 'NONE',  ( -5.375000000000000000, -6.450000000000000178, -2.327802519272560655 ) ) ;
#2725 = EDGE_LOOP ( 'NONE', ( #1357, #3631, #2237, #353 ) ) ;
#2726 = ADVANCED_FACE ( 'NONE', ( #3001 ), #1150, .T. ) ;
#2727 = SURFACE_STYLE_USAGE ( .BOTH. , #1994 ) ;
#2728 = DIRECTION ( 'NONE',  ( 0.000000000000000000, 0.000000000000000000, -1.000000000000000000 ) ) ;
#2729 = ORIENTED_EDGE ( 'NONE', *, *, #1277, .T. ) ;
#2730 =( NAMED_UNIT ( * ) SI_UNIT ( $, .STERADIAN. ) SOLID_ANGLE_UNIT ( ) );
#2731 = FACE_OUTER_BOUND ( 'NONE', #2462, .T. ) ;
#2732 = DIRECTION ( 'NONE',  ( 0.000000000000000000, -1.000000000000000000, 0.000000000000000000 ) ) ;
#2733 = LINE ( 'NONE', #576, #3061 ) ;
#2734 = ORIENTED_EDGE ( 'NONE', *, *, #3077, .F. ) ;
#2735 = DIRECTION ( 'NONE',  ( 0.000000000000000000, -1.000000000000000000, -0.000000000000000000 ) ) ;
#2736 = CARTESIAN_POINT ( 'NONE',  ( -6.599999999999999645, -1.399999999999999689, -14.59999999999999964 ) ) ;
#2737 = ORIENTED_EDGE ( 'NONE', *, *, #3310, .T. ) ;
#2738 = DIRECTION ( 'NONE',  ( -1.000000000000000000, -0.000000000000000000, -0.000000000000000000 ) ) ;
#2739 = STYLED_ITEM ( 'NONE', ( #1727 ), #730 ) ;
#2740 = CARTESIAN_POINT ( 'NONE',  ( -6.599999999999999645, 0.5999999999999999778, -11.59999999999999964 ) ) ;
#2741 = ORIENTED_EDGE ( 'NONE', *, *, #3761, .T. ) ;
#2742 = CARTESIAN_POINT ( 'NONE',  ( -7.231096411691571468, 4.649999999999999467, 2.536753471768243173 ) ) ;
#2743 = AXIS2_PLACEMENT_3D ( 'NONE', #2248, #2903, #4432 ) ;
#2744 = DIRECTION ( 'NONE',  ( 1.000000000000000000, -0.000000000000000000, 0.000000000000000000 ) ) ;
#2745 = VECTOR ( 'NONE', #1714, 1000.000000000000000 ) ;
#2746 = CARTESIAN_POINT ( 'NONE',  ( -4.625000000000000000, -6.450000000000000178, 0.000000000000000000 ) ) ;
#2747 = LINE ( 'NONE', #567, #1140 ) ;
#2748 = DIRECTION ( 'NONE',  ( 0.9530381524752344902, 0.000000000000000000, 0.3028502599084103020 ) ) ;
#2749 = EDGE_LOOP ( 'NONE', ( #4017, #3849, #4229 ) ) ;
#2750 = EDGE_CURVE ( 'NONE', #3009, #503, #1825, .T. ) ;
#2751 = AXIS2_PLACEMENT_3D ( 'NONE', #3873, #4278, #961 ) ;
#2752 = ORIENTED_EDGE ( 'NONE', *, *, #3455, .T. ) ;
#2753 = PLANE ( 'NONE',  #2497 ) ;
#2754 = ORIENTED_EDGE ( 'NONE', *, *, #2571, .T. ) ;
#2755 = LINE ( 'NONE', #4212, #1898 ) ;
#2756 = DIRECTION ( 'NONE',  ( -0.9459147296616911005, 0.000000000000000000, -0.3244153575419171376 ) ) ;
#2757 = ADVANCED_FACE ( 'NONE', ( #4069 ), #429, .T. ) ;
#2758 = EDGE_CURVE ( 'NONE', #4382, #3047, #1897, .T. ) ;
#2759 = AXIS2_PLACEMENT_3D ( 'NONE', #1851, #2554, #2199 ) ;
#2760 = VECTOR ( 'NONE', #1525, 1000.000000000000000 ) ;
#2761 = CARTESIAN_POINT ( 'NONE',  ( -9.000000000000000000, 6.450000000000000178, 0.000000000000000000 ) ) ;
#2762 = CARTESIAN_POINT ( 'NONE',  ( 3.141833799531726257, 4.649999999999999467, 4.816307551909551954 ) ) ;
#2763 = CARTESIAN_POINT ( 'NONE',  ( -7.231096411691571468, -4.649999999999998579, 1.269279395977619185 ) ) ;
#2764 = DIRECTION ( 'NONE',  ( -0.000000000000000000, -1.000000000000000000, -0.000000000000000000 ) ) ;
#2765 = ADVANCED_FACE ( 'NONE', ( #4474 ), #3020, .F. ) ;
#2766 = COLOUR_RGB ( '',0.8431372549019607865, 0.8431372549019607865, 0.8431372549019607865 ) ;
#2767 = DIRECTION ( 'NONE',  ( 0.1927021268047518499, 0.000000000000000000, 0.9812573007753497834 ) ) ;
#2768 = PRODUCT_DEFINITION_SHAPE ( 'NONE', 'NONE',  #1642 ) ;
#2769 = VECTOR ( 'NONE', #2155, 1000.000000000000000 ) ;
#2770 = ORIENTED_EDGE ( 'NONE', *, *, #4416, .F. ) ;
#2771 = DIRECTION ( 'NONE',  ( 0.000000000000000000, 0.000000000000000000, 1.000000000000000000 ) ) ;
#2772 = CARTESIAN_POINT ( 'NONE',  ( -9.000000000000000000, -5.000000000000000000, -11.59999999999999964 ) ) ;
#2773 = CARTESIAN_POINT ( 'NONE',  ( -7.231096411691571468, -5.000000000000000000, 1.169279395977619318 ) ) ;
#2774 = FACE_OUTER_BOUND ( 'NONE', #657, .T. ) ;
#2775 = ORIENTED_EDGE ( 'NONE', *, *, #3364, .T. ) ;
#2776 = VECTOR ( 'NONE', #4419, 1000.000000000000000 ) ;
#2777 = ADVANCED_FACE ( 'NONE', ( #3442 ), #4179, .T. ) ;
#2778 = FACE_OUTER_BOUND ( 'NONE', #2749, .T. ) ;
#2779 = UNCERTAINTY_MEASURE_WITH_UNIT (LENGTH_MEASURE( 1.000000000000000082E-05 ), #4442, 'distance_accuracy_value', 'NONE');
#2780 = ORIENTED_EDGE ( 'NONE', *, *, #3460, .F. ) ;
#2781 = CARTESIAN_POINT ( 'NONE',  ( -9.000000000000000000, 6.450000000000000178, -10.09999999999999964 ) ) ;
#2782 = FILL_AREA_STYLE_COLOUR ( '', #4450 ) ;
#2783 = LINE ( 'NONE', #2048, #4198 ) ;
#2784 = EDGE_CURVE ( 'NONE', #968, #663, #908, .T. ) ;
#2785 = DIRECTION ( 'NONE',  ( -1.000000000000000000, 0.000000000000000000, 0.000000000000000000 ) ) ;
#2786 = EDGE_LOOP ( 'NONE', ( #4681, #1587, #3902, #1216 ) ) ;
#2787 = DIRECTION ( 'NONE',  ( 0.000000000000000000, -0.7125414071912269387, -0.7016300613841642830 ) ) ;
#2788 = CARTESIAN_POINT ( 'NONE',  ( 6.570836652277640688, 4.999999999999998224, 1.903776142832913854 ) ) ;
#2789 = LINE ( 'NONE', #1300, #4265 ) ;
#2790 = ADVANCED_FACE ( 'NONE', ( #2706 ), #3103, .F. ) ;
#2791 = EDGE_CURVE ( 'NONE', #492, #3749, #2338, .T. ) ;
#2792 = CARTESIAN_POINT ( 'NONE',  ( 2.841557181416618505, 2.000000000000000444, 4.691193810440314138 ) ) ;
#2793 = ORIENTED_EDGE ( 'NONE', *, *, #4151, .T. ) ;
#2794 = CARTESIAN_POINT ( 'NONE',  ( 3.178724861159807791, 4.750000000000000888, 4.749855601606078004 ) ) ;
#2795 = ORIENTED_EDGE ( 'NONE', *, *, #3042, .F. ) ;
#2796 = CARTESIAN_POINT ( 'NONE',  ( -10.14831082805733331, -2.500000000000000000, -2.702609660302199401 ) ) ;
#2797 = DIRECTION ( 'NONE',  ( -0.000000000000000000, -1.000000000000000000, 0.000000000000000000 ) ) ;
#2798 = DIRECTION ( 'NONE',  ( 0.000000000000000000, -1.000000000000000000, 0.000000000000000000 ) ) ;
#2799 = ORIENTED_EDGE ( 'NONE', *, *, #4392, .F. ) ;
#2800 = ORIENTED_EDGE ( 'NONE', *, *, #1367, .T. ) ;
#2801 = FILL_AREA_STYLE ('',( #3218 ) ) ;
#2802 = ORIENTED_EDGE ( 'NONE', *, *, #1416, .T. ) ;
#2803 = CARTESIAN_POINT ( 'NONE',  ( 5.375000000000000000, 6.450000000000000178, 0.000000000000000000 ) ) ;
#2804 =( LENGTH_UNIT ( ) NAMED_UNIT ( * ) SI_UNIT ( .MILLI., .METRE. ) );
#2805 = ADVANCED_FACE ( 'NONE', ( #1969 ), #936, .T. ) ;
#2806 = B_SPLINE_SURFACE_WITH_KNOTS ( 'NONE', 2, 1, ( 
 ( #1565, #4589 ),
 ( #2313, #4157 ),
 ( #1281, #4176 ) ),
 .UNSPECIFIED., .F., .F., .F.,
 ( 3, 3 ),
 ( 2, 2 ),
 ( 0.2093438058390993672, 0.3533968471514707943 ),
 ( 0.000000000000000000, 1.000000000000000000 ),
 .UNSPECIFIED. ) ;
#2807 = CARTESIAN_POINT ( 'NONE',  ( 6.590745809450444526, -5.000000000000001776, 1.692794361018901572 ) ) ;
#2808 = ORIENTED_EDGE ( 'NONE', *, *, #3073, .T. ) ;
#2809 = SURFACE_STYLE_FILL_AREA ( #280 ) ;
#2810 = PLANE ( 'NONE',  #4592 ) ;
#2811 = FACE_OUTER_BOUND ( 'NONE', #4211, .T. ) ;
#2812 = ADVANCED_FACE ( 'NONE', ( #2778 ), #3151, .F. ) ;
#2813 = CLOSED_SHELL ( 'NONE', ( #4233, #4479, #2398, #730, #3098, #1629, #2850, #4655, #2941, #4453, #2718, #4460, #2181, #1705, #2777, #3450, #3355, #1691, #15, #3644, #587, #118, #521, #3215, #3553, #2928, #1293, #1737, #3883, #2969, #1542, #4266, #447, #1447, #284, #96 ) ) ;
#2814 = CARTESIAN_POINT ( 'NONE',  ( -6.599999999999999645, -1.599999999999999867, -14.40000000000000213 ) ) ;
#2815 = ORIENTED_EDGE ( 'NONE', *, *, #4481, .T. ) ;
#2816 = CARTESIAN_POINT ( 'NONE',  ( 6.619518679845523224, -4.649999999999999467, 1.169279395977619318 ) ) ;
#2817 = VECTOR ( 'NONE', #1867, 1000.000000000000000 ) ;
#2818 = EDGE_CURVE ( 'NONE', #1004, #2126, #231, .T. ) ;
#2819 = AXIS2_PLACEMENT_3D ( 'NONE', #1535, #1506, #1177 ) ;
#2820 = DIRECTION ( 'NONE',  ( 1.000000000000000000, 0.000000000000000000, 0.000000000000000000 ) ) ;
#2821 = DIRECTION ( 'NONE',  ( 1.000000000000000000, 0.000000000000000000, 0.000000000000000000 ) ) ;
#2822 = MECHANICAL_DESIGN_GEOMETRIC_PRESENTATION_REPRESENTATION (  '', ( #1877 ), #2351 ) ;
#2823 = ORIENTED_EDGE ( 'NONE', *, *, #3857, .T. ) ;
#2824 = VECTOR ( 'NONE', #431, 1000.000000000000000 ) ;
#2825 = CARTESIAN_POINT ( 'NONE',  ( -5.375000000000000000, -6.825078385935131386, 2.168404344971008868E-16 ) ) ;
#2826 = ORIENTED_EDGE ( 'NONE', *, *, #3048, .F. ) ;
#2827 = DIRECTION ( 'NONE',  ( -1.000000000000000000, 0.000000000000000000, -0.000000000000000000 ) ) ;
#2828 = LINE ( 'NONE', #3870, #2662 ) ;
#2829 = LINE ( 'NONE', #4685, #2306 ) ;
#2830 = AXIS2_PLACEMENT_3D ( 'NONE', #2236, #3693, #3012 ) ;
#2831 = LINE ( 'NONE', #1454, #1000 ) ;
#2832 = ORIENTED_EDGE ( 'NONE', *, *, #1942, .T. ) ;
#2833 = VECTOR ( 'NONE', #3419, 1000.000000000000000 ) ;
#2834 = CARTESIAN_POINT ( 'NONE',  ( 6.672498257678864952, 4.899999999999998579, 1.890727846355594544 ) ) ;
#2835 = CARTESIAN_POINT ( 'NONE',  ( 6.571192588896067832, 5.100000000000000533, 2.000000000000000000 ) ) ;
#2836 = CARTESIAN_POINT ( 'NONE',  ( 5.748066477745162217, 4.649999999999997691, 5.899999999999996803 ) ) ;
#2837 = CIRCLE ( 'NONE', #773, 0.1000000000000000472 ) ;
#2838 = CARTESIAN_POINT ( 'NONE',  ( -5.375000000000000000, -6.450000000000000178, 0.000000000000000000 ) ) ;
#2839 = EDGE_CURVE ( 'NONE', #4290, #3468, #1306, .T. ) ;
#2840 = ORIENTED_EDGE ( 'NONE', *, *, #1041, .F. ) ;
#2841 = DIRECTION ( 'NONE',  ( 0.000000000000000000, 0.000000000000000000, -1.000000000000000000 ) ) ;
#2842 = AXIS2_PLACEMENT_3D ( 'NONE', #1101, #1405, #2196 ) ;
#2843 =( GEOMETRIC_REPRESENTATION_CONTEXT ( 3 ) GLOBAL_UNCERTAINTY_ASSIGNED_CONTEXT ( ( #3824 ) ) GLOBAL_UNIT_ASSIGNED_CONTEXT ( ( #2089, #4683, #2070 ) ) REPRESENTATION_CONTEXT ( 'NONE', 'WORKASPACE' ) );
#2844 = CARTESIAN_POINT ( 'NONE',  ( -9.107277510893236894, -2.500000000000000000, -8.099999999999999645 ) ) ;
#2845 = EDGE_CURVE ( 'NONE', #2161, #1108, #1061, .T. ) ;
#2846 = FACE_OUTER_BOUND ( 'NONE', #2028, .T. ) ;
#2847 = DIRECTION ( 'NONE',  ( -1.000000000000000000, -0.000000000000000000, -0.000000000000000000 ) ) ;
#2848 = ORIENTED_EDGE ( 'NONE', *, *, #2910, .F. ) ;
#2849 = EDGE_CURVE ( 'NONE', #1555, #3662, #3238, .T. ) ;
#2850 = ADVANCED_FACE ( 'NONE', ( #1439 ), #4369, .T. ) ;
#2851 = CARTESIAN_POINT ( 'NONE',  ( -3.937159800883680560, -1.461902266052749644, 2.690135097154777721 ) ) ;
#2852 = FILL_AREA_STYLE_COLOUR ( '', #4038 ) ;
#2853 = AXIS2_PLACEMENT_3D ( 'NONE', #4136, #3391, #885 ) ;
#2854 = ORIENTED_EDGE ( 'NONE', *, *, #2984, .F. ) ;
#2855 =( NAMED_UNIT ( * ) SI_UNIT ( $, .STERADIAN. ) SOLID_ANGLE_UNIT ( ) );
#2856 = DIRECTION ( 'NONE',  ( -0.000000000000000000, -1.000000000000000000, -0.000000000000000000 ) ) ;
#2857 = CARTESIAN_POINT ( 'NONE',  ( 6.619518679845523224, -5.000000000000000000, 1.269279395977619185 ) ) ;
#2858 = ORIENTED_EDGE ( 'NONE', *, *, #2544, .F. ) ;
#2859 = ORIENTED_EDGE ( 'NONE', *, *, #4423, .T. ) ;
#2860 = CARTESIAN_POINT ( 'NONE',  ( 5.375000000000000000, -6.825078385935131386, -1.958467813539574776 ) ) ;
#2861 = CARTESIAN_POINT ( 'NONE',  ( -2.629525830159778366, -0.1208806156498965223, 2.861071318531200891 ) ) ;
#2862 = CYLINDRICAL_SURFACE ( 'NONE', #1218, 0.1000000000000000472 ) ;
#2863 = ORIENTED_EDGE ( 'NONE', *, *, #39, .F. ) ;
#2864 = PRESENTATION_STYLE_ASSIGNMENT (( #3606 ) ) ;
#2865 = VERTEX_POINT ( 'NONE', #826 ) ;
#2866 = CARTESIAN_POINT ( 'NONE',  ( 5.748066477745160441, 4.750000000000000000, 5.900000000000002132 ) ) ;
#2867 = ADVANCED_FACE ( 'NONE', ( #3050 ), #615, .T. ) ;
#2868 = CYLINDRICAL_SURFACE ( 'NONE', #4137, 0.1000000000000000472 ) ;
#2869 = DIRECTION ( 'NONE',  ( 0.000000000000000000, -0.7125414071912269387, 0.7016300613841643941 ) ) ;
#2870 = DIRECTION ( 'NONE',  ( -0.000000000000000000, 0.7125414071912269387, -0.7016300613841642830 ) ) ;
#2871 = FACE_OUTER_BOUND ( 'NONE', #1185, .T. ) ;
#2872 = ORIENTED_EDGE ( 'NONE', *, *, #3475, .T. ) ;
#2873 = EDGE_CURVE ( 'NONE', #3027, #4153, #3584, .T. ) ;
#2874 = DIRECTION ( 'NONE',  ( -0.000000000000000000, -1.000000000000000000, -0.000000000000000000 ) ) ;
#2875 = CARTESIAN_POINT ( 'NONE',  ( -4.479384375474870339, -0.005035233311920586652, 2.646492160562042173 ) ) ;
#2876 = CARTESIAN_POINT ( 'NONE',  ( -9.597906161280910453, 2.500000000000000000, -8.099999999999999645 ) ) ;
#2877 = PLANE ( 'NONE',  #4583 ) ;
#2878 = EDGE_CURVE ( 'NONE', #2186, #3504, #508, .T. ) ;
#2879 = CARTESIAN_POINT ( 'NONE',  ( -10.50000000000000178, 7.500000000000000000, 2.000000000000000000 ) ) ;
#2880 = ORIENTED_EDGE ( 'NONE', *, *, #390, .F. ) ;
#2881 = VERTEX_POINT ( 'NONE', #852 ) ;
#2882 = DIRECTION ( 'NONE',  ( -0.000000000000000000, -1.000000000000000000, -0.000000000000000000 ) ) ;
#2883 = LINE ( 'NONE', #602, #3964 ) ;
#2884 = ORIENTED_EDGE ( 'NONE', *, *, #2303, .F. ) ;
#2885 = ORIENTED_EDGE ( 'NONE', *, *, #3652, .F. ) ;
#2886 = LINE ( 'NONE', #1435, #3515 ) ;
#2887 = CARTESIAN_POINT ( 'NONE',  ( 4.108830686381541142, -4.749999999999998224, 5.295460972839826752 ) ) ;
#2888 = DIRECTION ( 'NONE',  ( 0.000000000000000000, 0.000000000000000000, -1.000000000000000000 ) ) ;
#2889 = DIRECTION ( 'NONE',  ( 0.000000000000000000, 0.000000000000000000, -1.000000000000000000 ) ) ;
#2890 = ORIENTED_EDGE ( 'NONE', *, *, #3441, .T. ) ;
#2891 = CIRCLE ( 'NONE', #4717, 0.1000000000000003109 ) ;
#2892 = ORIENTED_EDGE ( 'NONE', *, *, #3350, .F. ) ;
#2893 = CARTESIAN_POINT ( 'NONE',  ( -7.000000000000000888, 5.000000000000000000, 0.000000000000000000 ) ) ;
#2894 = ORIENTED_EDGE ( 'NONE', *, *, #3880, .T. ) ;
#2895 = DIRECTION ( 'NONE',  ( 0.000000000000000000, 1.000000000000000000, 0.000000000000000000 ) ) ;
#2896 = ADVANCED_FACE ( 'NONE', ( #3762 ), #1625, .F. ) ;
#2897 = CARTESIAN_POINT ( 'NONE',  ( -7.231096411691571468, -5.100000000000000533, 2.000000000000000000 ) ) ;
#2898 = ORIENTED_EDGE ( 'NONE', *, *, #3336, .T. ) ;
#2899 = AXIS2_PLACEMENT_3D ( 'NONE', #4684, #938, #3916 ) ;
#2900 = DIRECTION ( 'NONE',  ( -3.469446951953847061E-14, -1.000000000000000000, 2.021389606047316950E-15 ) ) ;
#2901 = ORIENTED_EDGE ( 'NONE', *, *, #1731, .T. ) ;
#2902 = EDGE_CURVE ( 'NONE', #3556, #2087, #4558, .T. ) ;
#2903 = DIRECTION ( 'NONE',  ( -1.000000000000000000, 0.000000000000000000, 0.000000000000000000 ) ) ;
#2904 = CARTESIAN_POINT ( 'NONE',  ( -3.306774841420754729, -0.9028396200279636963, 2.761325736752044069 ) ) ;
#2905 = AXIS2_PLACEMENT_3D ( 'NONE', #1666, #1161, #4485 ) ;
#2906 = DIRECTION ( 'NONE',  ( -0.000000000000000000, 1.000000000000000000, 0.000000000000000000 ) ) ;
#2907 = VECTOR ( 'NONE', #2142, 1000.000000000000000 ) ;
#2908 = SURFACE_SIDE_STYLE ('',( #2127 ) ) ;
#2909 = ORIENTED_EDGE ( 'NONE', *, *, #1627, .T. ) ;
#2910 = EDGE_CURVE ( 'NONE', #2673, #3031, #2327, .T. ) ;
#2911 = ORIENTED_EDGE ( 'NONE', *, *, #2392, .F. ) ;
#2912 = AXIS2_PLACEMENT_3D ( 'NONE', #2968, #2521, #3718 ) ;
#2913 = PRESENTATION_LAYER_ASSIGNMENT (  '', '', ( #3201 ) ) ;
#2914 = CARTESIAN_POINT ( 'NONE',  ( 0.2267081197069327758, -4.749999999999998224, 3.431527728286864587 ) ) ;
#2915 = TOROIDAL_SURFACE ( 'NONE', #1151, 0.2000000000000000111, 0.1000000000000000056 ) ;
#2916 = CARTESIAN_POINT ( 'NONE',  ( 10.49999999999999822, 7.500000000000001776, 2.000000000000000000 ) ) ;
#2917 = FACE_OUTER_BOUND ( 'NONE', #4356, .T. ) ;
#2918 = DIRECTION ( 'NONE',  ( 0.000000000000000000, 0.000000000000000000, -1.000000000000000000 ) ) ;
#2919 = ORIENTED_EDGE ( 'NONE', *, *, #2849, .F. ) ;
#2920 = CIRCLE ( 'NONE', #2062, 0.1000000000000000472 ) ;
#2921 = ORIENTED_EDGE ( 'NONE', *, *, #4476, .T. ) ;
#2922 = CARTESIAN_POINT ( 'NONE',  ( 5.748066477745159553, -4.650000000000002132, 5.900000000000003020 ) ) ;
#2923 = CARTESIAN_POINT ( 'NONE',  ( 6.619518679845523224, -5.000000000000000000, 1.269279395977619185 ) ) ;
#2924 =( LENGTH_UNIT ( ) NAMED_UNIT ( * ) SI_UNIT ( .MILLI., .METRE. ) );
#2925 = ORIENTED_EDGE ( 'NONE', *, *, #3484, .F. ) ;
#2926 = LINE ( 'NONE', #32, #170 ) ;
#2927 = ORIENTED_EDGE ( 'NONE', *, *, #769, .T. ) ;
#2928 = ADVANCED_FACE ( 'NONE', ( #131 ), #1960, .T. ) ;
#2929 = AXIS2_PLACEMENT_3D ( 'NONE', #1402, #325, #1772 ) ;
#2930 = LINE ( 'NONE', #1795, #1673 ) ;
#2931 = DIRECTION ( 'NONE',  ( -0.000000000000000000, 0.000000000000000000, 1.000000000000000000 ) ) ;
#2932 = CARTESIAN_POINT ( 'NONE',  ( 9.000000000000000000, 6.450000000000000178, -12.59999999999999964 ) ) ;
#2933 = CARTESIAN_POINT ( 'NONE',  ( 0.000000000000000000, -2.500000000000000000, 0.000000000000000000 ) ) ;
#2934 = CARTESIAN_POINT ( 'NONE',  ( -0.4000000000000000222, -0.5999999999999998668, -11.59999999999999964 ) ) ;
#2935 = AXIS2_PLACEMENT_3D ( 'NONE', #2212, #2594, #2944 ) ;
#2936 = EDGE_CURVE ( 'NONE', #1523, #573, #1605, .T. ) ;
#2937 = ORIENTED_EDGE ( 'NONE', *, *, #3980, .T. ) ;
#2938 = ORIENTED_EDGE ( 'NONE', *, *, #276, .T. ) ;
#2939 = CARTESIAN_POINT ( 'NONE',  ( -7.231096411691578574, 0.000000000000000000, 2.536753471768243173 ) ) ;
#2940 = EDGE_CURVE ( 'NONE', #2478, #3357, #155, .T. ) ;
#2941 = ADVANCED_FACE ( 'NONE', ( #3712, #1559, #2642 ), #1856, .F. ) ;
#2942 = CARTESIAN_POINT ( 'NONE',  ( -5.375000000000000000, -6.825078385935131386, -1.958467813539574776 ) ) ;
#2943 = DIRECTION ( 'NONE',  ( -0.000000000000000000, -0.000000000000000000, 1.000000000000000000 ) ) ;
#2944 = DIRECTION ( 'NONE',  ( 0.000000000000000000, -0.7125414071912269387, -0.7016300613841643941 ) ) ;
#2945 = ORIENTED_EDGE ( 'NONE', *, *, #34, .F. ) ;
#2946 = EDGE_LOOP ( 'NONE', ( #3895, #4555, #1082, #2686 ) ) ;
#2947 = CARTESIAN_POINT ( 'NONE',  ( 5.843370292992684512, 4.649999999999999467, 5.930285025990841952 ) ) ;
#2948 = ORIENTED_EDGE ( 'NONE', *, *, #3549, .F. ) ;
#2949 = DIRECTION ( 'NONE',  ( 0.000000000000000000, 0.000000000000000000, 1.000000000000000000 ) ) ;
#2950 = ORIENTED_EDGE ( 'NONE', *, *, #3127, .F. ) ;
#2951 = ORIENTED_EDGE ( 'NONE', *, *, #2074, .T. ) ;
#2952 =( NAMED_UNIT ( * ) PLANE_ANGLE_UNIT ( ) SI_UNIT ( $, .RADIAN. ) );
#2953 = CARTESIAN_POINT ( 'NONE',  ( 0.000000000000000000, 0.000000000000000000, 2.000000000000000000 ) ) ;
#2954 = CARTESIAN_POINT ( 'NONE',  ( 10.77312844853384100, -2.500000000000000000, -2.115657904132659528 ) ) ;
#2955 = CARTESIAN_POINT ( 'NONE',  ( -7.400000000000000355, -0.5999999999999998668, -11.59999999999999964 ) ) ;
#2956 =( LENGTH_UNIT ( ) NAMED_UNIT ( * ) SI_UNIT ( .MILLI., .METRE. ) );
#2957 = ORIENTED_EDGE ( 'NONE', *, *, #410, .F. ) ;
#2958 = ORIENTED_EDGE ( 'NONE', *, *, #1510, .T. ) ;
#2959 = CARTESIAN_POINT ( 'NONE',  ( 8.723858088961764068, -2.500000000000000000, 2.991975335966791771 ) ) ;
#2960 = CARTESIAN_POINT ( 'NONE',  ( 0.000000000000000000, 2.500000000000000000, 0.000000000000000000 ) ) ;
#2961 = ADVANCED_FACE ( 'NONE', ( #2692 ), #2635, .T. ) ;
#2962 = CARTESIAN_POINT ( 'NONE',  ( 6.663094303203449975, -4.943536199871880754, 1.891580078774457219 ) ) ;
#2963 = VERTEX_POINT ( 'NONE', #2740 ) ;
#2964 = DIRECTION ( 'NONE',  ( -0.000000000000000000, -0.000000000000000000, -1.000000000000000000 ) ) ;
#2965 = CARTESIAN_POINT ( 'NONE',  ( -7.231096411691571468, 4.649999999999999467, 1.269279395977619185 ) ) ;
#2966 = ORIENTED_EDGE ( 'NONE', *, *, #3042, .T. ) ;
#2967 = DIRECTION ( 'NONE',  ( -0.3244153575419176372, 0.000000000000000000, -0.9459147296616908784 ) ) ;
#2968 = CARTESIAN_POINT ( 'NONE',  ( -7.231096411691571468, 4.649999999999999467, 2.536753471768243173 ) ) ;
#2969 = ADVANCED_FACE ( 'NONE', ( #3117 ), #1639, .T. ) ;
#2970 = FACE_OUTER_BOUND ( 'NONE', #259, .T. ) ;
#2971 = CIRCLE ( 'NONE', #902, 0.1000000000000000472 ) ;
#2972 = EDGE_LOOP ( 'NONE', ( #430, #336, #916, #2559, #3921, #376, #3234, #1148 ) ) ;
#2973 = MECHANICAL_DESIGN_GEOMETRIC_PRESENTATION_REPRESENTATION (  '', ( #3799 ), #4493 ) ;
#2974 = CARTESIAN_POINT ( 'NONE',  ( 0.000000000000000000, 2.500000000000000000, -8.099999999999999645 ) ) ;
#2975 = LINE ( 'NONE', #3601, #3717 ) ;
#2976 = FACE_OUTER_BOUND ( 'NONE', #3190, .T. ) ;
#2977 = LINE ( 'NONE', #82, #1368 ) ;
#2978 = VECTOR ( 'NONE', #3893, 1000.000000000000000 ) ;
#2979 = ORIENTED_EDGE ( 'NONE', *, *, #2791, .T. ) ;
#2980 = CIRCLE ( 'NONE', #3433, 0.1000000000000002554 ) ;
#2981 = CARTESIAN_POINT ( 'NONE',  ( -6.599999999999999645, -1.400000000000014566, -16.60000000000000142 ) ) ;
#2982 = EDGE_LOOP ( 'NONE', ( #631, #2404, #2266, #305 ) ) ;
#2983 = AXIS2_PLACEMENT_3D ( 'NONE', #1829, #1502, #3630 ) ;
#2984 = EDGE_CURVE ( 'NONE', #1004, #3297, #2518, .T. ) ;
#2985 = CARTESIAN_POINT ( 'NONE',  ( 6.619518679845523224, 5.000000000000000000, 1.269279395977619185 ) ) ;
#2986 = DIRECTION ( 'NONE',  ( 0.000000000000000000, 0.000000000000000000, 1.000000000000000000 ) ) ;
#2987 = VECTOR ( 'NONE', #1389, 1000.000000000000000 ) ;
#2988 = CARTESIAN_POINT ( 'NONE',  ( 9.750000000000000000, -6.450000000000000178, -10.09999999999999964 ) ) ;
#2989 = AXIS2_PLACEMENT_3D ( 'NONE', #2933, #4710, #1104 ) ;
#2990 = VECTOR ( 'NONE', #420, 1000.000000000000000 ) ;
#2991 = EDGE_CURVE ( 'NONE', #2629, #3240, #322, .T. ) ;
#2992 = CARTESIAN_POINT ( 'NONE',  ( -4.625000000000000000, -6.450000000000000178, -2.327802519272560655 ) ) ;
#2993 = EDGE_LOOP ( 'NONE', ( #1812, #1384, #3486, #2009 ) ) ;
#2994 = CARTESIAN_POINT ( 'NONE',  ( 0.000000000000000000, -6.450000000000000178, -12.59999999999999964 ) ) ;
#2995 = LINE ( 'NONE', #3747, #1729 ) ;
#2996 = DIRECTION ( 'NONE',  ( -1.000000000000000000, 0.000000000000000000, -0.000000000000000000 ) ) ;
#2997 = VECTOR ( 'NONE', #1579, 1000.000000000000000 ) ;
#2998 = EDGE_LOOP ( 'NONE', ( #2431, #643, #618, #3625 ) ) ;
#2999 = ADVANCED_FACE ( 'NONE', ( #374 ), #3243, .T. ) ;
#3000 = VECTOR ( 'NONE', #3676, 1000.000000000000000 ) ;
#3001 = FACE_OUTER_BOUND ( 'NONE', #1684, .T. ) ;
#3002 = CARTESIAN_POINT ( 'NONE',  ( -4.625000000000000000, 6.825078385935131386, -1.958467813539574776 ) ) ;
#3003 = LINE ( 'NONE', #2633, #370 ) ;
#3004 = CARTESIAN_POINT ( 'NONE',  ( -10.77312844853384100, 2.500000000000000000, -2.115657904132659528 ) ) ;
#3005 = DIRECTION ( 'NONE',  ( -0.05899303816839177733, -0.000000000000000000, 0.9982583941283253992 ) ) ;
#3006 = AXIS2_PLACEMENT_3D ( 'NONE', #3516, #3489, #597 ) ;
#3007 = ORIENTED_EDGE ( 'NONE', *, *, #3510, .T. ) ;
#3008 = FILL_AREA_STYLE_COLOUR ( '', #3518 ) ;
#3009 = VERTEX_POINT ( 'NONE', #4012 ) ;
#3010 = CARTESIAN_POINT ( 'NONE',  ( 1.026141911038240373, -2.500000000000000000, -2.991975335966797989 ) ) ;
#3011 = DIRECTION ( 'NONE',  ( -1.000000000000000000, 0.000000000000000000, -0.000000000000000000 ) ) ;
#3012 = DIRECTION ( 'NONE',  ( 0.000000000000000000, 0.000000000000000000, 1.000000000000000000 ) ) ;
#3013 = EDGE_LOOP ( 'NONE', ( #692, #4559, #3035, #3045 ) ) ;
#3014 = ORIENTED_EDGE ( 'NONE', *, *, #4543, .F. ) ;
#3015 = LINE ( 'NONE', #3621, #2674 ) ;
#3016 = DIRECTION ( 'NONE',  ( 1.156482317317871478E-16, -1.000000000000000000, 0.000000000000000000 ) ) ;
#3017 = ORIENTED_EDGE ( 'NONE', *, *, #1479, .T. ) ;
#3018 = VERTEX_POINT ( 'NONE', #2992 ) ;
#3019 = ADVANCED_FACE ( 'NONE', ( #2599 ), #4037, .F. ) ;
#3020 = PLANE ( 'NONE',  #1154 ) ;
#3021 = DIRECTION ( 'NONE',  ( 0.000000000000000000, 0.000000000000000000, 1.000000000000000000 ) ) ;
#3022 = LINE ( 'NONE', #3446, #4649 ) ;
#3023 =( NAMED_UNIT ( * ) PLANE_ANGLE_UNIT ( ) SI_UNIT ( $, .RADIAN. ) );
#3024 = CARTESIAN_POINT ( 'NONE',  ( -2.260952322258107383, 0.7592051909572685719, 2.925560441914579091 ) ) ;
#3025 = EDGE_CURVE ( 'NONE', #555, #2574, #1452, .T. ) ;
#3026 = CARTESIAN_POINT ( 'NONE',  ( 7.000000000000000888, -5.000000000000000000, -12.59999999999999964 ) ) ;
#3027 = VERTEX_POINT ( 'NONE', #3645 ) ;
#3028 = DIRECTION ( 'NONE',  ( 0.000000000000000000, 0.000000000000000000, 1.000000000000000000 ) ) ;
#3029 = CARTESIAN_POINT ( 'NONE',  ( -5.375000000000000000, 6.825078385935131386, -1.958467813539574776 ) ) ;
#3030 = CARTESIAN_POINT ( 'NONE',  ( -0.3584248533524622693, 4.650000000000000355, 2.236503401025232929 ) ) ;
#3031 = VERTEX_POINT ( 'NONE', #1816 ) ;
#3032 = CARTESIAN_POINT ( 'NONE',  ( 4.625000000000000000, 6.450000000000000178, -2.327802519272560655 ) ) ;
#3033 = ORIENTED_EDGE ( 'NONE', *, *, #2068, .F. ) ;
#3034 = FILL_AREA_STYLE_COLOUR ( '', #3894 ) ;
#3035 = ORIENTED_EDGE ( 'NONE', *, *, #4353, .T. ) ;
#3036 = EDGE_CURVE ( 'NONE', #3548, #3357, #3293, .T. ) ;
#3037 = CARTESIAN_POINT ( 'NONE',  ( 9.750000000000000000, 6.450000000000000178, 0.000000000000000000 ) ) ;
#3038 = ORIENTED_EDGE ( 'NONE', *, *, #641, .F. ) ;
#3039 = LINE ( 'NONE', #2608, #1739 ) ;
#3040 = CARTESIAN_POINT ( 'NONE',  ( -2.071916950823014414, 0.000000000000000000, 2.961835166654152030 ) ) ;
#3041 = CIRCLE ( 'NONE', #2195, 0.09999999999999982514 ) ;
#3042 = EDGE_CURVE ( 'NONE', #1289, #1023, #4671, .T. ) ;
#3043 = ORIENTED_EDGE ( 'NONE', *, *, #1371, .T. ) ;
#3044 = CARTESIAN_POINT ( 'NONE',  ( -5.066743337053011054, 1.517638353633934623, 2.614722801368852156 ) ) ;
#3045 = ORIENTED_EDGE ( 'NONE', *, *, #3399, .T. ) ;
#3046 = CARTESIAN_POINT ( 'NONE',  ( -1.881153116486188104, 4.650000000000937384, 2.967932119021546633 ) ) ;
#3047 = VERTEX_POINT ( 'NONE', #4343 ) ;
#3048 = EDGE_CURVE ( 'NONE', #1165, #555, #3674, .T. ) ;
#3049 = DIRECTION ( 'NONE',  ( -0.9459147296616908784, 0.000000000000000000, -0.3244153575419176927 ) ) ;
#3050 = FACE_OUTER_BOUND ( 'NONE', #311, .T. ) ;
#3051 = EDGE_LOOP ( 'NONE', ( #3760, #328 ) ) ;
#3052 = DIRECTION ( 'NONE',  ( -0.3028502599083841562, 2.742567212684919903E-14, 0.9530381524752428168 ) ) ;
#3053 = SURFACE_SIDE_STYLE ('',( #4128 ) ) ;
#3054 = VERTEX_POINT ( 'NONE', #50 ) ;
#3055 = SURFACE_SIDE_STYLE ('',( #1582 ) ) ;
#3056 = AXIS2_PLACEMENT_3D ( 'NONE', #985, #3134, #3918 ) ;
#3057 = SURFACE_STYLE_FILL_AREA ( #1628 ) ;
#3058 = CARTESIAN_POINT ( 'NONE',  ( -9.000000000000000000, 6.450000000000000178, -12.59999999999999964 ) ) ;
#3059 = ORIENTED_EDGE ( 'NONE', *, *, #3310, .F. ) ;
#3060 = AXIS2_PLACEMENT_3D ( 'NONE', #3004, #2270, #4498 ) ;
#3061 = VECTOR ( 'NONE', #2371, 1000.000000000000000 ) ;
#3062 = LINE ( 'NONE', #3002, #4415 ) ;
#3063 = UNCERTAINTY_MEASURE_WITH_UNIT (LENGTH_MEASURE( 1.000000000000000082E-05 ), #4540, 'distance_accuracy_value', 'NONE');
#3064 = VECTOR ( 'NONE', #105, 1000.000000000000000 ) ;
#3065 = EDGE_LOOP ( 'NONE', ( #4488, #4531, #1407, #4070 ) ) ;
#3066 = CARTESIAN_POINT ( 'NONE',  ( -9.000000000000000000, -5.000000000000000000, -11.59999999999999787 ) ) ;
#3067 = VECTOR ( 'NONE', #855, 1000.000000000000000 ) ;
#3068 = CARTESIAN_POINT ( 'NONE',  ( -1.880731415890017688, 4.650000000000001243, 2.968045388334926038 ) ) ;
#3069 = VERTEX_POINT ( 'NONE', #1493 ) ;
#3070 = VERTEX_POINT ( 'NONE', #4063 ) ;
#3071 = CARTESIAN_POINT ( 'NONE',  ( 3.141833799534395677, 4.750000000000000000, 4.816307551903917350 ) ) ;
#3072 = LINE ( 'NONE', #4608, #536 ) ;
#3073 = EDGE_CURVE ( 'NONE', #4129, #3796, #2238, .T. ) ;
#3074 = CARTESIAN_POINT ( 'NONE',  ( 6.672498257678843636, -4.900000000000000355, 1.890727846355833242 ) ) ;
#3075 = VECTOR ( 'NONE', #1075, 1000.000000000000000 ) ;
#3076 = LINE ( 'NONE', #1580, #205 ) ;
#3077 = EDGE_CURVE ( 'NONE', #1873, #1262, #1862, .T. ) ;
#3078 = EDGE_CURVE ( 'NONE', #3458, #4153, #682, .T. ) ;
#3079 = AXIS2_PLACEMENT_3D ( 'NONE', #1414, #4245, #2490 ) ;
#3080 = CARTESIAN_POINT ( 'NONE',  ( 6.719344519258354076, 4.900000000000002132, 1.275178699794458081 ) ) ;
#3081 = FACE_OUTER_BOUND ( 'NONE', #1375, .T. ) ;
#3082 = EDGE_LOOP ( 'NONE', ( #3158, #2434, #2919, #1047 ) ) ;
#3083 = ORIENTED_EDGE ( 'NONE', *, *, #2940, .T. ) ;
#3084 = DIRECTION ( 'NONE',  ( -0.000000000000000000, 0.7016300613841643941, 0.7125414071912269387 ) ) ;
#3085 = DIRECTION ( 'NONE',  ( -0.000000000000000000, -1.000000000000000000, 5.781203146549822732E-16 ) ) ;
#3086 = EDGE_LOOP ( 'NONE', ( #3017, #2492, #3785, #3033 ) ) ;
#3087 = DIRECTION ( 'NONE',  ( 1.000000000000000000, 0.000000000000000000, -0.000000000000000000 ) ) ;
#3088 = CARTESIAN_POINT ( 'NONE',  ( 0.000000000000000000, -5.000000000000000000, 1.899999999999999911 ) ) ;
#3089 = CARTESIAN_POINT ( 'NONE',  ( -10.49999999999999822, -7.500000000000000888, 2.000000000000000000 ) ) ;
#3090 = CARTESIAN_POINT ( 'NONE',  ( -5.375000000000000000, -6.450000000000000178, -2.327802519272560655 ) ) ;
#3091 = ORIENTED_EDGE ( 'NONE', *, *, #4730, .T. ) ;
#3092 = DIRECTION ( 'NONE',  ( 0.000000000000000000, 0.000000000000000000, 1.000000000000000000 ) ) ;
#3093 = ORIENTED_EDGE ( 'NONE', *, *, #4151, .F. ) ;
#3094 = LINE ( 'NONE', #2446, #3738 ) ;
#3095 = EDGE_CURVE ( 'NONE', #2056, #2963, #1888, .T. ) ;
#3096 = LINE ( 'NONE', #4560, #4490 ) ;
#3097 = EDGE_CURVE ( 'NONE', #1793, #837, #3788, .T. ) ;
#3098 = ADVANCED_FACE ( 'NONE', ( #2309 ), #2262, .F. ) ;
#3099 = DIRECTION ( 'NONE',  ( 0.000000000000000000, 0.000000000000000000, -1.000000000000000000 ) ) ;
#3100 = DIRECTION ( 'NONE',  ( 0.000000000000000000, 0.000000000000000000, 1.000000000000000000 ) ) ;
#3101 = ORIENTED_EDGE ( 'NONE', *, *, #4159, .F. ) ;
#3102 = EDGE_CURVE ( 'NONE', #1574, #3796, #3768, .T. ) ;
#3103 = PLANE ( 'NONE',  #3210 ) ;
#3104 = SURFACE_STYLE_USAGE ( .BOTH. , #1632 ) ;
#3105 = EDGE_LOOP ( 'NONE', ( #371, #3262, #2317, #1264 ) ) ;
#3106 = CARTESIAN_POINT ( 'NONE',  ( -9.750000000000000000, -6.450000000000000178, -10.09999999999999964 ) ) ;
#3107 = VERTEX_POINT ( 'NONE', #3434 ) ;
#3108 = DIRECTION ( 'NONE',  ( -0.000000000000000000, -1.000000000000000000, -0.000000000000000000 ) ) ;
#3109 = CARTESIAN_POINT ( 'NONE',  ( -4.469187292167971393, 1.201015543384808204, 2.646698526154907860 ) ) ;
#3110 = DIRECTION ( 'NONE',  ( -0.000000000000000000, -0.000000000000000000, -1.000000000000000000 ) ) ;
#3111 = ORIENTED_EDGE ( 'NONE', *, *, #3701, .F. ) ;
#3112 = DIRECTION ( 'NONE',  ( -0.000000000000000000, -1.000000000000000000, -0.000000000000000000 ) ) ;
#3113 = CARTESIAN_POINT ( 'NONE',  ( 6.706772482306432082, 4.900000000000734879, 1.487918063763615351 ) ) ;
#3114 = VECTOR ( 'NONE', #2728, 1000.000000000000000 ) ;
#3115 = DIRECTION ( 'NONE',  ( 0.000000000000000000, 0.000000000000000000, 1.000000000000000000 ) ) ;
#3116 = VECTOR ( 'NONE', #3947, 1000.000000000000000 ) ;
#3117 = FACE_OUTER_BOUND ( 'NONE', #239, .T. ) ;
#3118 = ORIENTED_EDGE ( 'NONE', *, *, #4539, .T. ) ;
#3119 = CARTESIAN_POINT ( 'NONE',  ( 6.626094379756292341, -4.649999999999998579, 2.853123104791585707 ) ) ;
#3120 = VECTOR ( 'NONE', #36, 1000.000000000000000 ) ;
#3121 = ADVANCED_FACE ( 'NONE', ( #2284 ), #2331, .F. ) ;
#3122 = AXIS2_PLACEMENT_3D ( 'NONE', #2965, #3670, #399 ) ;
#3123 = CARTESIAN_POINT ( 'NONE',  ( -10.50000000000000178, 7.500000000000000000, 2.000000000000000000 ) ) ;
#3124 = CARTESIAN_POINT ( 'NONE',  ( 5.748066477745161329, -4.750000000000000000, 5.899999999999999467 ) ) ;
#3125 = FACE_OUTER_BOUND ( 'NONE', #139, .T. ) ;
#3126 = ORIENTED_EDGE ( 'NONE', *, *, #2075, .F. ) ;
#3127 = EDGE_CURVE ( 'NONE', #2673, #891, #512, .T. ) ;
#3128 = AXIS2_PLACEMENT_3D ( 'NONE', #688, #275, #3196 ) ;
#3129 = DIRECTION ( 'NONE',  ( 1.000000000000000000, -0.000000000000000000, 0.000000000000000000 ) ) ;
#3130 = ORIENTED_EDGE ( 'NONE', *, *, #3135, .F. ) ;
#3131 = CARTESIAN_POINT ( 'NONE',  ( 6.526493550308011926, -4.750000000000000000, 2.843416265495158246 ) ) ;
#3132 = CARTESIAN_POINT ( 'NONE',  ( 6.083297200044539110, 4.649999999999999467, 5.175260096195611226 ) ) ;
#3133 = VECTOR ( 'NONE', #2738, 1000.000000000000000 ) ;
#3134 = DIRECTION ( 'NONE',  ( 6.015093728786992534E-14, -1.000000000000000000, 0.000000000000000000 ) ) ;
#3135 = EDGE_CURVE ( 'NONE', #3027, #492, #2622, .T. ) ;
#3136 = MECHANICAL_DESIGN_GEOMETRIC_PRESENTATION_REPRESENTATION (  '', ( #4517 ), #4361 ) ;
#3137 = VECTOR ( 'NONE', #277, 1000.000000000000000 ) ;
#3138 = CARTESIAN_POINT ( 'NONE',  ( -5.375000000000000000, 6.450000000000000178, -2.327802519272560655 ) ) ;
#3139 = LINE ( 'NONE', #4607, #4337 ) ;
#3140 = LINE ( 'NONE', #2666, #1807 ) ;
#3141 = VECTOR ( 'NONE', #2569, 1000.000000000000000 ) ;
#3142 = PLANE ( 'NONE',  #681 ) ;
#3143 = AXIS2_PLACEMENT_3D ( 'NONE', #4463, #1536, #4076 ) ;
#3144 = EDGE_LOOP ( 'NONE', ( #3772, #1156, #2627, #3492 ) ) ;
#3145 = LINE ( 'NONE', #133, #1581 ) ;
#3146 = VECTOR ( 'NONE', #1999, 1000.000000000000000 ) ;
#3147 = DIRECTION ( 'NONE',  ( 0.000000000000000000, -0.000000000000000000, 1.000000000000000000 ) ) ;
#3148 = SPHERICAL_SURFACE ( 'NONE', #1886, 0.1000000000000000056 ) ;
#3149 = DIRECTION ( 'NONE',  ( 1.000000000000000000, 0.000000000000000000, 0.000000000000000000 ) ) ;
#3150 = VERTEX_POINT ( 'NONE', #4264 ) ;
#3151 = SPHERICAL_SURFACE ( 'NONE', #464, 0.1000000000000000056 ) ;
#3152 = ORIENTED_EDGE ( 'NONE', *, *, #4704, .F. ) ;
#3153 = CARTESIAN_POINT ( 'NONE',  ( -2.797054883947673432, -1.306755862072425334, 2.833249580225571940 ) ) ;
#3154 = EDGE_CURVE ( 'NONE', #2087, #3914, #2031, .T. ) ;
#3155 = ORIENTED_EDGE ( 'NONE', *, *, #1744, .T. ) ;
#3156 =( LENGTH_UNIT ( ) NAMED_UNIT ( * ) SI_UNIT ( .MILLI., .METRE. ) );
#3157 = SURFACE_STYLE_FILL_AREA ( #1354 ) ;
#3158 = ORIENTED_EDGE ( 'NONE', *, *, #2873, .F. ) ;
#3159 = LINE ( 'NONE', #3852, #393 ) ;
#3160 = CARTESIAN_POINT ( 'NONE',  ( -6.599999999999999645, 0.5999999999999999778, 0.000000000000000000 ) ) ;
#3161 = DIRECTION ( 'NONE',  ( -0.000000000000000000, 1.000000000000000000, -0.000000000000000000 ) ) ;
#3162 = CARTESIAN_POINT ( 'NONE',  ( 6.581519225625470426, 4.649999999999998579, 3.607407392603142249 ) ) ;
#3163 = ORIENTED_EDGE ( 'NONE', *, *, #4258, .F. ) ;
#3164 = DIRECTION ( 'NONE',  ( 0.000000000000000000, 0.000000000000000000, 1.000000000000000000 ) ) ;
#3165 = ORIENTED_EDGE ( 'NONE', *, *, #1937, .F. ) ;
#3166 = CARTESIAN_POINT ( 'NONE',  ( 5.003459688678321804, 4.750000000000000000, 5.900000000000000355 ) ) ;
#3167 = LINE ( 'NONE', #2425, #1660 ) ;
#3168 = CARTESIAN_POINT ( 'NONE',  ( 6.698405456775412325, -4.899999999999998579, 1.584713887059158832 ) ) ;
#3169 = ORIENTED_EDGE ( 'NONE', *, *, #4044, .T. ) ;
#3170 = LINE ( 'NONE', #4633, #3721 ) ;
#3171 = ORIENTED_EDGE ( 'NONE', *, *, #2130, .F. ) ;
#3172 = CARTESIAN_POINT ( 'NONE',  ( -6.599999999999999645, 0.000000000000000000, -15.40000000000000036 ) ) ;
#3173 = FILL_AREA_STYLE_COLOUR ( '', #1836 ) ;
#3174 = EDGE_CURVE ( 'NONE', #4182, #2506, #2449, .T. ) ;
#3175 = FACE_OUTER_BOUND ( 'NONE', #4247, .T. ) ;
#3176 = ORIENTED_EDGE ( 'NONE', *, *, #1263, .T. ) ;
#3177 = CARTESIAN_POINT ( 'NONE',  ( 6.719344519258362958, -4.900000000000001243, 1.275178699794326631 ) ) ;
#3178 = CARTESIAN_POINT ( 'NONE',  ( -4.291998270159401052, -0.5769305409395404372, 2.660007222465632815 ) ) ;
#3179 = DIRECTION ( 'NONE',  ( -1.000000000000000000, -0.000000000000000000, -0.000000000000000000 ) ) ;
#3181 = ORIENTED_EDGE ( 'NONE', *, *, #4086, .F. ) ;
#3180 = ORIENTED_EDGE ( 'NONE', *, *, #3154, .T. ) ;
#3182 = CARTESIAN_POINT ( 'NONE',  ( 0.000000000000000000, 6.450000000000000178, 0.000000000000000000 ) ) ;
#3183 = CIRCLE ( 'NONE', #1130, 0.09999999999999982514 ) ;
#3184 = EDGE_CURVE ( 'NONE', #3504, #2314, #972, .T. ) ;
#3185 = AXIS2_PLACEMENT_3D ( 'NONE', #1931, #4480, #3028 ) ;
#3186 = DIRECTION ( 'NONE',  ( -0.000000000000000000, -1.000000000000000000, -0.000000000000000000 ) ) ;
#3187 = CARTESIAN_POINT ( 'NONE',  ( 6.662322492884951153, 4.947212277453225227, 2.000000000000000000 ) ) ;
#3188 = LINE ( 'NONE', #4615, #1239 ) ;
#3189 = AXIS2_PLACEMENT_3D ( 'NONE', #99, #1965, #1585 ) ;
#3190 = EDGE_LOOP ( 'NONE', ( #1481, #2950, #33, #2275 ) ) ;
#3191 = AXIS2_PLACEMENT_3D ( 'NONE', #3816, #904, #3016 ) ;
#3192 = UNCERTAINTY_MEASURE_WITH_UNIT (LENGTH_MEASURE( 1.000000000000000082E-05 ), #2924, 'distance_accuracy_value', 'NONE');
#3193 = ORIENTED_EDGE ( 'NONE', *, *, #175, .T. ) ;
#3194 = PLANE ( 'NONE',  #4439 ) ;
#3195 = PLANE ( 'NONE',  #2929 ) ;
#3196 = DIRECTION ( 'NONE',  ( 0.000000000000000000, 0.000000000000000000, -1.000000000000000000 ) ) ;
#3197 = VECTOR ( 'NONE', #189, 1000.000000000000000 ) ;
#3198 = CARTESIAN_POINT ( 'NONE',  ( 10.66479332996103579, 2.500000000000000000, -2.667310487280512010 ) ) ;
#3199 = VERTEX_POINT ( 'NONE', #2844 ) ;
#3200 = ORIENTED_EDGE ( 'NONE', *, *, #179, .F. ) ;
#3201 = STYLED_ITEM ( 'NONE', ( #1223 ), #2398 ) ;
#3202 = CARTESIAN_POINT ( 'NONE',  ( 6.772067465603777592, 4.899999999999999467, 2.000000000000000000 ) ) ;
#3203 = LINE ( 'NONE', #695, #994 ) ;
#3204 = VECTOR ( 'NONE', #2882, 1000.000000000000000 ) ;
#3205 = COLOUR_RGB ( '',0.8431372549019607865, 0.8431372549019607865, 0.8431372549019607865 ) ;
#3207 = EDGE_LOOP ( 'NONE', ( #3169, #1141, #485, #2780 ) ) ;
#3206 = VERTEX_POINT ( 'NONE', #4294 ) ;
#3208 = CARTESIAN_POINT ( 'NONE',  ( 0.4000000000000000222, 0.5999999999999999778, 0.000000000000000000 ) ) ;
#3209 = ORIENTED_EDGE ( 'NONE', *, *, #3247, .F. ) ;
#3210 = AXIS2_PLACEMENT_3D ( 'NONE', #518, #955, #204 ) ;
#3211 = EDGE_CURVE ( 'NONE', #1796, #3357, #292, .T. ) ;
#3212 = VECTOR ( 'NONE', #753, 1000.000000000000000 ) ;
#3213 = DIRECTION ( 'NONE',  ( -0.000000000000000000, -1.000000000000000000, -0.000000000000000000 ) ) ;
#3214 = CARTESIAN_POINT ( 'NONE',  ( 0.000000000000000000, -0.5999999999999998668, -11.59999999999999964 ) ) ;
#3215 = ADVANCED_FACE ( 'NONE', ( #1784 ), #2868, .T. ) ;
#3216 = DIRECTION ( 'NONE',  ( -0.000000000000000000, -0.000000000000000000, 1.000000000000000000 ) ) ;
#3217 = ORIENTED_EDGE ( 'NONE', *, *, #4028, .F. ) ;
#3218 = FILL_AREA_STYLE_COLOUR ( '', #3672 ) ;
#3219 = CARTESIAN_POINT ( 'NONE',  ( 0.4000000000000000222, -0.5999999999999999778, -11.59999999999999964 ) ) ;
#3220 = AXIS2_PLACEMENT_3D ( 'NONE', #379, #4732, #1821 ) ;
#3221 = ORIENTED_EDGE ( 'NONE', *, *, #2818, .F. ) ;
#3222 = CARTESIAN_POINT ( 'NONE',  ( 0.000000000000000000, 6.450000000000000178, -12.59999999999999964 ) ) ;
#3223 = CARTESIAN_POINT ( 'NONE',  ( -7.000000000000000888, 6.450000000000000178, -11.59999999999999964 ) ) ;
#3224 = CARTESIAN_POINT ( 'NONE',  ( -7.331096411691572001, 4.899999999999998579, 1.269279395977619185 ) ) ;
#3225 = PLANE ( 'NONE',  #1647 ) ;
#3226 = ORIENTED_EDGE ( 'NONE', *, *, #3608, .T. ) ;
#3227 =( NAMED_UNIT ( * ) SI_UNIT ( $, .STERADIAN. ) SOLID_ANGLE_UNIT ( ) );
#3228 = DIRECTION ( 'NONE',  ( 1.000000000000000000, 0.000000000000000000, 0.000000000000000000 ) ) ;
#3229 = PLANE ( 'NONE',  #1664 ) ;
#3230 = ORIENTED_EDGE ( 'NONE', *, *, #2220, .F. ) ;
#3231 = LINE ( 'NONE', #2152, #2987 ) ;
#3232 = VERTEX_POINT ( 'NONE', #3667 ) ;
#3233 = LINE ( 'NONE', #3610, #3981 ) ;
#3234 = ORIENTED_EDGE ( 'NONE', *, *, #607, .F. ) ;
#3235 = EDGE_CURVE ( 'NONE', #3957, #1925, #3951, .T. ) ;
#3236 = CARTESIAN_POINT ( 'NONE',  ( 6.672604329378538424, -4.650000000000001243, 2.066098922575757779 ) ) ;
#3237 = DIRECTION ( 'NONE',  ( -0.000000000000000000, 1.000000000000000000, -0.000000000000000000 ) ) ;
#3238 = B_SPLINE_CURVE_WITH_KNOTS ( 'NONE', 3,
 ( #3952, #366, #1511, #676, #2962, #3591, #20, #4417, #317, #3638, #1762, #1112, #2514, #1785, #3259, #4720 ),
 .UNSPECIFIED., .F., .F.,
 ( 4, 3, 3, 3, 3, 4 ),
 ( 8.673617379884035472E-19, 3.348124710828077102E-05, 6.704417613998268953E-05, 0.0001008059331059754838, 0.0001348351985788463791, 0.0001575473596261677814 ),
 .UNSPECIFIED. ) ;
#3239 = DIRECTION ( 'NONE',  ( -1.000000000000000000, 0.000000000000000000, -0.000000000000000000 ) ) ;
#3240 = VERTEX_POINT ( 'NONE', #4719 ) ;
#3241 = ORIENTED_EDGE ( 'NONE', *, *, #737, .T. ) ;
#3242 = EDGE_CURVE ( 'NONE', #1442, #3504, #675, .T. ) ;
#3243 = PLANE ( 'NONE',  #689 ) ;
#3244 = CARTESIAN_POINT ( 'NONE',  ( -2.070983382684624452, -0.1929882407990352045, 2.962018524488720939 ) ) ;
#3245 = VERTEX_POINT ( 'NONE', #3637 ) ;
#3246 = EDGE_LOOP ( 'NONE', ( #3007, #1708, #191, #4365 ) ) ;
#3247 = EDGE_CURVE ( 'NONE', #555, #472, #3407, .T. ) ;
#3248 = DIRECTION ( 'NONE',  ( 0.000000000000000000, 0.000000000000000000, -1.000000000000000000 ) ) ;
#3249 = ORIENTED_EDGE ( 'NONE', *, *, #345, .F. ) ;
#3250 = DIRECTION ( 'NONE',  ( -0.000000000000000000, -1.000000000000000000, -0.000000000000000000 ) ) ;
#3251 = CARTESIAN_POINT ( 'NONE',  ( -4.015917628048669030, -0.8146176387754922033, 2.683268300572899445 ) ) ;
#3252 = CARTESIAN_POINT ( 'NONE',  ( 6.719344519258362070, 4.649999999999998579, 1.275178699794326631 ) ) ;
#3253 = ORIENTED_EDGE ( 'NONE', *, *, #3787, .T. ) ;
#3254 = FACE_OUTER_BOUND ( 'NONE', #2982, .T. ) ;
#3255 = EDGE_LOOP ( 'NONE', ( #1190, #4075, #2966, #3627, #1498, #895, #3800, #4616 ) ) ;
#3256 = ORIENTED_EDGE ( 'NONE', *, *, #796, .T. ) ;
#3257 = FACE_OUTER_BOUND ( 'NONE', #451, .T. ) ;
#3258 = CARTESIAN_POINT ( 'NONE',  ( -7.225280016424991736, -4.650000000000002132, 2.636584176193800033 ) ) ;
#3259 = CARTESIAN_POINT ( 'NONE',  ( 6.578791984923854308, -5.000000000000001776, 1.899296949476716900 ) ) ;
#3260 = CARTESIAN_POINT ( 'NONE',  ( 10.77312844853384100, 2.500000000000000000, -2.115657904132659528 ) ) ;
#3261 = DIRECTION ( 'NONE',  ( 1.000000000000000000, -0.000000000000000000, 0.000000000000000000 ) ) ;
#3262 = ORIENTED_EDGE ( 'NONE', *, *, #1683, .F. ) ;
#3263 = EDGE_CURVE ( 'NONE', #3948, #3682, #727, .T. ) ;
#3264 = VECTOR ( 'NONE', #4007, 1000.000000000000000 ) ;
#3265 = ORIENTED_EDGE ( 'NONE', *, *, #1429, .T. ) ;
#3266 = CARTESIAN_POINT ( 'NONE',  ( 4.070383398233840211, -4.749999999999531042, 5.363589981726951450 ) ) ;
#3267 = ORIENTED_EDGE ( 'NONE', *, *, #4647, .T. ) ;
#3268 = CARTESIAN_POINT ( 'NONE',  ( 0.000000000000000000, 6.450000000000000178, -8.099999999999999645 ) ) ;
#3269 = ORIENTED_EDGE ( 'NONE', *, *, #4061, .F. ) ;
#3270 = EDGE_CURVE ( 'NONE', #1165, #4657, #544, .T. ) ;
#3271 = VECTOR ( 'NONE', #958, 1000.000000000000000 ) ;
#3272 = CARTESIAN_POINT ( 'NONE',  ( 0.000000000000000000, 6.450000000000000178, -12.59999999999999964 ) ) ;
#3273 = FACE_OUTER_BOUND ( 'NONE', #3416, .T. ) ;
#3274 = FACE_OUTER_BOUND ( 'NONE', #4443, .T. ) ;
#3275 = LINE ( 'NONE', #4285, #1450 ) ;
#3276 = VECTOR ( 'NONE', #2870, 1000.000000000000114 ) ;
#3277 = CARTESIAN_POINT ( 'NONE',  ( -9.000000000000000000, -5.000000000000000000, -11.59999999999999964 ) ) ;
#3278 = EDGE_CURVE ( 'NONE', #1574, #4315, #4393, .T. ) ;
#3279 = AXIS2_PLACEMENT_3D ( 'NONE', #414, #3686, #1478 ) ;
#3280 = DIRECTION ( 'NONE',  ( -0.000000000000000000, 1.000000000000000000, 0.000000000000000000 ) ) ;
#3281 = ORIENTED_EDGE ( 'NONE', *, *, #3589, .T. ) ;
#3282 = VERTEX_POINT ( 'NONE', #2942 ) ;
#3283 = DIRECTION ( 'NONE',  ( 0.000000000000000000, -0.000000000000000000, 1.000000000000000000 ) ) ;
#3284 = DIRECTION ( 'NONE',  ( 2.312964634635742957E-16, -1.000000000000000000, 0.000000000000000000 ) ) ;
#3285 = AXIS2_PLACEMENT_3D ( 'NONE', #2231, #3329, #438 ) ;
#3286 = DIRECTION ( 'NONE',  ( 0.000000000000000000, 0.000000000000000000, 1.000000000000000000 ) ) ;
#3287 = CIRCLE ( 'NONE', #927, 0.09999999999999958922 ) ;
#3288 = AXIS2_PLACEMENT_3D ( 'NONE', #4305, #3600, #3248 ) ;
#3289 = LINE ( 'NONE', #3214, #4194 ) ;
#3290 = DIRECTION ( 'NONE',  ( 0.000000000000000000, 0.000000000000000000, 1.000000000000000000 ) ) ;
#3291 = ORIENTED_EDGE ( 'NONE', *, *, #1910, .F. ) ;
#3292 = VECTOR ( 'NONE', #2663, 1000.000000000000114 ) ;
#3293 = LINE ( 'NONE', #2163, #4207 ) ;
#3294 = ORIENTED_EDGE ( 'NONE', *, *, #2498, .T. ) ;
#3295 = PLANE ( 'NONE',  #473 ) ;
#3296 = CARTESIAN_POINT ( 'NONE',  ( -3.806161306147381573, 0.9307537515840099696, 2.702372002322968036 ) ) ;
#3297 = VERTEX_POINT ( 'NONE', #728 ) ;
#3298 = CARTESIAN_POINT ( 'NONE',  ( -7.231096411691571468, 4.899999999999999467, 1.269279395977619185 ) ) ;
#3299 = ORIENTED_EDGE ( 'NONE', *, *, #1086, .F. ) ;
#3300 = EDGE_CURVE ( 'NONE', #1229, #1411, #2562, .T. ) ;
#3301 = VECTOR ( 'NONE', #1318, 1000.000000000000000 ) ;
#3302 = ORIENTED_EDGE ( 'NONE', *, *, #1818, .T. ) ;
#3303 = CARTESIAN_POINT ( 'NONE',  ( -10.49999999999999822, -7.500000000000000888, 0.000000000000000000 ) ) ;
#3304 = DIRECTION ( 'NONE',  ( 0.000000000000000000, 0.000000000000000000, 1.000000000000000000 ) ) ;
#3305 = CIRCLE ( 'NONE', #2697, 0.1000000000000002554 ) ;
#3306 = FILL_AREA_STYLE_COLOUR ( '', #3205 ) ;
#3307 = ORIENTED_EDGE ( 'NONE', *, *, #1510, .F. ) ;
#3308 = ORIENTED_EDGE ( 'NONE', *, *, #1649, .T. ) ;
#3309 = FACE_OUTER_BOUND ( 'NONE', #1233, .T. ) ;
#3310 = EDGE_CURVE ( 'NONE', #380, #663, #3331, .T. ) ;
#3311 = ORIENTED_EDGE ( 'NONE', *, *, #3689, .T. ) ;
#3312 = DIRECTION ( 'NONE',  ( 0.000000000000000000, 0.000000000000000000, 1.000000000000000000 ) ) ;
#3313 = DIRECTION ( 'NONE',  ( 0.000000000000000000, -0.7125414071912269387, -0.7016300613841642830 ) ) ;
#3314 = ORIENTED_EDGE ( 'NONE', *, *, #490, .T. ) ;
#3315 = VERTEX_POINT ( 'NONE', #1159 ) ;
#3316 = CARTESIAN_POINT ( 'NONE',  ( 0.1958755211790609296, -4.649999999999529621, 3.526818483141691551 ) ) ;
#3317 = ORIENTED_EDGE ( 'NONE', *, *, #3773, .T. ) ;
#3318 = DIRECTION ( 'NONE',  ( -0.000000000000000000, 0.000000000000000000, 1.000000000000000000 ) ) ;
#3319 = VERTEX_POINT ( 'NONE', #2985 ) ;
#3320 = SURFACE_SIDE_STYLE ('',( #4381 ) ) ;
#3321 = ORIENTED_EDGE ( 'NONE', *, *, #697, .F. ) ;
#3322 = DIRECTION ( 'NONE',  ( 0.000000000000000000, 0.000000000000000000, 1.000000000000000000 ) ) ;
#3323 = DIRECTION ( 'NONE',  ( 0.000000000000000000, 0.000000000000000000, 1.000000000000000000 ) ) ;
#3324 = CARTESIAN_POINT ( 'NONE',  ( 9.107277510893236894, -2.500000000000000000, -8.003648936597624441 ) ) ;
#3325 = CARTESIAN_POINT ( 'NONE',  ( 9.000000000000000000, 6.450000000000000178, -10.09999999999999964 ) ) ;
#3326 = ADVANCED_FACE ( 'NONE', ( #3734 ), #3354, .F. ) ;
#3327 = LINE ( 'NONE', #3421, #4199 ) ;
#3328 = ORIENTED_EDGE ( 'NONE', *, *, #4028, .T. ) ;
#3329 = DIRECTION ( 'NONE',  ( 8.260587980841940012E-17, -1.000000000000000000, 0.000000000000000000 ) ) ;
#3330 = EDGE_CURVE ( 'NONE', #4687, #13, #2920, .T. ) ;
#3331 = LINE ( 'NONE', #877, #4523 ) ;
#3332 = DIRECTION ( 'NONE',  ( 0.000000000000000000, 1.000000000000000000, 0.000000000000000000 ) ) ;
#3333 = CARTESIAN_POINT ( 'NONE',  ( -4.625000000000000000, -6.825078385935131386, -1.958467813539574776 ) ) ;
#3334 = CARTESIAN_POINT ( 'NONE',  ( 5.375000000000000000, -6.825078385935131386, -1.958467813539574776 ) ) ;
#3335 = EDGE_LOOP ( 'NONE', ( #1303, #2018, #721, #1769, #4496 ) ) ;
#3336 = EDGE_CURVE ( 'NONE', #644, #4041, #465, .T. ) ;
#3337 = DIRECTION ( 'NONE',  ( 0.000000000000000000, 2.135878279796443735E-14, -1.000000000000000000 ) ) ;
#3338 = LINE ( 'NONE', #1449, #95 ) ;
#3339 = CARTESIAN_POINT ( 'NONE',  ( -4.458364672376877280, 0.2401086846593818991, 2.647890620379270921 ) ) ;
#3340 = DIRECTION ( 'NONE',  ( 0.000000000000000000, 0.000000000000000000, -1.000000000000000000 ) ) ;
#3341 =( GEOMETRIC_REPRESENTATION_CONTEXT ( 3 ) GLOBAL_UNCERTAINTY_ASSIGNED_CONTEXT ( ( #4456 ) ) GLOBAL_UNIT_ASSIGNED_CONTEXT ( ( #232, #398, #1560 ) ) REPRESENTATION_CONTEXT ( 'NONE', 'WORKASPACE' ) );
#3342 = ORIENTED_EDGE ( 'NONE', *, *, #4617, .T. ) ;
#3343 = MECHANICAL_DESIGN_GEOMETRIC_PRESENTATION_REPRESENTATION (  '', ( #2739 ), #4718 ) ;
#3344 = FACE_OUTER_BOUND ( 'NONE', #748, .T. ) ;
#3345 = CARTESIAN_POINT ( 'NONE',  ( 8.723858088961764068, 2.500000000000000000, 2.991975335966791771 ) ) ;
#3346 = FACE_OUTER_BOUND ( 'NONE', #1854, .T. ) ;
#3347 = VECTOR ( 'NONE', #1099, 1000.000000000000000 ) ;
#3348 = ORIENTED_EDGE ( 'NONE', *, *, #2118, .F. ) ;
#3349 = VECTOR ( 'NONE', #1469, 1000.000000000000000 ) ;
#3350 = EDGE_CURVE ( 'NONE', #1793, #3620, #3383, .T. ) ;
#3351 = FACE_OUTER_BOUND ( 'NONE', #4363, .T. ) ;
#3352 = CARTESIAN_POINT ( 'NONE',  ( -7.231096411691571468, -5.000000000000000000, 1.899999999999999911 ) ) ;
#3353 = ORIENTED_EDGE ( 'NONE', *, *, #3965, .T. ) ;
#3354 = SPHERICAL_SURFACE ( 'NONE', #233, 0.1000000000000000056 ) ;
#3355 = ADVANCED_FACE ( 'NONE', ( #154 ), #4169, .T. ) ;
#3356 = CARTESIAN_POINT ( 'NONE',  ( -1.026141911038240373, 2.500000000000000000, -2.991975335966797989 ) ) ;
#3357 = VERTEX_POINT ( 'NONE', #4078 ) ;
#3358 = DIRECTION ( 'NONE',  ( 0.000000000000000000, -3.469446951953605354E-14, -1.000000000000000000 ) ) ;
#3359 = CARTESIAN_POINT ( 'NONE',  ( -6.599999999999999645, -1.599999999999999867, -14.40000000000000213 ) ) ;
#3360 = ORIENTED_EDGE ( 'NONE', *, *, #1519, .F. ) ;
#3361 = B_SPLINE_SURFACE_WITH_KNOTS ( 'NONE', 2, 1, ( 
 ( #3044, #4252 ),
 ( #190, #2002 ),
 ( #3831, #1247 ) ),
 .UNSPECIFIED., .F., .F., .F.,
 ( 3, 3 ),
 ( 2, 2 ),
 ( 0.1661006251167104486, 0.3978971573337680145 ),
 ( 0.000000000000000000, 1.000000000000000000 ),
 .UNSPECIFIED. ) ;
#3362 = CIRCLE ( 'NONE', #2759, 0.1000000000000002554 ) ;
#3363 = CARTESIAN_POINT ( 'NONE',  ( -9.000000000000000000, 5.000000000000000000, -12.59999999999999964 ) ) ;
#3364 = EDGE_CURVE ( 'NONE', #3031, #1109, #2302, .T. ) ;
#3365 = CARTESIAN_POINT ( 'NONE',  ( 0.000000000000000000, 6.450000000000000178, -10.09999999999999964 ) ) ;
#3366 = LINE ( 'NONE', #137, #2039 ) ;
#3367 = FILL_AREA_STYLE ('',( #4472 ) ) ;
#3368 = VECTOR ( 'NONE', #2356, 1000.000000000000000 ) ;
#3369 = EDGE_LOOP ( 'NONE', ( #2484, #1861, #14, #2550 ) ) ;
#3370 = AXIS2_PLACEMENT_3D ( 'NONE', #86, #4413, #4149 ) ;
#3371 = CARTESIAN_POINT ( 'NONE',  ( 0.000000000000000000, 6.450000000000000178, 0.000000000000000000 ) ) ;
#3372 = CARTESIAN_POINT ( 'NONE',  ( -6.599999999999999645, -0.5999999999999999778, -14.39999999999999325 ) ) ;
#3373 = CARTESIAN_POINT ( 'NONE',  ( -7.331096411691572001, -4.899999999999999467, 1.269279395977619185 ) ) ;
#3374 = FACE_OUTER_BOUND ( 'NONE', #763, .T. ) ;
#3375 = DIRECTION ( 'NONE',  ( -1.000000000000000000, 0.000000000000000000, 0.000000000000000000 ) ) ;
#3376 = AXIS2_PLACEMENT_3D ( 'NONE', #3962, #2457, #687 ) ;
#3377 = DIRECTION ( 'NONE',  ( 0.000000000000000000, 0.000000000000000000, 1.000000000000000000 ) ) ;
#3378 = ORIENTED_EDGE ( 'NONE', *, *, #1491, .T. ) ;
#3379 = CARTESIAN_POINT ( 'NONE',  ( -1.881153116407380033, 4.750000000002345679, 2.967932118728734636 ) ) ;
#3380 = PLANE ( 'NONE',  #2377 ) ;
#3381 = ORIENTED_EDGE ( 'NONE', *, *, #4241, .T. ) ;
#3382 = MECHANICAL_DESIGN_GEOMETRIC_PRESENTATION_REPRESENTATION (  '', ( #1015 ), #863 ) ;
#3383 = LINE ( 'NONE', #4511, #617 ) ;
#3384 = DIRECTION ( 'NONE',  ( 0.000000000000000000, 0.000000000000000000, -1.000000000000000000 ) ) ;
#3385 = CARTESIAN_POINT ( 'NONE',  ( 0.4000000000000000222, 0.000000000000000000, -15.40000000000000036 ) ) ;
#3386 = ORIENTED_EDGE ( 'NONE', *, *, #4173, .T. ) ;
#3387 = EDGE_CURVE ( 'NONE', #3069, #3206, #2486, .T. ) ;
#3388 = CARTESIAN_POINT ( 'NONE',  ( 0.000000000000000000, 4.750000000000000000, 6.000000000000000000 ) ) ;
#3389 = CYLINDRICAL_SURFACE ( 'NONE', #3590, 0.1000000000000000472 ) ;
#3390 = CARTESIAN_POINT ( 'NONE',  ( 4.625000000000000000, -6.825078385935131386, -1.958467813539574776 ) ) ;
#3391 = DIRECTION ( 'NONE',  ( 1.000000000000000000, 0.000000000000000000, 0.000000000000000000 ) ) ;
#3392 = ORIENTED_EDGE ( 'NONE', *, *, #3501, .F. ) ;
#3393 = ADVANCED_FACE ( 'NONE', ( #3513 ), #3194, .F. ) ;
#3394 = DIRECTION ( 'NONE',  ( -1.000000000000000000, -0.000000000000000000, -0.000000000000000000 ) ) ;
#3395 = VERTEX_POINT ( 'NONE', #1379 ) ;
#3396 = FILL_AREA_STYLE_COLOUR ( '', #1360 ) ;
#3397 = CARTESIAN_POINT ( 'NONE',  ( -7.400000000000000355, -1.399999999999999689, -14.59999999999999964 ) ) ;
#3398 = DIRECTION ( 'NONE',  ( 0.000000000000000000, -0.000000000000000000, -1.000000000000000000 ) ) ;
#3399 = EDGE_CURVE ( 'NONE', #2230, #1566, #684, .T. ) ;
#3400 = ORIENTED_EDGE ( 'NONE', *, *, #4218, .F. ) ;
#3401 = CARTESIAN_POINT ( 'NONE',  ( 1.201248627498895605, 4.750000000000000000, 3.896808263958340568 ) ) ;
#3402 = B_SPLINE_CURVE_WITH_KNOTS ( 'NONE', 3,
 ( #3202, #1029, #3970, #1359, #694, #2835 ),
 .UNSPECIFIED., .F., .F.,
 ( 4, 2, 4 ),
 ( 0.000000000000000000, 0.0001578856537788017090, 0.0003157713075576034181 ),
 .UNSPECIFIED. ) ;
#3403 = CARTESIAN_POINT ( 'NONE',  ( 10.77312844853384100, 2.500000000000000000, -2.115657904132659528 ) ) ;
#3404 = ORIENTED_EDGE ( 'NONE', *, *, #1826, .F. ) ;
#3405 =( NAMED_UNIT ( * ) SI_UNIT ( $, .STERADIAN. ) SOLID_ANGLE_UNIT ( ) );
#3406 = CARTESIAN_POINT ( 'NONE',  ( -7.331096411691572001, 4.750000000000000000, 2.536753471768243173 ) ) ;
#3407 = B_SPLINE_CURVE_WITH_KNOTS ( 'NONE', 3,
 ( #1467, #4005, #2590, #1808, #3236, #3982 ),
 .UNSPECIFIED., .F., .F.,
 ( 4, 2, 4 ),
 ( 8.673617379884035472E-19, 0.002372250032319794637, 0.004744500064639588406 ),
 .UNSPECIFIED. ) ;
#3408 = DIRECTION ( 'NONE',  ( 0.000000000000000000, 0.000000000000000000, 1.000000000000000000 ) ) ;
#3409 = EDGE_CURVE ( 'NONE', #527, #2629, #1005, .T. ) ;
#3410 = DIRECTION ( 'NONE',  ( -0.000000000000000000, -1.000000000000000000, -0.000000000000000000 ) ) ;
#3411 = DIRECTION ( 'NONE',  ( 0.000000000000000000, 1.000000000000000000, 5.781203146549822732E-16 ) ) ;
#3412 = ORIENTED_EDGE ( 'NONE', *, *, #1698, .T. ) ;
#3413 = CARTESIAN_POINT ( 'NONE',  ( -9.000000000000000000, 6.450000000000000178, -8.099999999999999645 ) ) ;
#3414 = CARTESIAN_POINT ( 'NONE',  ( -9.000000000000000000, 6.450000000000000178, 0.000000000000000000 ) ) ;
#3415 = AXIS2_PLACEMENT_3D ( 'NONE', #1265, #497, #4180 ) ;
#3416 = EDGE_LOOP ( 'NONE', ( #2586, #395, #148, #1676, #272, #729, #2452, #1967, #1748, #3623, #4060, #3200, #922, #2347, #717, #1431, #4240, #2353, #1490, #4689, #2872, #4364, #2854, #654 ) ) ;
#3417 = ADVANCED_FACE ( 'NONE', ( #4701 ), #324, .F. ) ;
#3418 = CARTESIAN_POINT ( 'NONE',  ( -10.28249979814616566, -2.500000000000000000, -2.019306840730284325 ) ) ;
#3419 = DIRECTION ( 'NONE',  ( 1.000000000000000000, 4.130293990420970006E-17, 0.000000000000000000 ) ) ;
#3420 = AXIS2_PLACEMENT_3D ( 'NONE', #1621, #2735, #3092 ) ;
#3421 = CARTESIAN_POINT ( 'NONE',  ( 0.4000000000000000222, -0.5999999999999999778, 0.000000000000000000 ) ) ;
#3422 = ORIENTED_EDGE ( 'NONE', *, *, #3211, .F. ) ;
#3423 = ORIENTED_EDGE ( 'NONE', *, *, #4147, .F. ) ;
#3424 = EDGE_CURVE ( 'NONE', #472, #1468, #3915, .T. ) ;
#3425 = CARTESIAN_POINT ( 'NONE',  ( -5.073525110413370065, 4.750000000000000000, 2.485622861190920574 ) ) ;
#3426 = EDGE_CURVE ( 'NONE', #1961, #3540, #4347, .T. ) ;
#3427 = DIRECTION ( 'NONE',  ( 0.000000000000000000, 1.000000000000000000, -0.000000000000000000 ) ) ;
#3428 = VECTOR ( 'NONE', #2651, 1000.000000000000000 ) ;
#3429 = VECTOR ( 'NONE', #4071, 1000.000000000000000 ) ;
#3430 = VERTEX_POINT ( 'NONE', #595 ) ;
#3431 = DIRECTION ( 'NONE',  ( 0.9982583941283250661, 0.000000000000000000, 0.05899303816839290837 ) ) ;
#3432 = CARTESIAN_POINT ( 'NONE',  ( 0.4000000000000000222, -11.15000000000000036, 0.000000000000000000 ) ) ;
#3433 = AXIS2_PLACEMENT_3D ( 'NONE', #1838, #3953, #1786 ) ;
#3434 = CARTESIAN_POINT ( 'NONE',  ( -9.000000000000000000, 6.450000000000000178, -10.09999999999999964 ) ) ;
#3435 = VECTOR ( 'NONE', #1273, 1000.000000000000000 ) ;
#3436 = DIRECTION ( 'NONE',  ( -1.000000000000000000, -0.000000000000000000, -0.000000000000000000 ) ) ;
#3437 = CARTESIAN_POINT ( 'NONE',  ( 2.841557181416618505, 2.000000000000000444, 4.691193810440314138 ) ) ;
#3438 = ORIENTED_EDGE ( 'NONE', *, *, #4622, .T. ) ;
#3439 = AXIS2_PLACEMENT_3D ( 'NONE', #2763, #3855, #241 ) ;
#3440 = VECTOR ( 'NONE', #210, 1000.000000000000000 ) ;
#3441 = EDGE_CURVE ( 'NONE', #3240, #4208, #4377, .T. ) ;
#3442 = FACE_OUTER_BOUND ( 'NONE', #358, .T. ) ;
#3443 = CARTESIAN_POINT ( 'NONE',  ( 0.000000000000000000, 6.450000000000000178, -10.09999999999999964 ) ) ;
#3444 = UNCERTAINTY_MEASURE_WITH_UNIT (LENGTH_MEASURE( 1.000000000000000082E-05 ), #2502, 'distance_accuracy_value', 'NONE');
#3445 = PRESENTATION_LAYER_ASSIGNMENT (  '', '', ( #849 ) ) ;
#3446 = CARTESIAN_POINT ( 'NONE',  ( -7.225280016424991736, 4.649999999999999467, 2.636584176193800033 ) ) ;
#3447 = LINE ( 'NONE', #3088, #3301 ) ;
#3448 = DIRECTION ( 'NONE',  ( 1.000000000000000000, -0.000000000000000000, 0.000000000000000000 ) ) ;
#3449 = VECTOR ( 'NONE', #2874, 1000.000000000000000 ) ;
#3450 = ADVANCED_FACE ( 'NONE', ( #764 ), #3648, .T. ) ;
#3451 = DIRECTION ( 'NONE',  ( 0.000000000000000000, 0.000000000000000000, 1.000000000000000000 ) ) ;
#3452 = VERTEX_POINT ( 'NONE', #1495 ) ;
#3453 = DIRECTION ( 'NONE',  ( -0.000000000000000000, -0.000000000000000000, -1.000000000000000000 ) ) ;
#3454 = CARTESIAN_POINT ( 'NONE',  ( 6.706772482328200446, 5.000000000001744382, 1.487918063758011389 ) ) ;
#3455 = EDGE_CURVE ( 'NONE', #2717, #1400, #2190, .T. ) ;
#3456 = CARTESIAN_POINT ( 'NONE',  ( -1.026141911038240373, -2.500000000000000000, -2.991975335966797989 ) ) ;
#3457 = DIRECTION ( 'NONE',  ( 0.000000000000000000, 0.000000000000000000, -1.000000000000000000 ) ) ;
#3458 = VERTEX_POINT ( 'NONE', #406 ) ;
#3459 = CARTESIAN_POINT ( 'NONE',  ( 6.322156680516023641, -4.749999999991813660, 4.423594249649323906 ) ) ;
#3460 = EDGE_CURVE ( 'NONE', #2305, #3802, #3338, .T. ) ;
#3461 = AXIS2_PLACEMENT_3D ( 'NONE', #4296, #756, #1116 ) ;
#3462 = CARTESIAN_POINT ( 'NONE',  ( -7.231096411691571468, 4.750000000000000000, 2.536753471768243173 ) ) ;
#3463 = DIRECTION ( 'NONE',  ( -2.256949153578780356E-28, -8.673617379884013384E-15, 1.000000000000000000 ) ) ;
#3464 = DIRECTION ( 'NONE',  ( 0.000000000000000000, 0.000000000000000000, 1.000000000000000000 ) ) ;
#3465 = ORIENTED_EDGE ( 'NONE', *, *, #247, .T. ) ;
#3466 = B_SPLINE_CURVE_WITH_KNOTS ( 'NONE', 3,
 ( #3258, #246, #2063, #17, #952, #702, #1782, #586, #1464, #1761 ),
 .UNSPECIFIED., .F., .F.,
 ( 4, 2, 2, 2, 4 ),
 ( 0.000000000000000000, 0.003217163301182314212, 0.006434326602364628424, 0.009651489903546943069, 0.01286865320472925685 ),
 .UNSPECIFIED. ) ;
#3467 = SURFACE_STYLE_FILL_AREA ( #1995 ) ;
#3468 = VERTEX_POINT ( 'NONE', #4014 ) ;
#3469 = VERTEX_POINT ( 'NONE', #1817 ) ;
#3470 = DIRECTION ( 'NONE',  ( -0.000000000000000000, 0.000000000000000000, 1.000000000000000000 ) ) ;
#3471 = CARTESIAN_POINT ( 'NONE',  ( -8.723858088961764068, 2.500000000000000000, 2.991975335966791771 ) ) ;
#3472 = ORIENTED_EDGE ( 'NONE', *, *, #1200, .F. ) ;
#3473 = FACE_OUTER_BOUND ( 'NONE', #4406, .T. ) ;
#3474 = CARTESIAN_POINT ( 'NONE',  ( 6.672498257678842748, 4.900000000000000355, 1.890727846355832575 ) ) ;
#3475 = EDGE_CURVE ( 'NONE', #3107, #102, #2165, .T. ) ;
#3476 = DIRECTION ( 'NONE',  ( 1.000000000000000000, 0.000000000000000000, 0.000000000000000000 ) ) ;
#3477 = CARTESIAN_POINT ( 'NONE',  ( -5.076892525760611896, -4.649999999999998579, 2.585724366447076594 ) ) ;
#3478 = ORIENTED_EDGE ( 'NONE', *, *, #906, .F. ) ;
#3479 = CARTESIAN_POINT ( 'NONE',  ( 6.626094379395545353, -4.749999999999316103, 2.853123104493761275 ) ) ;
#3480 = EDGE_CURVE ( 'NONE', #1378, #41, #3015, .T. ) ;
#3481 = DIRECTION ( 'NONE',  ( -1.000000000000000000, 0.000000000000000000, 0.000000000000000000 ) ) ;
#3482 = EDGE_CURVE ( 'NONE', #3662, #3027, #4550, .T. ) ;
#3483 = DIRECTION ( 'NONE',  ( 0.000000000000000000, 0.000000000000000000, -1.000000000000000000 ) ) ;
#3484 = EDGE_CURVE ( 'NONE', #102, #957, #4425, .T. ) ;
#3485 = CARTESIAN_POINT ( 'NONE',  ( -6.599999999999999645, -0.5999999999999999778, -14.39999999999999325 ) ) ;
#3486 = ORIENTED_EDGE ( 'NONE', *, *, #4317, .F. ) ;
#3487 = UNCERTAINTY_MEASURE_WITH_UNIT (LENGTH_MEASURE( 1.000000000000000082E-05 ), #4320, 'distance_accuracy_value', 'NONE');
#3488 = ORIENTED_EDGE ( 'NONE', *, *, #390, .T. ) ;
#3489 = DIRECTION ( 'NONE',  ( 1.000000000000000000, 0.000000000000000000, 0.000000000000000000 ) ) ;
#3490 = CARTESIAN_POINT ( 'NONE',  ( -5.048305437245076632, -0.002411342093669270603, 2.615465292484000503 ) ) ;
#3491 = DIRECTION ( 'NONE',  ( 0.000000000000000000, 0.000000000000000000, 1.000000000000000000 ) ) ;
#3492 = ORIENTED_EDGE ( 'NONE', *, *, #1294, .F. ) ;
#3493 = CARTESIAN_POINT ( 'NONE',  ( 6.672498257678864952, -4.900000000000000355, 1.890727846355594544 ) ) ;
#3494 = CARTESIAN_POINT ( 'NONE',  ( 6.672498257678842748, -4.899999999999998579, 1.890727846355832575 ) ) ;
#3495 = VECTOR ( 'NONE', #4140, 1000.000000000000000 ) ;
#3496 = EDGE_LOOP ( 'NONE', ( #3935, #614, #2213, #668 ) ) ;
#3497 = LINE ( 'NONE', #3182, #537 ) ;
#3498 = AXIS2_PLACEMENT_3D ( 'NONE', #4307, #1028, #4284 ) ;
#3499 = DIRECTION ( 'NONE',  ( 0.000000000000000000, 0.000000000000000000, 1.000000000000000000 ) ) ;
#3500 = PRESENTATION_LAYER_ASSIGNMENT (  '', '', ( #2584 ) ) ;
#3501 = EDGE_CURVE ( 'NONE', #3938, #373, #1790, .T. ) ;
#3502 = CARTESIAN_POINT ( 'NONE',  ( -9.277042635169156171, 2.500000000000000000, -0.1622076787709588741 ) ) ;
#3503 = AXIS2_PLACEMENT_3D ( 'NONE', #2397, #423, #117 ) ;
#3504 = VERTEX_POINT ( 'NONE', #52 ) ;
#3505 = PLANE ( 'NONE',  #1443 ) ;
#3506 = CARTESIAN_POINT ( 'NONE',  ( 6.571192588896066056, 5.100000000000001421, 2.000000000000000000 ) ) ;
#3507 = DIRECTION ( 'NONE',  ( -1.000000000000000000, -0.000000000000000000, -0.000000000000000000 ) ) ;
#3508 = EDGE_LOOP ( 'NONE', ( #1726, #2863, #1027, #509 ) ) ;
#3509 = VECTOR ( 'NONE', #1025, 1000.000000000000000 ) ;
#3510 = EDGE_CURVE ( 'NONE', #1843, #3199, #1473, .T. ) ;
#3511 =( NAMED_UNIT ( * ) PLANE_ANGLE_UNIT ( ) SI_UNIT ( $, .RADIAN. ) );
#3512 = VERTEX_POINT ( 'NONE', #1122 ) ;
#3513 = FACE_OUTER_BOUND ( 'NONE', #4420, .T. ) ;
#3514 = LINE ( 'NONE', #2388, #214 ) ;
#3515 = VECTOR ( 'NONE', #3862, 1000.000000000000000 ) ;
#3516 = CARTESIAN_POINT ( 'NONE',  ( -7.231096411691571468, 4.649999999999999467, 2.536753471768243173 ) ) ;
#3517 = AXIS2_PLACEMENT_3D ( 'NONE', #3471, #1619, #893 ) ;
#3518 = COLOUR_RGB ( '',0.8431372549019607865, 0.8431372549019607865, 0.8431372549019607865 ) ;
#3519 = VECTOR ( 'NONE', #864, 1000.000000000000000 ) ;
#3520 = LINE ( 'NONE', #2761, #3440 ) ;
#3521 = ORIENTED_EDGE ( 'NONE', *, *, #2690, .F. ) ;
#3522 = DIRECTION ( 'NONE',  ( 0.000000000000000000, 0.000000000000000000, -1.000000000000000000 ) ) ;
#3523 = CARTESIAN_POINT ( 'NONE',  ( 0.4000000000000000222, 0.5999999999999999778, -14.59999999999998543 ) ) ;
#3524 = VECTOR ( 'NONE', #3696, 1000.000000000000000 ) ;
#3525 = CARTESIAN_POINT ( 'NONE',  ( 6.571192588896067832, -5.100000000000000533, 2.000000000000000000 ) ) ;
#3526 = AXIS2_PLACEMENT_3D ( 'NONE', #98, #2547, #2949 ) ;
#3527 = CARTESIAN_POINT ( 'NONE',  ( -7.231096411691571468, 4.750000000000000000, 2.536753471768243173 ) ) ;
#3528 =( NAMED_UNIT ( * ) PLANE_ANGLE_UNIT ( ) SI_UNIT ( $, .RADIAN. ) );
#3529 = CARTESIAN_POINT ( 'NONE',  ( -9.000000000000000000, -6.450000000000000178, -0.000000000000000000 ) ) ;
#3530 = CARTESIAN_POINT ( 'NONE',  ( 5.375000000000000000, 6.825078385935131386, -1.958467813539574776 ) ) ;
#3531 = ORIENTED_EDGE ( 'NONE', *, *, #1049, .F. ) ;
#3532 = ADVANCED_FACE ( 'NONE', ( #2264 ), #3295, .F. ) ;
#3533 = LINE ( 'NONE', #1092, #511 ) ;
#3534 = UNCERTAINTY_MEASURE_WITH_UNIT (LENGTH_MEASURE( 1.000000000000000082E-05 ), #1655, 'distance_accuracy_value', 'NONE');
#3535 = VERTEX_POINT ( 'NONE', #714 ) ;
#3536 = DIRECTION ( 'NONE',  ( 0.000000000000000000, 0.000000000000000000, -1.000000000000000000 ) ) ;
#3537 = DIRECTION ( 'NONE',  ( 1.000000000000000000, -0.000000000000000000, 0.000000000000000000 ) ) ;
#3538 = ADVANCED_FACE ( 'NONE', ( #1098 ), #4065, .T. ) ;
#3539 = CARTESIAN_POINT ( 'NONE',  ( 6.607015722409374625, -5.000000000000000000, 1.480849822257801929 ) ) ;
#3540 = VERTEX_POINT ( 'NONE', #427 ) ;
#3541 = CARTESIAN_POINT ( 'NONE',  ( -2.630984967868587265, 0.000000000000000000, 2.860830414703638080 ) ) ;
#3542 = CARTESIAN_POINT ( 'NONE',  ( 6.581318138334562917, 5.000000000000000000, 1.792457893383434753 ) ) ;
#3543 = ADVANCED_FACE ( 'NONE', ( #1166 ), #2624, .T. ) ;
#3544 = ADVANCED_FACE ( 'NONE', ( #4082 ), #2573, .T. ) ;
#3545 = CARTESIAN_POINT ( 'NONE',  ( 6.719344519258354076, -4.650000000000001243, 1.275178699794458304 ) ) ;
#3546 = DIRECTION ( 'NONE',  ( 0.000000000000000000, 0.000000000000000000, -1.000000000000000000 ) ) ;
#3547 = CARTESIAN_POINT ( 'NONE',  ( 0.000000000000000000, -4.649999999999998579, 6.000000000000000000 ) ) ;
#3548 = VERTEX_POINT ( 'NONE', #1279 ) ;
#3549 = EDGE_CURVE ( 'NONE', #2698, #1249, #476, .T. ) ;
#3550 = ORIENTED_EDGE ( 'NONE', *, *, #1333, .T. ) ;
#3551 = SURFACE_STYLE_FILL_AREA ( #2091 ) ;
#3552 = PLANE ( 'NONE',  #3128 ) ;
#3553 = ADVANCED_FACE ( 'NONE', ( #1609 ), #3389, .T. ) ;
#3554 = LINE ( 'NONE', #2879, #3137 ) ;
#3555 = ORIENTED_EDGE ( 'NONE', *, *, #2027, .F. ) ;
#3556 = VERTEX_POINT ( 'NONE', #2333 ) ;
#3557 = CARTESIAN_POINT ( 'NONE',  ( -4.625000000000000000, 6.450000000000000178, -2.327802519272560655 ) ) ;
#3558 = DIRECTION ( 'NONE',  ( 1.000000000000000000, -0.000000000000000000, 0.000000000000000000 ) ) ;
#3559 = FACE_OUTER_BOUND ( 'NONE', #73, .T. ) ;
#3560 = ORIENTED_EDGE ( 'NONE', *, *, #1393, .T. ) ;
#3561 = ADVANCED_FACE ( 'NONE', ( #3789 ), #3841, .T. ) ;
#3562 = DIRECTION ( 'NONE',  ( 0.05816395266580381973, -2.602085213965209379E-14, 0.9983070442555687096 ) ) ;
#3563 = CARTESIAN_POINT ( 'NONE',  ( 6.619518679845523224, 4.750000000000000000, 1.269279395977620295 ) ) ;
#3564 = AXIS2_PLACEMENT_3D ( 'NONE', #3692, #3332, #731 ) ;
#3565 = VECTOR ( 'NONE', #240, 1000.000000000000000 ) ;
#3566 = LINE ( 'NONE', #341, #2049 ) ;
#3567 = CARTESIAN_POINT ( 'NONE',  ( 9.107277510893236894, 2.500000000000000000, -8.003648936597624441 ) ) ;
#3568 = CIRCLE ( 'NONE', #3805, 0.1000000000000002554 ) ;
#3569 = ORIENTED_EDGE ( 'NONE', *, *, #1054, .F. ) ;
#3570 = AXIS2_PLACEMENT_3D ( 'NONE', #2106, #1063, #3592 ) ;
#3571 = VERTEX_POINT ( 'NONE', #1563 ) ;
#3572 = CARTESIAN_POINT ( 'NONE',  ( -2.071916950823014414, 0.000000000000000000, 2.961835166654152030 ) ) ;
#3573 = CARTESIAN_POINT ( 'NONE',  ( 6.225547985087120040, -4.750000000000000000, 4.397415542136476674 ) ) ;
#3574 = DIRECTION ( 'NONE',  ( 0.000000000000000000, -0.000000000000000000, -1.000000000000000000 ) ) ;
#3575 = DIRECTION ( 'NONE',  ( -0.000000000000000000, 0.000000000000000000, 1.000000000000000000 ) ) ;
#3576 = AXIS2_PLACEMENT_3D ( 'NONE', #1531, #3005, #4459 ) ;
#3577 = CARTESIAN_POINT ( 'NONE',  ( -5.375000000000000000, 6.450000000000000178, 0.000000000000000000 ) ) ;
#3578 = ORIENTED_EDGE ( 'NONE', *, *, #4542, .T. ) ;
#3579 = AXIS2_PLACEMENT_3D ( 'NONE', #40, #1032, #3562 ) ;
#3580 = CARTESIAN_POINT ( 'NONE',  ( -7.231096411691571468, -4.899999999999999467, 1.899999999999999911 ) ) ;
#3581 = FACE_OUTER_BOUND ( 'NONE', #3931, .T. ) ;
#3582 = ADVANCED_FACE ( 'NONE', ( #180 ), #903, .T. ) ;
#3583 = AXIS2_PLACEMENT_3D ( 'NONE', #2736, #2716, #919 ) ;
#3584 = CIRCLE ( 'NONE', #3973, 0.09999999999999970024 ) ;
#3585 = SURFACE_STYLE_USAGE ( .BOTH. , #2908 ) ;
#3586 = CARTESIAN_POINT ( 'NONE',  ( 6.619518679845523224, -4.899999999999999467, 1.269279395977619185 ) ) ;
#3587 = VECTOR ( 'NONE', #4133, 1000.000000000000000 ) ;
#3588 = EDGE_CURVE ( 'NONE', #503, #3245, #857, .T. ) ;
#3589 = EDGE_CURVE ( 'NONE', #394, #3018, #160, .T. ) ;
#3590 = AXIS2_PLACEMENT_3D ( 'NONE', #1584, #3481, #1210 ) ;
#3591 = CARTESIAN_POINT ( 'NONE',  ( 6.657476966485305070, -4.953568989088240393, 1.892089697789975267 ) ) ;
#3592 = DIRECTION ( 'NONE',  ( 0.1927021268047518499, 0.000000000000000000, -0.9812573007753497834 ) ) ;
#3593 = CARTESIAN_POINT ( 'NONE',  ( 0.000000000000000000, 6.450000000000000178, -10.09999999999999964 ) ) ;
#3594 = ORIENTED_EDGE ( 'NONE', *, *, #660, .F. ) ;
#3595 = EDGE_CURVE ( 'NONE', #2478, #2721, #2311, .T. ) ;
#3596 = VECTOR ( 'NONE', #1331, 1000.000000000000114 ) ;
#3597 = CARTESIAN_POINT ( 'NONE',  ( 4.945780671386413196, -4.749999999999998224, 5.981689234077933293 ) ) ;
#3598 = ORIENTED_EDGE ( 'NONE', *, *, #2157, .T. ) ;
#3599 = VERTEX_POINT ( 'NONE', #1990 ) ;
#3600 = DIRECTION ( 'NONE',  ( 1.000000000000000000, 0.000000000000000000, 0.000000000000000000 ) ) ;
#3601 = CARTESIAN_POINT ( 'NONE',  ( -10.14831082805733331, 2.500000000000000000, -2.702609660302199401 ) ) ;
#3602 = VERTEX_POINT ( 'NONE', #3462 ) ;
#3603 = CARTESIAN_POINT ( 'NONE',  ( 6.571192588896067832, -5.100000000000000533, 2.000000000000000000 ) ) ;
#3604 = DIRECTION ( 'NONE',  ( 0.000000000000000000, 0.000000000000000000, 1.000000000000000000 ) ) ;
#3605 = CARTESIAN_POINT ( 'NONE',  ( 1.026141911038240373, 2.500000000000000000, -2.991975335966797989 ) ) ;
#3606 = SURFACE_STYLE_USAGE ( .BOTH. , #1733 ) ;
#3607 = ORIENTED_EDGE ( 'NONE', *, *, #4392, .T. ) ;
#3608 = EDGE_CURVE ( 'NONE', #3018, #4351, #1938, .T. ) ;
#3609 = ORIENTED_EDGE ( 'NONE', *, *, #888, .T. ) ;
#3610 = CARTESIAN_POINT ( 'NONE',  ( -7.231096411691571468, 5.000000000000000000, 1.169279395977619318 ) ) ;
#3611 = DIRECTION ( 'NONE',  ( -8.673617379884013384E-15, 0.000000000000000000, 1.000000000000000000 ) ) ;
#3612 = ORIENTED_EDGE ( 'NONE', *, *, #1519, .T. ) ;
#3613 = ADVANCED_FACE ( 'NONE', ( #4469 ), #1184, .F. ) ;
#3614 = DIRECTION ( 'NONE',  ( 1.000000000000000000, 2.602085213965203700E-14, 0.000000000000000000 ) ) ;
#3615 = ORIENTED_EDGE ( 'NONE', *, *, #3861, .T. ) ;
#3616 = VERTEX_POINT ( 'NONE', #4003 ) ;
#3617 = CARTESIAN_POINT ( 'NONE',  ( -1.881238128977383628, -4.650000000000468425, 2.967914678665036998 ) ) ;
#3618 = EDGE_CURVE ( 'NONE', #2463, #1547, #2561, .T. ) ;
#3619 = EDGE_CURVE ( 'NONE', #4552, #4161, #2423, .T. ) ;
#3620 = VERTEX_POINT ( 'NONE', #4243 ) ;
#3621 = CARTESIAN_POINT ( 'NONE',  ( -7.400000000000000355, -0.000000000000000000, -16.60000000000000142 ) ) ;
#3622 = PLANE ( 'NONE',  #1285 ) ;
#3623 = ORIENTED_EDGE ( 'NONE', *, *, #104, .T. ) ;
#3624 = LINE ( 'NONE', #301, #3075 ) ;
#3625 = ORIENTED_EDGE ( 'NONE', *, *, #3127, .T. ) ;
#3626 = CARTESIAN_POINT ( 'NONE',  ( -7.331096411691572001, -5.000000000000000000, 1.269279395977619185 ) ) ;
#3627 = ORIENTED_EDGE ( 'NONE', *, *, #238, .T. ) ;
#3628 = CARTESIAN_POINT ( 'NONE',  ( 2.508798386125776325, 2.000000000000000444, 4.516333434699720151 ) ) ;
#3629 = DIRECTION ( 'NONE',  ( 0.000000000000000000, 0.000000000000000000, 1.000000000000000000 ) ) ;
#3630 = DIRECTION ( 'NONE',  ( 1.000000000000000000, 0.000000000000000000, 0.000000000000000000 ) ) ;
#3631 = ORIENTED_EDGE ( 'NONE', *, *, #3424, .T. ) ;
#3632 = ORIENTED_EDGE ( 'NONE', *, *, #4387, .F. ) ;
#3633 = SURFACE_STYLE_FILL_AREA ( #803 ) ;
#3634 = CARTESIAN_POINT ( 'NONE',  ( -6.599999999999999645, -11.15000000000000036, -15.40000000000000036 ) ) ;
#3635 = ORIENTED_EDGE ( 'NONE', *, *, #2040, .T. ) ;
#3636 = EDGE_CURVE ( 'NONE', #1262, #3232, #4603, .T. ) ;
#3637 = CARTESIAN_POINT ( 'NONE',  ( -7.231096411691571468, -4.649999999999999467, 1.169279395977619318 ) ) ;
#3638 = CARTESIAN_POINT ( 'NONE',  ( 6.625229968578213224, -4.984588684178783424, 1.895029387225559914 ) ) ;
#3639 = CARTESIAN_POINT ( 'NONE',  ( 4.625000000000000000, -6.450000000000000178, -2.327802519272560655 ) ) ;
#3640 = CARTESIAN_POINT ( 'NONE',  ( -9.750000000000000000, -2.500000000000000000, 0.000000000000000000 ) ) ;
#3641 =( NAMED_UNIT ( * ) SI_UNIT ( $, .STERADIAN. ) SOLID_ANGLE_UNIT ( ) );
#3642 = ORIENTED_EDGE ( 'NONE', *, *, #1338, .T. ) ;
#3643 = STYLED_ITEM ( 'NONE', ( #592 ), #262 ) ;
#3644 = ADVANCED_FACE ( 'NONE', ( #4027 ), #1057, .T. ) ;
#3645 = CARTESIAN_POINT ( 'NONE',  ( 6.619518679845523224, -5.000000000000000000, 1.269279395977619185 ) ) ;
#3646 = VECTOR ( 'NONE', #4709, 1000.000000000000000 ) ;
#3647 = VERTEX_POINT ( 'NONE', #3634 ) ;
#3648 = SPHERICAL_SURFACE ( 'NONE', #2912, 0.1000000000000000056 ) ;
#3649 = FACE_OUTER_BOUND ( 'NONE', #1445, .T. ) ;
#3650 = SPHERICAL_SURFACE ( 'NONE', #243, 0.1000000000000000056 ) ;
#3651 = EDGE_LOOP ( 'NONE', ( #788, #3673, #2263, #3265, #3612, #765, #934, #577 ) ) ;
#3652 = EDGE_CURVE ( 'NONE', #1089, #2394, #397, .T. ) ;
#3653 = AXIS2_PLACEMENT_3D ( 'NONE', #3678, #407, #3990 ) ;
#3654 = CARTESIAN_POINT ( 'NONE',  ( -9.000000000000000000, 5.000000000000000000, 8.991260281974000179 ) ) ;
#3655 = CARTESIAN_POINT ( 'NONE',  ( -7.400000000000000355, -11.15000000000000036, -16.60000000000000142 ) ) ;
#3656 = CARTESIAN_POINT ( 'NONE',  ( 6.772067465603778480, -4.952938751241937609, 2.000000000000000000 ) ) ;
#3657 = CARTESIAN_POINT ( 'NONE',  ( -7.231096411691571468, 5.000000000000000000, 1.899999999999999911 ) ) ;
#3658 = DIRECTION ( 'NONE',  ( 1.000000000000000000, -0.000000000000000000, 0.000000000000000000 ) ) ;
#3659 = VECTOR ( 'NONE', #2458, 1000.000000000000000 ) ;
#3660 = CARTESIAN_POINT ( 'NONE',  ( 0.000000000000000000, 4.750000000000000000, 1.269279395977619185 ) ) ;
#3661 = ORIENTED_EDGE ( 'NONE', *, *, #2374, .T. ) ;
#3662 = VERTEX_POINT ( 'NONE', #2034 ) ;
#3663 =( NAMED_UNIT ( * ) SI_UNIT ( $, .STERADIAN. ) SOLID_ANGLE_UNIT ( ) );
#3664 = ORIENTED_EDGE ( 'NONE', *, *, #3409, .F. ) ;
#3665 = AXIS2_PLACEMENT_3D ( 'NONE', #432, #1551, #1128 ) ;
#3666 = MECHANICAL_DESIGN_GEOMETRIC_PRESENTATION_REPRESENTATION (  '', ( #5 ), #1896 ) ;
#3667 = CARTESIAN_POINT ( 'NONE',  ( -7.400000000000000355, -1.600000000000007194, -15.40000000000000036 ) ) ;
#3668 = COLOUR_RGB ( '',0.8431372549019607865, 0.8431372549019607865, 0.8431372549019607865 ) ;
#3669 = SURFACE_STYLE_USAGE ( .BOTH. , #1913 ) ;
#3670 = DIRECTION ( 'NONE',  ( -0.000000000000000000, -1.000000000000000000, -0.000000000000000000 ) ) ;
#3671 = ORIENTED_EDGE ( 'NONE', *, *, #64, .T. ) ;
#3672 = COLOUR_RGB ( '',0.8431372549019607865, 0.8431372549019607865, 0.8431372549019607865 ) ;
#3673 = ORIENTED_EDGE ( 'NONE', *, *, #237, .T. ) ;
#3674 = LINE ( 'NONE', #2947, #2137 ) ;
#3675 = ORIENTED_EDGE ( 'NONE', *, *, #1149, .F. ) ;
#3676 = DIRECTION ( 'NONE',  ( -1.000000000000000000, 0.000000000000000000, 0.000000000000000000 ) ) ;
#3677 = EDGE_CURVE ( 'NONE', #1915, #75, #611, .T. ) ;
#3678 = CARTESIAN_POINT ( 'NONE',  ( -7.231096411691571468, 4.649999999999999467, 2.536753471768243173 ) ) ;
#3679 = CARTESIAN_POINT ( 'NONE',  ( 9.000000000000000000, 6.450000000000000178, -12.59999999999999964 ) ) ;
#3680 = ORIENTED_EDGE ( 'NONE', *, *, #3942, .F. ) ;
#3681 = PRESENTATION_LAYER_ASSIGNMENT (  '', '', ( #4221 ) ) ;
#3682 = VERTEX_POINT ( 'NONE', #360 ) ;
#3683 = EDGE_CURVE ( 'NONE', #723, #3535, #1806, .T. ) ;
#3684 = DIRECTION ( 'NONE',  ( 1.000000000000000000, 0.000000000000000000, 0.000000000000000000 ) ) ;
#3685 = LINE ( 'NONE', #1530, #11 ) ;
#3686 = DIRECTION ( 'NONE',  ( -1.000000000000000000, 0.000000000000000000, 0.000000000000000000 ) ) ;
#3687 = AXIS2_PLACEMENT_3D ( 'NONE', #1374, #2821, #2086 ) ;
#3688 = ORIENTED_EDGE ( 'NONE', *, *, #4639, .T. ) ;
#3689 = EDGE_CURVE ( 'NONE', #1365, #2708, #3466, .T. ) ;
#3690 = FACE_OUTER_BOUND ( 'NONE', #3255, .T. ) ;
#3691 = PLANE ( 'NONE',  #4355 ) ;
#3692 = CARTESIAN_POINT ( 'NONE',  ( 5.375000000000000000, -6.825078385935131386, -1.958467813539574776 ) ) ;
#3693 = DIRECTION ( 'NONE',  ( 1.000000000000000000, -0.000000000000000000, -0.000000000000000000 ) ) ;
#3694 = DIRECTION ( 'NONE',  ( -1.000000000000000000, 0.000000000000000000, -0.000000000000000000 ) ) ;
#3695 = ORIENTED_EDGE ( 'NONE', *, *, #3822, .T. ) ;
#3696 = DIRECTION ( 'NONE',  ( -0.000000000000000000, -0.000000000000000000, -1.000000000000000000 ) ) ;
#3697 = DIRECTION ( 'NONE',  ( 0.000000000000000000, 0.000000000000000000, -1.000000000000000000 ) ) ;
#3698 = CARTESIAN_POINT ( 'NONE',  ( -4.034247070925890633, 0.8322551198475071077, 2.681153543690881325 ) ) ;
#3699 = CARTESIAN_POINT ( 'NONE',  ( 0.000000000000000000, 6.450000000000000178, -12.59999999999999964 ) ) ;
#3700 = ORIENTED_EDGE ( 'NONE', *, *, #4682, .T. ) ;
#3701 = EDGE_CURVE ( 'NONE', #663, #1470, #2886, .T. ) ;
#3702 = CARTESIAN_POINT ( 'NONE',  ( 4.945780671386379446, -4.650000000000001243, 5.981689234077912865 ) ) ;
#3703 = ORIENTED_EDGE ( 'NONE', *, *, #2330, .F. ) ;
#3704 = CARTESIAN_POINT ( 'NONE',  ( -5.375000000000000000, -6.450000000000000178, 0.000000000000000000 ) ) ;
#3705 = CARTESIAN_POINT ( 'NONE',  ( 6.671695544055167737, 4.914490440951483130, 1.890800513898618807 ) ) ;
#3706 = EDGE_CURVE ( 'NONE', #4077, #673, #3233, .T. ) ;
#3707 = CARTESIAN_POINT ( 'NONE',  ( 4.506602617516735521, 4.650000000000000355, 5.671595023386254653 ) ) ;
#3708 = ORIENTED_EDGE ( 'NONE', *, *, #4675, .F. ) ;
#3709 = PLANE ( 'NONE',  #4259 ) ;
#3710 = DIRECTION ( 'NONE',  ( 0.000000000000000000, 0.000000000000000000, -1.000000000000000000 ) ) ;
#3711 = ADVANCED_FACE ( 'NONE', ( #337 ), #3505, .T. ) ;
#3712 = FACE_BOUND ( 'NONE', #4702, .T. ) ;
#3713 = ORIENTED_EDGE ( 'NONE', *, *, #90, .T. ) ;
#3714 = CARTESIAN_POINT ( 'NONE',  ( -9.107277510893236894, 2.500000000000000000, -8.003648936597624441 ) ) ;
#3715 = LINE ( 'NONE', #3385, #1059 ) ;
#3716 = VERTEX_POINT ( 'NONE', #1325 ) ;
#3717 = VECTOR ( 'NONE', #4431, 1000.000000000000000 ) ;
#3718 = DIRECTION ( 'NONE',  ( 0.000000000000000000, 0.000000000000000000, 1.000000000000000000 ) ) ;
#3719 = DIRECTION ( 'NONE',  ( 1.000000000000000000, -0.000000000000000000, 0.000000000000000000 ) ) ;
#3720 = FACE_OUTER_BOUND ( 'NONE', #100, .T. ) ;
#3721 = VECTOR ( 'NONE', #1347, 1000.000000000000000 ) ;
#3722 = VERTEX_POINT ( 'NONE', #2796 ) ;
#3723 = DIRECTION ( 'NONE',  ( 1.000000000000000000, 0.000000000000000000, 0.000000000000000000 ) ) ;
#3724 = CARTESIAN_POINT ( 'NONE',  ( 0.000000000000000000, -4.649999999999998579, 5.899999999999999467 ) ) ;
#3725 = CARTESIAN_POINT ( 'NONE',  ( 9.750000000000000000, 6.450000000000000178, -8.099999999999999645 ) ) ;
#3726 = DIRECTION ( 'NONE',  ( -0.000000000000000000, 1.000000000000000000, -0.000000000000000000 ) ) ;
#3727 = CARTESIAN_POINT ( 'NONE',  ( 6.667672990568127567, 4.932496047545883222, 1.891164935574512818 ) ) ;
#3728 = PRESENTATION_LAYER_ASSIGNMENT (  '', '', ( #1654 ) ) ;
#3729 = EDGE_LOOP ( 'NONE', ( #1497, #3695, #2793, #3995, #899, #2203, #1520, #2734 ) ) ;
#3730 = CARTESIAN_POINT ( 'NONE',  ( 5.375000000000000000, -6.825078385935131386, -1.958467813539574776 ) ) ;
#3731 = FACE_OUTER_BOUND ( 'NONE', #2786, .T. ) ;
#3732 = ADVANCED_FACE ( 'NONE', ( #780 ), #3691, .T. ) ;
#3733 = VECTOR ( 'NONE', #1193, 1000.000000000000000 ) ;
#3734 = FACE_OUTER_BOUND ( 'NONE', #278, .T. ) ;
#3735 = DIRECTION ( 'NONE',  ( -0.000000000000000000, 0.000000000000000000, 1.000000000000000000 ) ) ;
#3736 = LINE ( 'NONE', #2643, #1278 ) ;
#3737 = VECTOR ( 'NONE', #1110, 1000.000000000000000 ) ;
#3738 = VECTOR ( 'NONE', #2767, 1000.000000000000000 ) ;
#3739 = ADVANCED_FACE ( 'NONE', ( #2325 ), #1855, .F. ) ;
#3740 = DIRECTION ( 'NONE',  ( 0.000000000000000000, 0.000000000000000000, 1.000000000000000000 ) ) ;
#3741 = ORIENTED_EDGE ( 'NONE', *, *, #2750, .F. ) ;
#3742 = CIRCLE ( 'NONE', #1751, 0.1000000000000002554 ) ;
#3743 = VECTOR ( 'NONE', #889, 1000.000000000000000 ) ;
#3744 = ORIENTED_EDGE ( 'NONE', *, *, #4159, .T. ) ;
#3745 = FILL_AREA_STYLE_COLOUR ( '', #4368 ) ;
#3746 = ADVANCED_FACE ( 'NONE', ( #3731 ), #4096, .T. ) ;
#3747 = CARTESIAN_POINT ( 'NONE',  ( 10.14831082805733331, 2.500000000000000000, -2.702609660302199401 ) ) ;
#3748 = VECTOR ( 'NONE', #316, 1000.000000000000114 ) ;
#3749 = VERTEX_POINT ( 'NONE', #3352 ) ;
#3750 = MECHANICAL_DESIGN_GEOMETRIC_PRESENTATION_REPRESENTATION (  '', ( #1459 ), #4126 ) ;
#3751 = PLANE ( 'NONE',  #2218 ) ;
#3752 = DIRECTION ( 'NONE',  ( -0.000000000000000000, -1.000000000000000000, -0.000000000000000000 ) ) ;
#3753 = PLANE ( 'NONE',  #1724 ) ;
#3754 = CARTESIAN_POINT ( 'NONE',  ( 5.375000000000000000, 6.825078385935131386, -1.958467813539574776 ) ) ;
#3755 = VECTOR ( 'NONE', #792, 1000.000000000000000 ) ;
#3756 = FILL_AREA_STYLE_COLOUR ( '', #532 ) ;
#3757 = ORIENTED_EDGE ( 'NONE', *, *, #121, .F. ) ;
#3758 = LINE ( 'NONE', #3803, #209 ) ;
#3759 = SURFACE_STYLE_USAGE ( .BOTH. , #2301 ) ;
#3760 = ORIENTED_EDGE ( 'NONE', *, *, #1968, .T. ) ;
#3761 = EDGE_CURVE ( 'NONE', #1480, #3647, #2589, .T. ) ;
#3762 = FACE_OUTER_BOUND ( 'NONE', #2998, .T. ) ;
#3763 = ORIENTED_EDGE ( 'NONE', *, *, #1315, .F. ) ;
#3764 = CARTESIAN_POINT ( 'NONE',  ( -7.000000000000000888, -6.450000000000000178, -12.59999999999999964 ) ) ;
#3765 =( LENGTH_UNIT ( ) NAMED_UNIT ( * ) SI_UNIT ( .MILLI., .METRE. ) );
#3766 = ADVANCED_BREP_SHAPE_REPRESENTATION ( 'RA1H1C112R', ( #4260, #1107, #2705, #4316, #4223 ), #1837 ) ;
#3767 = ADVANCED_FACE ( 'NONE', ( #43 ), #3380, .F. ) ;
#3768 = LINE ( 'NONE', #3363, #3368 ) ;
#3769 = EDGE_LOOP ( 'NONE', ( #3404, #3291, #3171, #1068 ) ) ;
#3770 = CARTESIAN_POINT ( 'NONE',  ( -9.000000000000000000, -5.000000000000000000, -11.59999999999999964 ) ) ;
#3771 = DIRECTION ( 'NONE',  ( -1.000000000000000000, -8.260587980841938780E-17, -0.000000000000000000 ) ) ;
#3772 = ORIENTED_EDGE ( 'NONE', *, *, #2032, .T. ) ;
#3773 = EDGE_CURVE ( 'NONE', #3722, #2314, #1835, .T. ) ;
#3774 = DIRECTION ( 'NONE',  ( 0.000000000000000000, -0.000000000000000000, -1.000000000000000000 ) ) ;
#3775 = PLANE ( 'NONE',  #3415 ) ;
#3776 = VERTEX_POINT ( 'NONE', #2981 ) ;
#3777 = FILL_AREA_STYLE ('',( #3396 ) ) ;
#3778 = DIRECTION ( 'NONE',  ( -1.000000000000000000, 8.673617379884011806E-15, 0.000000000000000000 ) ) ;
#3779 = CARTESIAN_POINT ( 'NONE',  ( -2.110129200155741458, 0.3846921895652192780, 2.954210578975193346 ) ) ;
#3780 = ORIENTED_EDGE ( 'NONE', *, *, #3595, .F. ) ;
#3781 = DIRECTION ( 'NONE',  ( 0.5767901729197590921, 0.000000000000000000, -0.8168923407788778457 ) ) ;
#3782 = DIRECTION ( 'NONE',  ( 0.000000000000000000, -1.000000000000000000, 0.000000000000000000 ) ) ;
#3783 = DIRECTION ( 'NONE',  ( 0.000000000000000000, 0.000000000000000000, -1.000000000000000000 ) ) ;
#3784 = DIRECTION ( 'NONE',  ( -0.05899303816839177733, 0.000000000000000000, 0.9982583941283253992 ) ) ;
#3785 = ORIENTED_EDGE ( 'NONE', *, *, #3330, .F. ) ;
#3786 = DIRECTION ( 'NONE',  ( 0.000000000000000000, 0.000000000000000000, 1.000000000000000000 ) ) ;
#3787 = EDGE_CURVE ( 'NONE', #946, #492, #696, .T. ) ;
#3788 = LINE ( 'NONE', #540, #3067 ) ;
#3789 = FACE_OUTER_BOUND ( 'NONE', #4342, .T. ) ;
#3790 = CARTESIAN_POINT ( 'NONE',  ( 0.4000000000000000222, -1.400000000000014566, -16.60000000000000142 ) ) ;
#3791 = CARTESIAN_POINT ( 'NONE',  ( -7.231096411691571468, -5.000000000000000000, 1.269279395977619185 ) ) ;
#3792 = ORIENTED_EDGE ( 'NONE', *, *, #1142, .F. ) ;
#3793 = EDGE_CURVE ( 'NONE', #1186, #348, #4053, .T. ) ;
#3794 = CARTESIAN_POINT ( 'NONE',  ( -7.000000000000000888, -5.000000000000000000, -11.59999999999999964 ) ) ;
#3795 = VECTOR ( 'NONE', #956, 1000.000000000000000 ) ;
#3796 = VERTEX_POINT ( 'NONE', #846 ) ;
#3797 = CARTESIAN_POINT ( 'NONE',  ( 6.672603430824640469, 4.650000000000000355, 2.066114127572880932 ) ) ;
#3798 = CARTESIAN_POINT ( 'NONE',  ( -3.945334047669169841, 1.459888737130957015, 2.689388489587893005 ) ) ;
#3799 = STYLED_ITEM ( 'NONE', ( #4624 ), #649 ) ;
#3800 = ORIENTED_EDGE ( 'NONE', *, *, #4678, .F. ) ;
#3801 = CARTESIAN_POINT ( 'NONE',  ( -4.625000000000000000, -6.825078385935131386, 2.168404344971008868E-16 ) ) ;
#3802 = VERTEX_POINT ( 'NONE', #1157 ) ;
#3803 = CARTESIAN_POINT ( 'NONE',  ( -7.000000000000000888, -6.450000000000000178, 0.000000000000000000 ) ) ;
#3804 =( NAMED_UNIT ( * ) SI_UNIT ( $, .STERADIAN. ) SOLID_ANGLE_UNIT ( ) );
#3805 = AXIS2_PLACEMENT_3D ( 'NONE', #2408, #596, #2045 ) ;
#3806 = ADVANCED_FACE ( 'NONE', ( #3309 ), #2613, .T. ) ;
#3807 = VECTOR ( 'NONE', #4226, 1000.000000000000000 ) ;
#3808 = DIRECTION ( 'NONE',  ( 0.000000000000000000, -0.000000000000000000, -1.000000000000000000 ) ) ;
#3809 = CARTESIAN_POINT ( 'NONE',  ( 6.571192588896067832, -5.000000000000005329, 1.899999999999999467 ) ) ;
#3810 = EDGE_LOOP ( 'NONE', ( #1081, #683, #4189, #2460, #425, #2120, #625 ) ) ;
#3811 = CARTESIAN_POINT ( 'NONE',  ( 5.748066477745162217, -4.750000000000001776, 5.899999999999999467 ) ) ;
#3812 = AXIS2_PLACEMENT_3D ( 'NONE', #4645, #2098, #2505 ) ;
#3813 =( NAMED_UNIT ( * ) SI_UNIT ( $, .STERADIAN. ) SOLID_ANGLE_UNIT ( ) );
#3814 = VECTOR ( 'NONE', #3476, 1000.000000000000000 ) ;
#3815 = CARTESIAN_POINT ( 'NONE',  ( -7.331096411691572001, -4.649999999999999467, 1.169279395977619318 ) ) ;
#3816 = CARTESIAN_POINT ( 'NONE',  ( 10.49999999999999822, 7.500000000000001776, 2.000000000000000000 ) ) ;
#3817 = B_SPLINE_CURVE_WITH_KNOTS ( 'NONE', 3,
 ( #823, #3707, #2274, #435, #1598, #57, #4461, #3068, #2229, #872, #800, #1554 ),
 .UNSPECIFIED., .F., .F.,
 ( 4, 2, 2, 2, 2, 4 ),
 ( 0.000000000000000000, 0.001608448424654430279, 0.003216896849308859690, 0.006433793698617719381, 0.009650690547926579071, 0.01286758739723543876 ),
 .UNSPECIFIED. ) ;
#3818 = FACE_OUTER_BOUND ( 'NONE', #1865, .T. ) ;
#3819 = ORIENTED_EDGE ( 'NONE', *, *, #1857, .F. ) ;
#3820 = AXIS2_PLACEMENT_3D ( 'NONE', #4578, #213, #4168 ) ;
#3821 = AXIS2_PLACEMENT_3D ( 'NONE', #4338, #707, #4006 ) ;
#3822 = EDGE_CURVE ( 'NONE', #2056, #1759, #2256, .T. ) ;
#3823 = DIRECTION ( 'NONE',  ( -1.000000000000000000, 0.000000000000000000, 0.000000000000000000 ) ) ;
#3824 = UNCERTAINTY_MEASURE_WITH_UNIT (LENGTH_MEASURE( 1.000000000000000082E-05 ), #2089, 'distance_accuracy_value', 'NONE');
#3825 = AXIS2_PLACEMENT_3D ( 'NONE', #3845, #1240, #2405 ) ;
#3826 = ORIENTED_EDGE ( 'NONE', *, *, #584, .T. ) ;
#3827 = CARTESIAN_POINT ( 'NONE',  ( -10.50000000000000178, 7.500000000000000000, 2.000000000000000000 ) ) ;
#3828 = DIRECTION ( 'NONE',  ( 1.000000000000000000, -0.000000000000000000, 0.000000000000000000 ) ) ;
#3829 = AXIS2_PLACEMENT_3D ( 'NONE', #1917, #491, #1608 ) ;
#3830 = ADVANCED_FACE ( 'NONE', ( #113 ), #1483, .T. ) ;
#3831 = CARTESIAN_POINT ( 'NONE',  ( -2.053858751891664891, 1.517638353633934623, 2.965391180734859855 ) ) ;
#3832 = ORIENTED_EDGE ( 'NONE', *, *, #4201, .F. ) ;
#3833 = EDGE_LOOP ( 'NONE', ( #4510, #3294, #545, #1314, #2741, #743, #2017, #3708 ) ) ;
#3834 = CARTESIAN_POINT ( 'NONE',  ( -6.153336455419650797, 4.650000000003740475, 2.574129969442914945 ) ) ;
#3835 = FACE_OUTER_BOUND ( 'NONE', #1941, .T. ) ;
#3836 = ADVANCED_FACE ( 'NONE', ( #4119 ), #1133, .T. ) ;
#3837 = CARTESIAN_POINT ( 'NONE',  ( -4.625000000000000000, 0.000000000000000000, 0.000000000000000000 ) ) ;
#3838 = ORIENTED_EDGE ( 'NONE', *, *, #2494, .T. ) ;
#3839 = PRESENTATION_LAYER_ASSIGNMENT (  '', '', ( #401 ) ) ;
#3840 = FACE_OUTER_BOUND ( 'NONE', #1804, .T. ) ;
#3841 = CYLINDRICAL_SURFACE ( 'NONE', #2443, 0.1000000000000000472 ) ;
#3842 = CARTESIAN_POINT ( 'NONE',  ( 6.627972969168229866, 4.994746656926852602, 2.000000000000000000 ) ) ;
#3843 = DIRECTION ( 'NONE',  ( 1.000000000000000000, 0.000000000000000000, 0.000000000000000000 ) ) ;
#3844 = ORIENTED_EDGE ( 'NONE', *, *, #1885, .T. ) ;
#3845 = CARTESIAN_POINT ( 'NONE',  ( -7.231096411691571468, 4.750000000000000000, 1.269279395977619185 ) ) ;
#3846 = LINE ( 'NONE', #2825, #3795 ) ;
#3847 = ORIENTED_EDGE ( 'NONE', *, *, #660, .T. ) ;
#3848 = DIRECTION ( 'NONE',  ( -1.000000000000000000, 0.000000000000000000, -0.000000000000000000 ) ) ;
#3849 = ORIENTED_EDGE ( 'NONE', *, *, #1054, .T. ) ;
#3850 = DIRECTION ( 'NONE',  ( 1.000000000000000000, -0.000000000000000000, -0.000000000000000000 ) ) ;
#3851 = CARTESIAN_POINT ( 'NONE',  ( -5.010607676100246266, 0.3900512084948266622, 2.616898774116872772 ) ) ;
#3852 = CARTESIAN_POINT ( 'NONE',  ( -6.599999999999999645, 6.450000000000000178, -11.59999999999999964 ) ) ;
#3853 = ORIENTED_EDGE ( 'NONE', *, *, #3078, .F. ) ;
#3854 = DIRECTION ( 'NONE',  ( 0.000000000000000000, 0.000000000000000000, -1.000000000000000000 ) ) ;
#3855 = DIRECTION ( 'NONE',  ( 0.000000000000000000, -1.000000000000000000, 8.673617379884032317E-15 ) ) ;
#3856 = DIRECTION ( 'NONE',  ( -1.000000000000000000, -0.000000000000000000, -0.000000000000000000 ) ) ;
#3857 = EDGE_CURVE ( 'NONE', #2305, #3245, #2292, .T. ) ;
#3858 = CARTESIAN_POINT ( 'NONE',  ( 5.375000000000000000, -6.450000000000000178, 0.000000000000000000 ) ) ;
#3859 = CARTESIAN_POINT ( 'NONE',  ( 0.4000000000000000222, -11.15000000000000036, -15.40000000000000036 ) ) ;
#3860 = EDGE_CURVE ( 'NONE', #977, #3469, #4219, .T. ) ;
#3861 = EDGE_CURVE ( 'NONE', #4290, #3458, #2143, .T. ) ;
#3862 = DIRECTION ( 'NONE',  ( 0.3244153575419169711, 0.000000000000000000, 0.9459147296616911005 ) ) ;
#3863 = DIRECTION ( 'NONE',  ( 0.000000000000000000, 0.000000000000000000, 1.000000000000000000 ) ) ;
#3864 = CARTESIAN_POINT ( 'NONE',  ( 2.841557181416618505, -1.999999999999999112, 4.691193810440314138 ) ) ;
#3865 = ORIENTED_EDGE ( 'NONE', *, *, #4097, .T. ) ;
#3866 = FILL_AREA_STYLE_COLOUR ( '', #3668 ) ;
#3867 = DIRECTION ( 'NONE',  ( 0.000000000000000000, 0.000000000000000000, 1.000000000000000000 ) ) ;
#3868 = ORIENTED_EDGE ( 'NONE', *, *, #2130, .T. ) ;
#3869 = DIRECTION ( 'NONE',  ( 0.000000000000000000, 0.000000000000000000, -1.000000000000000000 ) ) ;
#3870 = CARTESIAN_POINT ( 'NONE',  ( -9.107277510893236894, 2.500000000000000000, 0.000000000000000000 ) ) ;
#3871 = ORIENTED_EDGE ( 'NONE', *, *, #847, .F. ) ;
#3872 = FILL_AREA_STYLE ('',( #2782 ) ) ;
#3873 = CARTESIAN_POINT ( 'NONE',  ( 5.003459688678354667, 4.649999999999999467, 5.900000000000025224 ) ) ;
#3874 = FACE_OUTER_BOUND ( 'NONE', #3082, .T. ) ;
#3875 = EDGE_LOOP ( 'NONE', ( #3615, #1558, #1906, #1055 ) ) ;
#3876 = DIRECTION ( 'NONE',  ( -1.000000000000000000, -0.000000000000000000, -0.000000000000000000 ) ) ;
#3877 = CARTESIAN_POINT ( 'NONE',  ( 6.619518679845523224, 4.750000000000000000, 1.269279395977619185 ) ) ;
#3878 = AXIS2_PLACEMENT_3D ( 'NONE', #2665, #1606, #4514 ) ;
#3879 = DIRECTION ( 'NONE',  ( -0.000000000000000000, -1.000000000000000000, -0.000000000000000000 ) ) ;
#3880 = EDGE_CURVE ( 'NONE', #1400, #946, #3072, .T. ) ;
#3881 = ORIENTED_EDGE ( 'NONE', *, *, #141, .T. ) ;
#3882 = VECTOR ( 'NONE', #884, 1000.000000000000000 ) ;
#3883 = ADVANCED_FACE ( 'NONE', ( #3835 ), #151, .T. ) ;
#3884 = ORIENTED_EDGE ( 'NONE', *, *, #802, .F. ) ;
#3885 = VECTOR ( 'NONE', #4588, 1000.000000000000000 ) ;
#3886 = DIRECTION ( 'NONE',  ( 0.000000000000000000, -0.000000000000000000, -1.000000000000000000 ) ) ;
#3887 = LINE ( 'NONE', #4630, #3885 ) ;
#3888 = PLANE ( 'NONE',  #3687 ) ;
#3889 = ORIENTED_EDGE ( 'NONE', *, *, #2366, .T. ) ;
#3890 = VECTOR ( 'NONE', #720, 1000.000000000000000 ) ;
#3891 = ADVANCED_FACE ( 'NONE', ( #1252 ), #363, .F. ) ;
#3892 = EDGE_LOOP ( 'NONE', ( #1119, #1257, #4571, #1716 ) ) ;
#3893 = DIRECTION ( 'NONE',  ( -0.000000000000000000, -1.000000000000000000, -0.000000000000000000 ) ) ;
#3895 = ORIENTED_EDGE ( 'NONE', *, *, #1788, .T. ) ;
#3894 = COLOUR_RGB ( '',0.8431372549019607865, 0.8431372549019607865, 0.8431372549019607865 ) ;
#3896 = LINE ( 'NONE', #2141, #3596 ) ;
#3897 =( GEOMETRIC_REPRESENTATION_CONTEXT ( 3 ) GLOBAL_UNCERTAINTY_ASSIGNED_CONTEXT ( ( #910 ) ) GLOBAL_UNIT_ASSIGNED_CONTEXT ( ( #2956, #357, #1778 ) ) REPRESENTATION_CONTEXT ( 'NONE', 'WORKASPACE' ) );
#3898 = CARTESIAN_POINT ( 'NONE',  ( -7.400000000000000355, 0.5999999999999999778, -11.59999999999999964 ) ) ;
#3899 = VECTOR ( 'NONE', #482, 1000.000000000000000 ) ;
#3900 = AXIS2_PLACEMENT_3D ( 'NONE', #327, #2461, #4641 ) ;
#3901 = CARTESIAN_POINT ( 'NONE',  ( 6.690412819631394115, -4.899999999999816502, 1.701030887561881810 ) ) ;
#3902 = ORIENTED_EDGE ( 'NONE', *, *, #169, .T. ) ;
#3903 = ORIENTED_EDGE ( 'NONE', *, *, #1485, .F. ) ;
#3904 = CARTESIAN_POINT ( 'NONE',  ( 6.719344519258362958, 4.899999999999997691, 1.275178699794326631 ) ) ;
#3905 = DIRECTION ( 'NONE',  ( -0.9982583941283261764, 0.000000000000000000, -0.05899303816837562359 ) ) ;
#3906 = CARTESIAN_POINT ( 'NONE',  ( 6.619518679845523224, 5.000000000000000000, 1.269279395977619185 ) ) ;
#3907 = VECTOR ( 'NONE', #1018, 1000.000000000000000 ) ;
#3908 = DIRECTION ( 'NONE',  ( 0.9459147296616908784, 0.000000000000000000, -0.3244153575419176927 ) ) ;
#3909 = LINE ( 'NONE', #2773, #4042 ) ;
#3910 = FACE_OUTER_BOUND ( 'NONE', #53, .T. ) ;
#3911 = EDGE_LOOP ( 'NONE', ( #4306, #2884, #3832, #4323 ) ) ;
#3912 = VECTOR ( 'NONE', #3313, 1000.000000000000114 ) ;
#3913 = EDGE_CURVE ( 'NONE', #1700, #1289, #1299, .T. ) ;
#3914 = VERTEX_POINT ( 'NONE', #4256 ) ;
#3915 = LINE ( 'NONE', #1419, #1377 ) ;
#3916 = DIRECTION ( 'NONE',  ( 0.000000000000000000, 2.135878279796443735E-14, -1.000000000000000000 ) ) ;
#3917 = SURFACE_STYLE_FILL_AREA ( #1420 ) ;
#3918 = DIRECTION ( 'NONE',  ( 1.000000000000000000, 6.071532165918809684E-14, 0.000000000000000000 ) ) ;
#3919 = EDGE_CURVE ( 'NONE', #673, #3914, #2369, .T. ) ;
#3920 = CARTESIAN_POINT ( 'NONE',  ( -7.000000000000000888, 5.000000000000000000, -12.59999999999999964 ) ) ;
#3921 = ORIENTED_EDGE ( 'NONE', *, *, #759, .F. ) ;
#3922 = PLANE ( 'NONE',  #2111 ) ;
#3923 = DIRECTION ( 'NONE',  ( -0.05899303816837563053, -1.617576095692052034E-14, 0.9982583941283262874 ) ) ;
#3924 = DIRECTION ( 'NONE',  ( -8.673617379884013384E-15, -1.000000000000000000, 0.000000000000000000 ) ) ;
#3925 = EDGE_LOOP ( 'NONE', ( #1329, #409, #867, #2409 ) ) ;
#3926 = CYLINDRICAL_SURFACE ( 'NONE', #1597, 0.9999999999999991118 ) ;
#3927 = VERTEX_POINT ( 'NONE', #4625 ) ;
#3928 = DIRECTION ( 'NONE',  ( 0.000000000000000000, 0.000000000000000000, -1.000000000000000000 ) ) ;
#3929 = CARTESIAN_POINT ( 'NONE',  ( -9.000000000000000000, 5.000000000000000000, -12.59999999999999964 ) ) ;
#3930 = LINE ( 'NONE', #3530, #30 ) ;
#3931 = EDGE_LOOP ( 'NONE', ( #124, #3871, #2775, #3412 ) ) ;
#3932 = CARTESIAN_POINT ( 'NONE',  ( -3.165643473203451297, -1.461709800807333925, 2.779435842866410322 ) ) ;
#3933 = ADVANCED_FACE ( 'NONE', ( #1336 ), #2810, .T. ) ;
#3934 = DIRECTION ( 'NONE',  ( -0.1927021268047518499, 0.000000000000000000, 0.9812573007753497834 ) ) ;
#3935 = ORIENTED_EDGE ( 'NONE', *, *, #3588, .T. ) ;
#3936 = FACE_OUTER_BOUND ( 'NONE', #2207, .T. ) ;
#3937 = CARTESIAN_POINT ( 'NONE',  ( 6.661992221412938342, 5.100000000000000533, 2.000000000000000000 ) ) ;
#3938 = VERTEX_POINT ( 'NONE', #281 ) ;
#3939 = LINE ( 'NONE', #2499, #159 ) ;
#3940 = ORIENTED_EDGE ( 'NONE', *, *, #2448, .T. ) ;
#3941 = CARTESIAN_POINT ( 'NONE',  ( -10.50000000000000178, 7.500000000000000000, 2.000000000000000000 ) ) ;
#3942 = EDGE_CURVE ( 'NONE', #1847, #1287, #2607, .T. ) ;
#3943 = CARTESIAN_POINT ( 'NONE',  ( 5.375000000000000000, 6.825078385935131386, 0.000000000000000000 ) ) ;
#3944 = LINE ( 'NONE', #1730, #1964 ) ;
#3945 = ORIENTED_EDGE ( 'NONE', *, *, #238, .F. ) ;
#3946 = EDGE_CURVE ( 'NONE', #3468, #4687, #3402, .T. ) ;
#3947 = DIRECTION ( 'NONE',  ( 2.312964634635742957E-16, -1.000000000000000000, 0.000000000000000000 ) ) ;
#3948 = VERTEX_POINT ( 'NONE', #1084 ) ;
#3949 = VECTOR ( 'NONE', #62, 1000.000000000000000 ) ;
#3950 = PRESENTATION_LAYER_ASSIGNMENT (  '', '', ( #3799 ) ) ;
#3951 = LINE ( 'NONE', #2511, #1003 ) ;
#3952 = CARTESIAN_POINT ( 'NONE',  ( 6.672498257678842748, -4.899999999999998579, 1.890727846355832575 ) ) ;
#3953 = DIRECTION ( 'NONE',  ( 8.711144299172349818E-15, 1.000000000000000000, -0.000000000000000000 ) ) ;
#3954 = LINE ( 'NONE', #3547, #1613 ) ;
#3955 = VECTOR ( 'NONE', #3719, 1000.000000000000000 ) ;
#3956 = ORIENTED_EDGE ( 'NONE', *, *, #4617, .F. ) ;
#3957 = VERTEX_POINT ( 'NONE', #3943 ) ;
#3958 = DIRECTION ( 'NONE',  ( 0.000000000000000000, 0.000000000000000000, -1.000000000000000000 ) ) ;
#3959 = CIRCLE ( 'NONE', #4117, 0.9999999999999991118 ) ;
#3960 = CARTESIAN_POINT ( 'NONE',  ( -2.265593887994477029, -0.7450799871401213581, 2.924779682582286711 ) ) ;
#3961 = ORIENTED_EDGE ( 'NONE', *, *, #3077, .T. ) ;
#3962 = CARTESIAN_POINT ( 'NONE',  ( 6.619518679845523224, -4.649999999999999467, 1.269279395977619185 ) ) ;
#3963 =( NAMED_UNIT ( * ) SI_UNIT ( $, .STERADIAN. ) SOLID_ANGLE_UNIT ( ) );
#3964 = VECTOR ( 'NONE', #2081, 1000.000000000000000 ) ;
#3965 = EDGE_CURVE ( 'NONE', #421, #4468, #4385, .T. ) ;
#3966 = LINE ( 'NONE', #3654, #1900 ) ;
#3967 = VECTOR ( 'NONE', #2012, 1000.000000000000000 ) ;
#3968 = MECHANICAL_DESIGN_GEOMETRIC_PRESENTATION_REPRESENTATION (  '', ( #4586 ), #3897 ) ;
#3969 = CARTESIAN_POINT ( 'NONE',  ( 6.701151470979806568, -4.900000000000001243, 1.583034740485398384 ) ) ;
#3970 = CARTESIAN_POINT ( 'NONE',  ( 6.750132467753407361, 5.004790706108098952, 2.000000000000000000 ) ) ;
#3971 = DIRECTION ( 'NONE',  ( 1.000000000000000000, 4.130293990420970006E-17, 0.000000000000000000 ) ) ;
#3972 = VECTOR ( 'NONE', #574, 1000.000000000000000 ) ;
#3973 = AXIS2_PLACEMENT_3D ( 'NONE', #4465, #3784, #3431 ) ;
#3974 = EDGE_CURVE ( 'NONE', #446, #16, #1427, .T. ) ;
#3975 = DIRECTION ( 'NONE',  ( -1.000000000000000000, -0.000000000000000000, -0.000000000000000000 ) ) ;
#3976 = ORIENTED_EDGE ( 'NONE', *, *, #2258, .T. ) ;
#3977 = CARTESIAN_POINT ( 'NONE',  ( 6.626094379756293229, 4.649999999999999467, 2.853123104791591480 ) ) ;
#3978 =( LENGTH_UNIT ( ) NAMED_UNIT ( * ) SI_UNIT ( .MILLI., .METRE. ) );
#3979 = AXIS2_PLACEMENT_3D ( 'NONE', #3388, #810, #2646 ) ;
#3980 = EDGE_CURVE ( 'NONE', #1793, #3054, #3275, .T. ) ;
#3981 = VECTOR ( 'NONE', #1308, 1000.000000000000000 ) ;
#3982 = CARTESIAN_POINT ( 'NONE',  ( 6.719344519258354076, -4.650000000000001243, 1.275178699794458304 ) ) ;
#3983 = ORIENTED_EDGE ( 'NONE', *, *, #404, .F. ) ;
#3984 = CARTESIAN_POINT ( 'NONE',  ( 2.170533081443120071, -1.999999999999999112, 4.356080267192972144 ) ) ;
#3985 = ORIENTED_EDGE ( 'NONE', *, *, #1569, .T. ) ;
#3986 = MECHANICAL_DESIGN_GEOMETRIC_PRESENTATION_REPRESENTATION (  '', ( #401 ), #4677 ) ;
#3987 = CARTESIAN_POINT ( 'NONE',  ( 1.238729048916556774, -4.749999999999998224, 3.803888541101806187 ) ) ;
#3988 = ORIENTED_EDGE ( 'NONE', *, *, #1228, .T. ) ;
#3989 = DIRECTION ( 'NONE',  ( -1.000000000000000000, 0.000000000000000000, -0.000000000000000000 ) ) ;
#3990 = DIRECTION ( 'NONE',  ( 1.000000000000000000, 0.000000000000000000, 0.000000000000000000 ) ) ;
#3991 = CARTESIAN_POINT ( 'NONE',  ( 7.000000000000000888, 5.000000000000000000, -11.59999999999999964 ) ) ;
#3992 = EDGE_LOOP ( 'NONE', ( #2752, #2894, #1243, #4716 ) ) ;
#3993 = DIRECTION ( 'NONE',  ( -0.000000000000000000, -1.000000000000000000, -0.000000000000000000 ) ) ;
#3994 = CARTESIAN_POINT ( 'NONE',  ( -0.4000000000000000222, -1.600000000000007194, -15.40000000000000036 ) ) ;
#3995 = ORIENTED_EDGE ( 'NONE', *, *, #3480, .T. ) ;
#3996 = LINE ( 'NONE', #2954, #4724 ) ;
#3997 = DIRECTION ( 'NONE',  ( -1.000000000000000000, 0.000000000000000000, 0.000000000000000000 ) ) ;
#3998 = CARTESIAN_POINT ( 'NONE',  ( -0.4000000000000000222, 0.5999999999999999778, -11.59999999999999964 ) ) ;
#3999 = ADVANCED_FACE ( 'NONE', ( #1050 ), #646, .F. ) ;
#4000 = ORIENTED_EDGE ( 'NONE', *, *, #2936, .T. ) ;
#4001 = ORIENTED_EDGE ( 'NONE', *, *, #796, .F. ) ;
#4002 = ORIENTED_EDGE ( 'NONE', *, *, #1607, .F. ) ;
#4003 = CARTESIAN_POINT ( 'NONE',  ( -6.599999999999999645, -11.15000000000000036, -16.60000000000000142 ) ) ;
#4004 = EDGE_CURVE ( 'NONE', #4473, #472, #3287, .T. ) ;
#4005 = CARTESIAN_POINT ( 'NONE',  ( 6.083287155125649548, -4.650000000000001243, 5.175291706507882949 ) ) ;
#4006 = DIRECTION ( 'NONE',  ( 0.000000000000000000, -8.673617379884030739E-15, 1.000000000000000000 ) ) ;
#4007 = DIRECTION ( 'NONE',  ( -1.000000000000000000, -0.000000000000000000, -0.000000000000000000 ) ) ;
#4008 = CARTESIAN_POINT ( 'NONE',  ( 2.170533081443120071, 2.000000000000000000, 4.356080267192972144 ) ) ;
#4009 = EDGE_CURVE ( 'NONE', #3430, #4414, #2677, .T. ) ;
#4010 = DIRECTION ( 'NONE',  ( -0.000000000000000000, -0.000000000000000000, -1.000000000000000000 ) ) ;
#4011 = ORIENTED_EDGE ( 'NONE', *, *, #2563, .F. ) ;
#4012 = CARTESIAN_POINT ( 'NONE',  ( 6.619518679845523224, 4.649999999999999467, 1.169279395977619318 ) ) ;
#4013 = ORIENTED_EDGE ( 'NONE', *, *, #3793, .T. ) ;
#4014 = CARTESIAN_POINT ( 'NONE',  ( 6.772067465603777592, 4.899999999999999467, 2.000000000000000000 ) ) ;
#4015 = DIRECTION ( 'NONE',  ( 0.000000000000000000, 0.000000000000000000, 1.000000000000000000 ) ) ;
#4016 = ORIENTED_EDGE ( 'NONE', *, *, #179, .T. ) ;
#4017 = ORIENTED_EDGE ( 'NONE', *, *, #197, .T. ) ;
#4018 = CARTESIAN_POINT ( 'NONE',  ( 6.719344519258356740, -4.999999999999999112, 1.275178699794456527 ) ) ;
#4019 = DIRECTION ( 'NONE',  ( 0.000000000000000000, 1.000000000000000000, -0.000000000000000000 ) ) ;
#4020 = CARTESIAN_POINT ( 'NONE',  ( 9.750000000000000000, 2.500000000000000000, 0.000000000000000000 ) ) ;
#4021 =( LENGTH_UNIT ( ) NAMED_UNIT ( * ) SI_UNIT ( .MILLI., .METRE. ) );
#4022 = LINE ( 'NONE', #2200, #1732 ) ;
#4023 = LINE ( 'NONE', #4388, #1067 ) ;
#4024 = ORIENTED_EDGE ( 'NONE', *, *, #3946, .T. ) ;
#4025 = ORIENTED_EDGE ( 'NONE', *, *, #1200, .T. ) ;
#4026 = FILL_AREA_STYLE ('',( #2560 ) ) ;
#4027 = FACE_OUTER_BOUND ( 'NONE', #3335, .T. ) ;
#4028 = EDGE_CURVE ( 'NONE', #2440, #573, #2097, .T. ) ;
#4029 = CARTESIAN_POINT ( 'NONE',  ( 0.4000000000000000222, 0.000000000000000000, -16.60000000000000142 ) ) ;
#4030 = AXIS2_PLACEMENT_3D ( 'NONE', #3443, #4088, #1215 ) ;
#4031 = FACE_OUTER_BOUND ( 'NONE', #2501, .T. ) ;
#4032 = CARTESIAN_POINT ( 'NONE',  ( 0.000000000000000000, 0.5999999999999998668, -11.59999999999999964 ) ) ;
#4033 = APPLICATION_PROTOCOL_DEFINITION ( 'draft international standard', 'automotive_design', 1998, #6 ) ;
#4034 = ORIENTED_EDGE ( 'NONE', *, *, #777, .T. ) ;
#4035 = CIRCLE ( 'NONE', #4421, 0.1999999999999996503 ) ;
#4036 = ADVANCED_FACE ( 'NONE', ( #626 ), #2915, .T. ) ;
#4037 = PLANE ( 'NONE',  #1986 ) ;
#4038 = COLOUR_RGB ( '',0.2862745098039215508, 0.2862745098039215508, 0.2862745098039215508 ) ;
#4039 = DIRECTION ( 'NONE',  ( 1.000000000000000000, 0.000000000000000000, 0.000000000000000000 ) ) ;
#4040 = DIRECTION ( 'NONE',  ( 0.1927021268047518499, 0.000000000000000000, 0.9812573007753497834 ) ) ;
#4041 = VERTEX_POINT ( 'NONE', #2121 ) ;
#4042 = VECTOR ( 'NONE', #2797, 1000.000000000000000 ) ;
#4043 = EDGE_CURVE ( 'NONE', #4502, #1352, #4690, .T. ) ;
#4044 = EDGE_CURVE ( 'NONE', #2305, #3716, #1226, .T. ) ;
#4045 = PLANE ( 'NONE',  #12 ) ;
#4046 = ORIENTED_EDGE ( 'NONE', *, *, #2303, .T. ) ;
#4047 = DIRECTION ( 'NONE',  ( 0.000000000000000000, 0.000000000000000000, 1.000000000000000000 ) ) ;
#4048 =( NAMED_UNIT ( * ) SI_UNIT ( $, .STERADIAN. ) SOLID_ANGLE_UNIT ( ) );
#4049 = AXIS2_PLACEMENT_3D ( 'NONE', #368, #2565, #3312 ) ;
#4050 = DIRECTION ( 'NONE',  ( 0.000000000000000000, -0.000000000000000000, -1.000000000000000000 ) ) ;
#4051 = VECTOR ( 'NONE', #1928, 1000.000000000000000 ) ;
#4052 = ORIENTED_EDGE ( 'NONE', *, *, #3636, .T. ) ;
#4053 = LINE ( 'NONE', #1557, #2519 ) ;
#4054 = VECTOR ( 'NONE', #2464, 1000.000000000000000 ) ;
#4055 = AXIS2_PLACEMENT_3D ( 'NONE', #962, #599, #553 ) ;
#4056 = CARTESIAN_POINT ( 'NONE',  ( 3.178872633805311931, -4.749999999999997335, 4.749938837925784085 ) ) ;
#4057 = MECHANICAL_DESIGN_GEOMETRIC_PRESENTATION_REPRESENTATION (  '', ( #849 ), #2060 ) ;
#4058 = CARTESIAN_POINT ( 'NONE',  ( -10.14831082805733331, 2.500000000000000000, -2.702609660302199401 ) ) ;
#4059 =( NAMED_UNIT ( * ) PLANE_ANGLE_UNIT ( ) SI_UNIT ( $, .RADIAN. ) );
#4060 = ORIENTED_EDGE ( 'NONE', *, *, #1111, .T. ) ;
#4061 = EDGE_CURVE ( 'NONE', #3245, #1425, #2173, .T. ) ;
#4062 = VECTOR ( 'NONE', #3869, 1000.000000000000000 ) ;
#4063 = CARTESIAN_POINT ( 'NONE',  ( -9.000000000000000000, -6.450000000000000178, -10.09999999999999964 ) ) ;
#4064 = ORIENTED_EDGE ( 'NONE', *, *, #2655, .T. ) ;
#4065 = PLANE ( 'NONE',  #1909 ) ;
#4066 = CARTESIAN_POINT ( 'NONE',  ( -3.431819534034321606, 0.9298336299573681796, 2.745594999955525140 ) ) ;
#4067 = ADVANCED_FACE ( 'NONE', ( #798 ), #1501, .F. ) ;
#4068 = AXIS2_PLACEMENT_3D ( 'NONE', #3791, #543, #515 ) ;
#4069 = FACE_OUTER_BOUND ( 'NONE', #2239, .T. ) ;
#4070 = ORIENTED_EDGE ( 'NONE', *, *, #2027, .T. ) ;
#4071 = DIRECTION ( 'NONE',  ( -0.000000000000000000, -1.000000000000000000, -0.000000000000000000 ) ) ;
#4072 = CARTESIAN_POINT ( 'NONE',  ( -6.599999999999999645, -0.5999999999999999778, 0.000000000000000000 ) ) ;
#4073 = DIRECTION ( 'NONE',  ( 0.000000000000000000, 0.000000000000000000, 1.000000000000000000 ) ) ;
#4074 = ADVANCED_FACE ( 'NONE', ( #1902 ), #4433, .F. ) ;
#4075 = ORIENTED_EDGE ( 'NONE', *, *, #4304, .T. ) ;
#4076 = DIRECTION ( 'NONE',  ( 0.000000000000000000, 0.000000000000000000, 1.000000000000000000 ) ) ;
#4077 = VERTEX_POINT ( 'NONE', #3657 ) ;
#4078 = CARTESIAN_POINT ( 'NONE',  ( 6.999999999999999112, -6.450000000000000178, -11.59999999999999964 ) ) ;
#4079 = DIRECTION ( 'NONE',  ( -0.3244153575419169711, 0.000000000000000000, 0.9459147296616911005 ) ) ;
#4080 = FACE_OUTER_BOUND ( 'NONE', #883, .T. ) ;
#4081 = EDGE_LOOP ( 'NONE', ( #2885, #2389, #1183, #504 ) ) ;
#4082 = FACE_OUTER_BOUND ( 'NONE', #993, .T. ) ;
#4083 = LINE ( 'NONE', #4489, #3955 ) ;
#4084 = DIRECTION ( 'NONE',  ( -1.000000000000000000, -0.000000000000000000, -0.000000000000000000 ) ) ;
#4085 = ORIENTED_EDGE ( 'NONE', *, *, #2544, .T. ) ;
#4086 = EDGE_CURVE ( 'NONE', #2721, #1089, #3039, .T. ) ;
#4087 = CARTESIAN_POINT ( 'NONE',  ( 8.999999999999996447, -5.000000000000000000, -11.59999999999999964 ) ) ;
#4088 = DIRECTION ( 'NONE',  ( 0.000000000000000000, -0.000000000000000000, 1.000000000000000000 ) ) ;
#4089 = DIRECTION ( 'NONE',  ( 0.3244153575419169711, 0.000000000000000000, -0.9459147296616911005 ) ) ;
#4090 = LINE ( 'NONE', #820, #2132 ) ;
#4091 = PLANE ( 'NONE',  #2285 ) ;
#4092 = ADVANCED_FACE ( 'NONE', ( #3374 ), #2634, .F. ) ;
#4093 = LINE ( 'NONE', #843, #4358 ) ;
#4094 = ORIENTED_EDGE ( 'NONE', *, *, #1832, .T. ) ;
#4095 =( LENGTH_UNIT ( ) NAMED_UNIT ( * ) SI_UNIT ( .MILLI., .METRE. ) );
#4096 = PLANE ( 'NONE',  #1813 ) ;
#4097 = EDGE_CURVE ( 'NONE', #2161, #3927, #80, .T. ) ;
#4098 = CARTESIAN_POINT ( 'NONE',  ( 0.000000000000000000, 4.750000000000000000, 1.169279395977619318 ) ) ;
#4099 = CARTESIAN_POINT ( 'NONE',  ( -0.4000000000000000222, -11.15000000000000036, 0.000000000000000000 ) ) ;
#4100 = VERTEX_POINT ( 'NONE', #1192 ) ;
#4101 = FILL_AREA_STYLE ('',( #136 ) ) ;
#4102 = SURFACE_STYLE_USAGE ( .BOTH. , #2699 ) ;
#4103 =( LENGTH_UNIT ( ) NAMED_UNIT ( * ) SI_UNIT ( .MILLI., .METRE. ) );
#4104 = COLOUR_RGB ( '',0.8431372549019607865, 0.8431372549019607865, 0.8431372549019607865 ) ;
#4105 = ORIENTED_EDGE ( 'NONE', *, *, #4698, .T. ) ;
#4106 = COLOUR_RGB ( '',1.000000000000000000, 1.000000000000000000, 1.000000000000000000 ) ;
#4107 = DIRECTION ( 'NONE',  ( 0.000000000000000000, 1.000000000000000000, -0.000000000000000000 ) ) ;
#4108 = DIRECTION ( 'NONE',  ( 0.000000000000000000, 1.000000000000000000, 5.781203146549822732E-16 ) ) ;
#4109 = ORIENTED_EDGE ( 'NONE', *, *, #4268, .F. ) ;
#4110 = CARTESIAN_POINT ( 'NONE',  ( -7.431096411691572534, -4.899999999999999467, 2.000000000000000000 ) ) ;
#4111 = DIRECTION ( 'NONE',  ( 0.000000000000000000, 0.000000000000000000, -1.000000000000000000 ) ) ;
#4112 = CARTESIAN_POINT ( 'NONE',  ( 5.748066477745162217, -4.649999999999998579, 5.899999999999999467 ) ) ;
#4113 =( GEOMETRIC_REPRESENTATION_CONTEXT ( 3 ) GLOBAL_UNCERTAINTY_ASSIGNED_CONTEXT ( ( #3192 ) ) GLOBAL_UNIT_ASSIGNED_CONTEXT ( ( #2924, #1496, #1771 ) ) REPRESENTATION_CONTEXT ( 'NONE', 'WORKASPACE' ) );
#4114 = EDGE_CURVE ( 'NONE', #1555, #4290, #3685, .T. ) ;
#4115 = FACE_BOUND ( 'NONE', #1711, .T. ) ;
#4116 = ORIENTED_EDGE ( 'NONE', *, *, #1492, .T. ) ;
#4117 = AXIS2_PLACEMENT_3D ( 'NONE', #1395, #1763, #4695 ) ;
#4118 = DIRECTION ( 'NONE',  ( 1.000000000000000000, 0.000000000000000000, 0.000000000000000000 ) ) ;
#4119 = FACE_OUTER_BOUND ( 'NONE', #2193, .T. ) ;
#4120 = EDGE_CURVE ( 'NONE', #2176, #4332, #1477, .T. ) ;
#4121 =( GEOMETRIC_REPRESENTATION_CONTEXT ( 3 ) GLOBAL_UNCERTAINTY_ASSIGNED_CONTEXT ( ( #818 ) ) GLOBAL_UNIT_ASSIGNED_CONTEXT ( ( #2804, #598, #3963 ) ) REPRESENTATION_CONTEXT ( 'NONE', 'WORKASPACE' ) );
#4122 = ORIENTED_EDGE ( 'NONE', *, *, #2228, .F. ) ;
#4123 = CARTESIAN_POINT ( 'NONE',  ( -5.048305437245076632, -0.002411342093669270603, 2.615465292484000503 ) ) ;
#4124 = CARTESIAN_POINT ( 'NONE',  ( 6.619518679845523224, -5.000000000000000000, 1.169279395977619318 ) ) ;
#4125 = DIRECTION ( 'NONE',  ( 1.000000000000000000, 0.000000000000000000, 0.000000000000000000 ) ) ;
#4126 =( GEOMETRIC_REPRESENTATION_CONTEXT ( 3 ) GLOBAL_UNCERTAINTY_ASSIGNED_CONTEXT ( ( #1996 ) ) GLOBAL_UNIT_ASSIGNED_CONTEXT ( ( #2381, #4175, #1650 ) ) REPRESENTATION_CONTEXT ( 'NONE', 'WORKASPACE' ) );
#4127 = AXIS2_PLACEMENT_3D ( 'NONE', #4648, #969, #4581 ) ;
#4128 = SURFACE_STYLE_FILL_AREA ( #4220 ) ;
#4129 = VERTEX_POINT ( 'NONE', #1172 ) ;
#4130 = EDGE_CURVE ( 'NONE', #421, #1411, #4090, .T. ) ;
#4131 = AXIS2_PLACEMENT_3D ( 'NONE', #4326, #3604, #3997 ) ;
#4132 = CIRCLE ( 'NONE', #1740, 0.1000000000000002554 ) ;
#4133 = DIRECTION ( 'NONE',  ( 1.000000000000000000, 0.000000000000000000, 0.000000000000000000 ) ) ;
#4134 = ORIENTED_EDGE ( 'NONE', *, *, #2157, .F. ) ;
#4135 = DIRECTION ( 'NONE',  ( -1.000000000000000000, 0.000000000000000000, -0.000000000000000000 ) ) ;
#4136 = CARTESIAN_POINT ( 'NONE',  ( 5.748066477745162217, 4.649999999999999467, 5.899999999999999467 ) ) ;
#4137 = AXIS2_PLACEMENT_3D ( 'NONE', #47, #4312, #1034 ) ;
#4138 = ORIENTED_EDGE ( 'NONE', *, *, #3652, .T. ) ;
#4139 = VECTOR ( 'NONE', #3886, 1000.000000000000000 ) ;
#4140 = DIRECTION ( 'NONE',  ( 1.000000000000000000, -0.000000000000000000, -0.000000000000000000 ) ) ;
#4141 = ORIENTED_EDGE ( 'NONE', *, *, #2936, .F. ) ;
#4142 = CARTESIAN_POINT ( 'NONE',  ( 6.619518679845523224, 4.750000000000000000, 1.269279395977619185 ) ) ;
#4143 =( NAMED_UNIT ( * ) SI_UNIT ( $, .STERADIAN. ) SOLID_ANGLE_UNIT ( ) );
#4144 = FACE_OUTER_BOUND ( 'NONE', #1674, .T. ) ;
#4145 = AXIS2_PLACEMENT_3D ( 'NONE', #1546, #2382, #3464 ) ;
#4146 = EDGE_LOOP ( 'NONE', ( #260, #881, #783, #1895 ) ) ;
#4147 = EDGE_CURVE ( 'NONE', #814, #3556, #839, .T. ) ;
#4148 = CARTESIAN_POINT ( 'NONE',  ( 1.238680355815442891, 4.750000000000000000, 3.803886762562489476 ) ) ;
#4149 = DIRECTION ( 'NONE',  ( 1.000000000000000000, 0.000000000000000000, 0.000000000000000000 ) ) ;
#4150 = CIRCLE ( 'NONE', #4535, 0.9999999999999991118 ) ;
#4151 = EDGE_CURVE ( 'NONE', #1759, #1378, #157, .T. ) ;
#4152 = CARTESIAN_POINT ( 'NONE',  ( 6.662322364956047238, -4.947256365766187436, 2.000000000000000000 ) ) ;
#4153 = VERTEX_POINT ( 'NONE', #55 ) ;
#4154 = DIRECTION ( 'NONE',  ( -0.000000000000000000, 1.000000000000000000, 0.000000000000000000 ) ) ;
#4155 = APPLICATION_PROTOCOL_DEFINITION ( 'draft international standard', 'automotive_design', 1998, #2100 ) ;
#4156 = PRESENTATION_STYLE_ASSIGNMENT (( #4102 ) ) ;
#4157 = CARTESIAN_POINT ( 'NONE',  ( -3.538781806135316010, -0.9440358585904515820, 2.710348773236634923 ) ) ;
#4158 = ORIENTED_EDGE ( 'NONE', *, *, #3174, .F. ) ;
#4159 = EDGE_CURVE ( 'NONE', #4270, #3948, #3362, .T. ) ;
#4160 = FACE_OUTER_BOUND ( 'NONE', #2488, .T. ) ;
#4161 = VERTEX_POINT ( 'NONE', #3324 ) ;
#4162 = CARTESIAN_POINT ( 'NONE',  ( 6.619518679845523224, 4.649999999999999467, 1.269279395977619185 ) ) ;
#4163 = FACE_OUTER_BOUND ( 'NONE', #51, .T. ) ;
#4164 = CARTESIAN_POINT ( 'NONE',  ( -5.375000000000000000, 6.450000000000000178, 0.000000000000000000 ) ) ;
#4165 = EDGE_LOOP ( 'NONE', ( #3521, #132, #183, #4297 ) ) ;
#4166 = ORIENTED_EDGE ( 'NONE', *, *, #4387, .T. ) ;
#4167 = CARTESIAN_POINT ( 'NONE',  ( 9.750000000000000000, -6.450000000000000178, -8.099999999999999645 ) ) ;
#4168 = DIRECTION ( 'NONE',  ( 0.000000000000000000, 0.000000000000000000, -1.000000000000000000 ) ) ;
#4169 = SPHERICAL_SURFACE ( 'NONE', #2684, 0.1000000000000000056 ) ;
#4170 = CARTESIAN_POINT ( 'NONE',  ( 6.772067465603778480, -4.899999999999998579, 2.000000000000000000 ) ) ;
#4171 = ORIENTED_EDGE ( 'NONE', *, *, #1333, .F. ) ;
#4172 = DIRECTION ( 'NONE',  ( 0.000000000000000000, 0.000000000000000000, -1.000000000000000000 ) ) ;
#4173 = EDGE_CURVE ( 'NONE', #1918, #2463, #1593, .T. ) ;
#4174 = CARTESIAN_POINT ( 'NONE',  ( 0.000000000000000000, 0.5999999999999998668, -11.59999999999999964 ) ) ;
#4175 =( NAMED_UNIT ( * ) PLANE_ANGLE_UNIT ( ) SI_UNIT ( $, .RADIAN. ) );
#4176 = CARTESIAN_POINT ( 'NONE',  ( -2.618982755093181680, -0.9440358585904515820, 2.862815949473799026 ) ) ;
#4177 = ORIENTED_EDGE ( 'NONE', *, *, #1163, .F. ) ;
#4178 = EDGE_CURVE ( 'NONE', #1702, #3602, #4574, .T. ) ;
#4179 = CYLINDRICAL_SURFACE ( 'NONE', #3825, 0.1000000000000000472 ) ;
#4180 = DIRECTION ( 'NONE',  ( 0.000000000000000000, 0.000000000000000000, 1.000000000000000000 ) ) ;
#4181 = PRESENTATION_LAYER_ASSIGNMENT (  '', '', ( #1202 ) ) ;
#4182 = VERTEX_POINT ( 'NONE', #1290 ) ;
#4183 =( NAMED_UNIT ( * ) PLANE_ANGLE_UNIT ( ) SI_UNIT ( $, .RADIAN. ) );
#4184 = PRESENTATION_STYLE_ASSIGNMENT (( #235 ) ) ;
#4185 = CARTESIAN_POINT ( 'NONE',  ( -3.753420726720290368, 1.498482161113735112, 2.708442055492745304 ) ) ;
#4186 = EDGE_CURVE ( 'NONE', #4, #999, #2755, .T. ) ;
#4187 = PRESENTATION_LAYER_ASSIGNMENT (  '', '', ( #1801 ) ) ;
#4188 = DIRECTION ( 'NONE',  ( 0.000000000000000000, -1.000000000000000000, 0.000000000000000000 ) ) ;
#4189 = ORIENTED_EDGE ( 'NONE', *, *, #2421, .T. ) ;
#4190 = EDGE_LOOP ( 'NONE', ( #2419, #2925, #894, #2406 ) ) ;
#4191 = DIRECTION ( 'NONE',  ( 0.000000000000000000, 0.000000000000000000, 1.000000000000000000 ) ) ;
#4192 = DIRECTION ( 'NONE',  ( -0.000000000000000000, -0.000000000000000000, -1.000000000000000000 ) ) ;
#4193 = VECTOR ( 'NONE', #3934, 1000.000000000000000 ) ;
#4194 = VECTOR ( 'NONE', #4722, 1000.000000000000000 ) ;
#4195 = LINE ( 'NONE', #1322, #3435 ) ;
#4196 = CARTESIAN_POINT ( 'NONE',  ( -7.231096411691571468, -4.750000000000001776, 2.536753471768242729 ) ) ;
#4197 = DIRECTION ( 'NONE',  ( 1.000000000000000000, -0.000000000000000000, 0.000000000000000000 ) ) ;
#4198 = VECTOR ( 'NONE', #236, 1000.000000000000000 ) ;
#4199 = VECTOR ( 'NONE', #2322, 1000.000000000000000 ) ;
#4200 = CARTESIAN_POINT ( 'NONE',  ( 5.821080861154133146, 4.750000000000000000, 5.899999999999999467 ) ) ;
#4201 = EDGE_CURVE ( 'NONE', #3009, #1670, #2512, .T. ) ;
#4202 = CARTESIAN_POINT ( 'NONE',  ( 6.672498256611515188, 4.954628987806524165, 1.890727857817412261 ) ) ;
#4203 = ORIENTED_EDGE ( 'NONE', *, *, #876, .T. ) ;
#4204 = VECTOR ( 'NONE', #4458, 1000.000000000000000 ) ;
#4205 = AXIS2_PLACEMENT_3D ( 'NONE', #3403, #2280, #4483 ) ;
#4206 = UNCERTAINTY_MEASURE_WITH_UNIT (LENGTH_MEASURE( 1.000000000000000082E-05 ), #4021, 'distance_accuracy_value', 'NONE');
#4207 = VECTOR ( 'NONE', #26, 1000.000000000000000 ) ;
#4208 = VERTEX_POINT ( 'NONE', #207 ) ;
#4209 = EDGE_CURVE ( 'NONE', #3540, #1653, #145, .T. ) ;
#4210 = DIRECTION ( 'NONE',  ( -1.000000000000000000, -0.000000000000000000, -0.000000000000000000 ) ) ;
#4211 = EDGE_LOOP ( 'NONE', ( #321, #2383, #2823 ) ) ;
#4212 = CARTESIAN_POINT ( 'NONE',  ( 6.999999999999999112, 6.450000000000000178, 0.000000000000000000 ) ) ;
#4213 = CARTESIAN_POINT ( 'NONE',  ( -2.366093574913110231, 0.9214144375841635259, 2.905975887317666206 ) ) ;
#4214 = VECTOR ( 'NONE', #541, 1000.000000000000000 ) ;
#4215 = CARTESIAN_POINT ( 'NONE',  ( 6.999999999999999112, -4.999999999999996447, -11.59999999999999964 ) ) ;
#4216 = ORIENTED_EDGE ( 'NONE', *, *, #2723, .F. ) ;
#4217 = CARTESIAN_POINT ( 'NONE',  ( 4.123745903476673469, 4.750000000000000000, 5.278852950990227555 ) ) ;
#4218 = EDGE_CURVE ( 'NONE', #2865, #2698, #3742, .T. ) ;
#4219 = LINE ( 'NONE', #579, #4660 ) ;
#4220 = FILL_AREA_STYLE ('',( #135 ) ) ;
#4221 = STYLED_ITEM ( 'NONE', ( #4403 ), #4398 ) ;
#4222 = CARTESIAN_POINT ( 'NONE',  ( 0.000000000000000000, -0.5999999999999998668, -11.59999999999999964 ) ) ;
#4223 = AXIS2_PLACEMENT_3D ( 'NONE', #2160, #2696, #471 ) ;
#4224 = CARTESIAN_POINT ( 'NONE',  ( 6.719344519258353188, -4.749999999999998224, 1.275178699794458304 ) ) ;
#4225 = DIRECTION ( 'NONE',  ( 0.000000000000000000, 0.000000000000000000, -1.000000000000000000 ) ) ;
#4226 = DIRECTION ( 'NONE',  ( 0.000000000000000000, 0.000000000000000000, -1.000000000000000000 ) ) ;
#4227 = VERTEX_POINT ( 'NONE', #500 ) ;
#4228 = DIRECTION ( 'NONE',  ( 0.000000000000000000, -1.000000000000000000, 0.000000000000000000 ) ) ;
#4229 = ORIENTED_EDGE ( 'NONE', *, *, #1553, .F. ) ;
#4230 = CARTESIAN_POINT ( 'NONE',  ( 0.4000000000000000222, -11.15000000000000036, -16.60000000000000142 ) ) ;
#4231 = SURFACE_STYLE_FILL_AREA ( #3872 ) ;
#4232 = LINE ( 'NONE', #4638, #1889 ) ;
#4233 = ADVANCED_FACE ( 'NONE', ( #2019 ), #1947, .T. ) ;
#4234 = CARTESIAN_POINT ( 'NONE',  ( 9.597906161280910453, -2.500000000000000000, -8.099999999999999645 ) ) ;
#4235 = FACE_OUTER_BOUND ( 'NONE', #3875, .T. ) ;
#4236 = CARTESIAN_POINT ( 'NONE',  ( 6.670394372394468085, 4.999999999999998224, 1.913170841611445017 ) ) ;
#4237 = SPHERICAL_SURFACE ( 'NONE', #1144, 0.1000000000000000056 ) ;
#4238 = EDGE_CURVE ( 'NONE', #1468, #1165, #2205, .T. ) ;
#4239 = CARTESIAN_POINT ( 'NONE',  ( 2.170533081443120071, 2.000000000000000000, 4.356080267192972144 ) ) ;
#4240 = ORIENTED_EDGE ( 'NONE', *, *, #419, .F. ) ;
#4241 = EDGE_CURVE ( 'NONE', #3749, #3662, #3447, .T. ) ;
#4242 = DIRECTION ( 'NONE',  ( 0.000000000000000000, -0.000000000000000000, -1.000000000000000000 ) ) ;
#4243 = CARTESIAN_POINT ( 'NONE',  ( 9.000000000000000000, -6.450000000000000178, -10.09999999999999964 ) ) ;
#4244 = FACE_OUTER_BOUND ( 'NONE', #1802, .T. ) ;
#4245 = DIRECTION ( 'NONE',  ( -1.000000000000000000, 0.000000000000000000, 0.000000000000000000 ) ) ;
#4246 = PRODUCT ( 'RA1H1C112R', 'RA1H1C112R', '', ( #538 ) ) ;
#4247 = EDGE_LOOP ( 'NONE', ( #4613, #2069, #2038, #255 ) ) ;
#4248 = ORIENTED_EDGE ( 'NONE', *, *, #3424, .F. ) ;
#4249 = ORIENTED_EDGE ( 'NONE', *, *, #2102, .T. ) ;
#4250 = SURFACE_SIDE_STYLE ('',( #3917 ) ) ;
#4251 = DIRECTION ( 'NONE',  ( 1.000000000000000000, -0.000000000000000000, -0.000000000000000000 ) ) ;
#4252 = CARTESIAN_POINT ( 'NONE',  ( -5.066743337053011054, -1.517907781680640111, 2.614722801368852156 ) ) ;
#4253 = EDGE_LOOP ( 'NONE', ( #1121, #4248, #478, #3741 ) ) ;
#4254 = EDGE_LOOP ( 'NONE', ( #954, #3889, #475, #2025 ) ) ;
#4255 = SURFACE_STYLE_USAGE ( .BOTH. , #1665 ) ;
#4256 = CARTESIAN_POINT ( 'NONE',  ( -7.231096411691571468, 4.899999999999999467, 1.169279395977619318 ) ) ;
#4257 = CARTESIAN_POINT ( 'NONE',  ( 0.000000000000000000, -4.750000000000000000, 5.899999999999999467 ) ) ;
#4258 = EDGE_CURVE ( 'NONE', #3297, #3452, #167, .T. ) ;
#4259 = AXIS2_PLACEMENT_3D ( 'NONE', #1482, #2276, #3283 ) ;
#4260 = MANIFOLD_SOLID_BREP ( 'Boss-Extrude4', #1342 ) ;
#4261 = CARTESIAN_POINT ( 'NONE',  ( -10.50000000000000178, 7.500000000000000000, 0.000000000000000000 ) ) ;
#4262 = EDGE_CURVE ( 'NONE', #4335, #968, #2319, .T. ) ;
#4263 = VECTOR ( 'NONE', #1167, 1000.000000000000000 ) ;
#4264 = CARTESIAN_POINT ( 'NONE',  ( 2.841557181416618505, 2.000000000000000444, 4.691193810440314138 ) ) ;
#4265 = VECTOR ( 'NONE', #1540, 1000.000000000000000 ) ;
#4266 = ADVANCED_FACE ( 'NONE', ( #2731 ), #188, .T. ) ;
#4267 = DIRECTION ( 'NONE',  ( 0.000000000000000000, 0.000000000000000000, -1.000000000000000000 ) ) ;
#4268 = EDGE_CURVE ( 'NONE', #4129, #4315, #274, .T. ) ;
#4269 = CARTESIAN_POINT ( 'NONE',  ( 0.4000000000000000222, -1.400000000000014566, -16.60000000000000142 ) ) ;
#4270 = VERTEX_POINT ( 'NONE', #1722 ) ;
#4271 = AXIS2_PLACEMENT_3D ( 'NONE', #2117, #3575, #302 ) ;
#4272 = DIRECTION ( 'NONE',  ( -1.000000000000000000, 0.000000000000000000, 0.000000000000000000 ) ) ;
#4273 = ORIENTED_EDGE ( 'NONE', *, *, #3364, .F. ) ;
#4274 = CARTESIAN_POINT ( 'NONE',  ( 5.375000000000000000, 6.450000000000000178, -2.327802519272560655 ) ) ;
#4275 = CARTESIAN_POINT ( 'NONE',  ( -6.599999999999999645, -11.15000000000000036, -16.60000000000000142 ) ) ;
#4276 = ORIENTED_EDGE ( 'NONE', *, *, #3919, .T. ) ;
#4277 = CARTESIAN_POINT ( 'NONE',  ( -6.599999999999999645, -11.15000000000000036, -15.40000000000000036 ) ) ;
#4278 = DIRECTION ( 'NONE',  ( -0.000000000000000000, -1.000000000000000000, -0.000000000000000000 ) ) ;
#4279 =( BOUNDED_SURFACE ( )  B_SPLINE_SURFACE ( 3, 2, ( 
 ( #225, #1310, #3506 ),
 ( #1019, #3842, #2035 ),
 ( #4202, #3187, #199 ),
 ( #2403, #1678, #1372 ) ),
 .UNSPECIFIED., .F., .F., .F. ) 
 B_SPLINE_SURFACE_WITH_KNOTS ( ( 4, 4 ),
 ( 3, 3 ),
 ( 0.0001353626286564497960, 0.0004487586357743740669 ),
 ( 0.000000000000000000, 1.000000000000000000 ),
 .UNSPECIFIED. ) 
 GEOMETRIC_REPRESENTATION_ITEM ( )  RATIONAL_B_SPLINE_SURFACE ( (
 ( 1.000000000000000000, 0.7071067811865460184, 1.000000000000000000),
 ( 1.000000000000000000, 0.6894689619627027977, 1.000000000000000000),
 ( 1.000000000000000000, 0.6730656438399424957, 1.000000000000000000),
 ( 1.000000000000000000, 0.6735274543618601228, 1.000000000000000000) ) ) 
 REPRESENTATION_ITEM ( '' )  SURFACE ( )  );
#4280 = MECHANICAL_DESIGN_GEOMETRIC_PRESENTATION_REPRESENTATION (  '', ( #4362 ), #2513 ) ;
#4281 = CARTESIAN_POINT ( 'NONE',  ( 4.945780671386379446, -4.650000000000002132, 5.981689234077912865 ) ) ;
#4282 = EDGE_LOOP ( 'NONE', ( #1271, #4565, #963, #2365 ) ) ;
#4283 = ORIENTED_EDGE ( 'NONE', *, *, #3857, .F. ) ;
#4284 = DIRECTION ( 'NONE',  ( 0.000000000000000000, 0.000000000000000000, -1.000000000000000000 ) ) ;
#4285 = CARTESIAN_POINT ( 'NONE',  ( 0.000000000000000000, 6.450000000000000178, -10.09999999999999964 ) ) ;
#4286 = SPHERICAL_SURFACE ( 'NONE', #1297, 0.1000000000000000056 ) ;
#4287 = VECTOR ( 'NONE', #115, 1000.000000000000000 ) ;
#4288 = ADVANCED_FACE ( 'NONE', ( #3936 ), #3195, .F. ) ;
#4289 = CARTESIAN_POINT ( 'NONE',  ( 10.50000000000000000, -7.500000000000000000, 2.000000000000000000 ) ) ;
#4290 = VERTEX_POINT ( 'NONE', #1353 ) ;
#4291 = CARTESIAN_POINT ( 'NONE',  ( -2.921305499277612849, 4.749999999999998224, 2.684213865025805834 ) ) ;
#4292 = EDGE_CURVE ( 'NONE', #2126, #3452, #3624, .T. ) ;
#4293 = AXIS2_PLACEMENT_3D ( 'NONE', #1236, #1940, #2748 ) ;
#4294 = CARTESIAN_POINT ( 'NONE',  ( -2.071916950823014414, 0.000000000000000000, 2.961835166654152030 ) ) ;
#4295 = FACE_OUTER_BOUND ( 'NONE', #350, .T. ) ;
#4296 = CARTESIAN_POINT ( 'NONE',  ( -6.599999999999999645, -1.399999999999999689, -14.59999999999999964 ) ) ;
#4297 = ORIENTED_EDGE ( 'NONE', *, *, #822, .T. ) ;
#4298 = VECTOR ( 'NONE', #2427, 1000.000000000000000 ) ;
#4299 = ORIENTED_EDGE ( 'NONE', *, *, #1041, .T. ) ;
#4300 = DIRECTION ( 'NONE',  ( -1.000000000000000000, -0.000000000000000000, -0.000000000000000000 ) ) ;
#4301 = PRESENTATION_STYLE_ASSIGNMENT (( #273 ) ) ;
#4302 = DIRECTION ( 'NONE',  ( -0.000000000000000000, -1.000000000000000000, -0.000000000000000000 ) ) ;
#4303 = LINE ( 'NONE', #208, #3509 ) ;
#4304 = EDGE_CURVE ( 'NONE', #1783, #1289, #1024, .T. ) ;
#4305 = CARTESIAN_POINT ( 'NONE',  ( 0.000000000000000000, 5.100000000000000533, 1.899999999999999911 ) ) ;
#4306 = ORIENTED_EDGE ( 'NONE', *, *, #1622, .T. ) ;
#4307 = CARTESIAN_POINT ( 'NONE',  ( 6.571192588896067832, -5.100000000000000533, 1.899999999999999911 ) ) ;
#4308 = CARTESIAN_POINT ( 'NONE',  ( -3.425565538978281754, -0.9294095824036266995, 2.746390293855316411 ) ) ;
#4309 = CARTESIAN_POINT ( 'NONE',  ( 0.000000000000000000, 4.649999999999999467, 1.269279395977619185 ) ) ;
#4310 = ORIENTED_EDGE ( 'NONE', *, *, #1404, .F. ) ;
#4311 = CARTESIAN_POINT ( 'NONE',  ( 5.843370292992685400, 4.750000000000000000, 5.930285025990841064 ) ) ;
#4312 = DIRECTION ( 'NONE',  ( -0.000000000000000000, -1.000000000000000000, -0.000000000000000000 ) ) ;
#4313 = CARTESIAN_POINT ( 'NONE',  ( -7.431096411691572534, -4.899999999999999467, 1.899999999999999911 ) ) ;
#4314 = CARTESIAN_POINT ( 'NONE',  ( -7.231096411691571468, -4.899999999999999467, 1.269279395977619185 ) ) ;
#4315 = VERTEX_POINT ( 'NONE', #3991 ) ;
#4316 = MANIFOLD_SOLID_BREP ( 'LPattern1', #134 ) ;
#4317 = EDGE_CURVE ( 'NONE', #2698, #3571, #704, .T. ) ;
#4318 = DIRECTION ( 'NONE',  ( 1.000000000000000000, 2.312964634635743450E-16, -0.000000000000000000 ) ) ;
#4319 = CARTESIAN_POINT ( 'NONE',  ( -3.314557914029004237, 0.9065786573375642643, 2.760329405125406588 ) ) ;
#4320 =( LENGTH_UNIT ( ) NAMED_UNIT ( * ) SI_UNIT ( .MILLI., .METRE. ) );
#4321 = EDGE_CURVE ( 'NONE', #4502, #527, #2116, .T. ) ;
#4322 = DIRECTION ( 'NONE',  ( -1.000000000000000000, 0.000000000000000000, -0.000000000000000000 ) ) ;
#4323 = ORIENTED_EDGE ( 'NONE', *, *, #4452, .F. ) ;
#4324 = ORIENTED_EDGE ( 'NONE', *, *, #1453, .T. ) ;
#4325 =( NAMED_UNIT ( * ) PLANE_ANGLE_UNIT ( ) SI_UNIT ( $, .RADIAN. ) );
#4326 = CARTESIAN_POINT ( 'NONE',  ( -7.231096411691571468, -4.649999999999999467, 1.269279395977619185 ) ) ;
#4327 = CARTESIAN_POINT ( 'NONE',  ( 6.581519225625470426, -4.650000000000000355, 3.607407392603142249 ) ) ;
#4328 = EDGE_CURVE ( 'NONE', #1918, #3282, #1042, .T. ) ;
#4329 = EDGE_CURVE ( 'NONE', #285, #1843, #2829, .T. ) ;
#4330 = CIRCLE ( 'NONE', #4640, 0.1000000000000000056 ) ;
#4331 = CARTESIAN_POINT ( 'NONE',  ( -6.599999999999999645, 0.5999999999999999778, -14.59999999999998543 ) ) ;
#4332 = VERTEX_POINT ( 'NONE', #2897 ) ;
#4333 = CARTESIAN_POINT ( 'NONE',  ( 6.719344519258356740, 4.749999999999999112, 1.275178699794457859 ) ) ;
#4334 = CARTESIAN_POINT ( 'NONE',  ( 0.4000000000000000222, 0.000000000000000000, -15.40000000000000036 ) ) ;
#4335 = VERTEX_POINT ( 'NONE', #2876 ) ;
#4336 = AXIS2_PLACEMENT_3D ( 'NONE', #1189, #519, #1970 ) ;
#4337 = VECTOR ( 'NONE', #964, 1000.000000000000114 ) ;
#4338 = CARTESIAN_POINT ( 'NONE',  ( 6.772067465603777592, 4.900000000000000355, 1.899999999999999467 ) ) ;
#4339 = CARTESIAN_POINT ( 'NONE',  ( 0.4000000000000000222, -11.15000000000000036, -16.60000000000000142 ) ) ;
#4340 = CYLINDRICAL_SURFACE ( 'NONE', #4379, 0.1000000000000000472 ) ;
#4341 = ORIENTED_EDGE ( 'NONE', *, *, #4423, .F. ) ;
#4342 = EDGE_LOOP ( 'NONE', ( #590, #4216, #2623, #2648 ) ) ;
#4343 = CARTESIAN_POINT ( 'NONE',  ( 9.000000000000000000, 6.450000000000000178, 0.000000000000000000 ) ) ;
#4344 = CIRCLE ( 'NONE', #2905, 0.09999999999999958922 ) ;
#4345 = EDGE_CURVE ( 'NONE', #503, #472, #2614, .T. ) ;
#4346 = ORIENTED_EDGE ( 'NONE', *, *, #1548, .T. ) ;
#4347 = LINE ( 'NONE', #2407, #4062 ) ;
#4348 = CARTESIAN_POINT ( 'NONE',  ( 9.277042635169156171, 2.500000000000000000, -0.1622076787709588741 ) ) ;
#4349 = VERTEX_POINT ( 'NONE', #1792 ) ;
#4350 = DIRECTION ( 'NONE',  ( 0.000000000000000000, 0.000000000000000000, -1.000000000000000000 ) ) ;
#4351 = VERTEX_POINT ( 'NONE', #4621 ) ;
#4352 = VECTOR ( 'NONE', #966, 1000.000000000000000 ) ;
#4353 = EDGE_CURVE ( 'NONE', #1925, #2230, #3896, .T. ) ;
#4354 = PLANE ( 'NONE',  #229 ) ;
#4355 = AXIS2_PLACEMENT_3D ( 'NONE', #2960, #59, #875 ) ;
#4356 = EDGE_LOOP ( 'NONE', ( #2795, #905, #879, #3438 ) ) ;
#4357 = ORIENTED_EDGE ( 'NONE', *, *, #1228, .F. ) ;
#4358 = VECTOR ( 'NONE', #110, 1000.000000000000000 ) ;
#4359 = CARTESIAN_POINT ( 'NONE',  ( -3.079112588460201305, -0.8039087071168922183, 2.791980569133649226 ) ) ;
#4360 = CARTESIAN_POINT ( 'NONE',  ( 5.375000000000000000, 0.000000000000000000, 0.000000000000000000 ) ) ;
#4361 =( GEOMETRIC_REPRESENTATION_CONTEXT ( 3 ) GLOBAL_UNCERTAINTY_ASSIGNED_CONTEXT ( ( #184 ) ) GLOBAL_UNIT_ASSIGNED_CONTEXT ( ( #130, #4507, #3804 ) ) REPRESENTATION_CONTEXT ( 'NONE', 'WORKASPACE' ) );
#4362 = STYLED_ITEM ( 'NONE', ( #1848 ), #2705 ) ;
#4363 = EDGE_LOOP ( 'NONE', ( #911, #87, #1253, #2471 ) ) ;
#4364 = ORIENTED_EDGE ( 'NONE', *, *, #1607, .T. ) ;
#4365 = ORIENTED_EDGE ( 'NONE', *, *, #4329, .T. ) ;
#4366 = CARTESIAN_POINT ( 'NONE',  ( -0.4000000000000000222, 0.000000000000000000, 0.000000000000000000 ) ) ;
#4367 = VECTOR ( 'NONE', #4242, 1000.000000000000000 ) ;
#4368 = COLOUR_RGB ( '',0.8431372549019607865, 0.8431372549019607865, 0.8431372549019607865 ) ;
#4369 = PLANE ( 'NONE',  #2680 ) ;
#4370 = CYLINDRICAL_SURFACE ( 'NONE', #362, 2.000000000000000000 ) ;
#4371 = SPHERICAL_SURFACE ( 'NONE', #2122, 0.1000000000000000056 ) ;
#4372 = PRESENTATION_STYLE_ASSIGNMENT (( #369 ) ) ;
#4373 = ORIENTED_EDGE ( 'NONE', *, *, #141, .F. ) ;
#4374 = AXIS2_PLACEMENT_3D ( 'NONE', #4637, #1381, #2475 ) ;
#4375 = CARTESIAN_POINT ( 'NONE',  ( -2.936316297765545258, -4.749999999999998224, 2.783216925483212201 ) ) ;
#4376 = B_SPLINE_CURVE_WITH_KNOTS ( 'NONE', 3,
 ( #2682, #868, #1998, #4142 ),
 .UNSPECIFIED., .F., .F.,
 ( 4, 4 ),
 ( 0.000000000000000000, 0.004721243103278786532 ),
 .UNSPECIFIED. ) ;
#4377 = LINE ( 'NONE', #70, #3000 ) ;
#4378 = CARTESIAN_POINT ( 'NONE',  ( 0.000000000000000000, -5.000000000000000000, 1.169279395977619318 ) ) ;
#4379 = AXIS2_PLACEMENT_3D ( 'NONE', #1327, #1344, #2516 ) ;
#4380 = EDGE_LOOP ( 'NONE', ( #4025, #2078, #4105, #652 ) ) ;
#4381 = SURFACE_STYLE_FILL_AREA ( #3367 ) ;
#4382 = VERTEX_POINT ( 'NONE', #2803 ) ;
#4383 = PLANE ( 'NONE',  #2842 ) ;
#4384 = LINE ( 'NONE', #4020, #757 ) ;
#4385 = LINE ( 'NONE', #1799, #4054 ) ;
#4386 = CARTESIAN_POINT ( 'NONE',  ( 6.615558603946201544, 4.990599701519172093, 1.895913702500652942 ) ) ;
#4387 = EDGE_CURVE ( 'NONE', #3716, #4473, #621, .T. ) ;
#4388 = CARTESIAN_POINT ( 'NONE',  ( -7.400000000000000355, -0.000000000000000000, -15.40000000000000036 ) ) ;
#4389 = ORIENTED_EDGE ( 'NONE', *, *, #3484, .T. ) ;
#4390 = DIRECTION ( 'NONE',  ( -0.3244153575419169711, 0.000000000000000000, 0.9459147296616911005 ) ) ;
#4391 = DIRECTION ( 'NONE',  ( 0.000000000000000000, 2.038300084272750229E-14, -1.000000000000000000 ) ) ;
#4392 = EDGE_CURVE ( 'NONE', #3647, #2557, #256, .T. ) ;
#4393 = LINE ( 'NONE', #340, #1824 ) ;
#4394 = DIRECTION ( 'NONE',  ( 1.000000000000000000, 0.000000000000000000, 0.000000000000000000 ) ) ;
#4395 = LINE ( 'NONE', #755, #2504 ) ;
#4396 = ORIENTED_EDGE ( 'NONE', *, *, #1683, .T. ) ;
#4397 = ADVANCED_FACE ( 'NONE', ( #1894 ), #3650, .F. ) ;
#4398 = ADVANCED_FACE ( 'NONE', ( #813 ), #2191, .T. ) ;
#4399 = ORIENTED_EDGE ( 'NONE', *, *, #2758, .F. ) ;
#4400 = CARTESIAN_POINT ( 'NONE',  ( -2.936316297741822456, -4.649999999999998579, 2.783216925226087657 ) ) ;
#4401 = ORIENTED_EDGE ( 'NONE', *, *, #3595, .T. ) ;
#4402 = CARTESIAN_POINT ( 'NONE',  ( 6.581318138333347889, -5.000000000000000000, 1.792457893396348645 ) ) ;
#4403 = PRESENTATION_STYLE_ASSIGNMENT (( #766 ) ) ;
#4404 = ORIENTED_EDGE ( 'NONE', *, *, #2131, .F. ) ;
#4405 = DIRECTION ( 'NONE',  ( 0.000000000000000000, 0.000000000000000000, 1.000000000000000000 ) ) ;
#4406 = EDGE_LOOP ( 'NONE', ( #1270, #2641, #2400, #1537 ) ) ;
#4407 = CARTESIAN_POINT ( 'NONE',  ( 6.999999999999999112, 6.450000000000000178, -12.59999999999999964 ) ) ;
#4408 = FILL_AREA_STYLE_COLOUR ( '', #2059 ) ;
#4409 = CARTESIAN_POINT ( 'NONE',  ( 6.634691275860291171, 4.977921321914182684, 1.894164937959403883 ) ) ;
#4410 = ORIENTED_EDGE ( 'NONE', *, *, #2228, .T. ) ;
#4411 = EDGE_CURVE ( 'NONE', #4161, #2180, #2926, .T. ) ;
#4412 =( NAMED_UNIT ( * ) SI_UNIT ( $, .STERADIAN. ) SOLID_ANGLE_UNIT ( ) );
#4413 = DIRECTION ( 'NONE',  ( 0.000000000000000000, 0.000000000000000000, 1.000000000000000000 ) ) ;
#4414 = VERTEX_POINT ( 'NONE', #2549 ) ;
#4415 = VECTOR ( 'NONE', #4495, 1000.000000000000000 ) ;
#4416 = EDGE_CURVE ( 'NONE', #1089, #3395, #1123, .T. ) ;
#4417 = CARTESIAN_POINT ( 'NONE',  ( 6.643413565064788529, -4.971016317146590424, 1.893369063923447948 ) ) ;
#4418 = DIRECTION ( 'NONE',  ( 0.000000000000000000, 0.000000000000000000, -1.000000000000000000 ) ) ;
#4419 = DIRECTION ( 'NONE',  ( -0.000000000000000000, -0.000000000000000000, -1.000000000000000000 ) ) ;
#4420 = EDGE_LOOP ( 'NONE', ( #495, #2799, #2595, #4712 ) ) ;
#4421 = AXIS2_PLACEMENT_3D ( 'NONE', #1251, #1556, #4118 ) ;
#4422 = CARTESIAN_POINT ( 'NONE',  ( 0.1958755210996190321, -4.749999999999061195, 3.526818483437333729 ) ) ;
#4423 = EDGE_CURVE ( 'NONE', #3957, #2605, #2628, .T. ) ;
#4424 = VECTOR ( 'NONE', #107, 1000.000000000000000 ) ;
#4425 = LINE ( 'NONE', #449, #609 ) ;
#4426 = ORIENTED_EDGE ( 'NONE', *, *, #2131, .T. ) ;
#4427 = DIRECTION ( 'NONE',  ( 8.673617379884013384E-15, -1.000000000000000000, 0.000000000000000000 ) ) ;
#4428 = ORIENTED_EDGE ( 'NONE', *, *, #4492, .F. ) ;
#4429 = AXIS2_PLACEMENT_3D ( 'NONE', #2013, #4563, #3100 ) ;
#4430 = CARTESIAN_POINT ( 'NONE',  ( 6.772067465603777592, -5.000000000000000000, 2.000000000000000000 ) ) ;
#4431 = DIRECTION ( 'NONE',  ( -0.000000000000000000, -1.000000000000000000, -0.000000000000000000 ) ) ;
#4432 = DIRECTION ( 'NONE',  ( 0.000000000000000000, 0.000000000000000000, 1.000000000000000000 ) ) ;
#4433 = PLANE ( 'NONE',  #3060 ) ;
#4434 = FACE_OUTER_BOUND ( 'NONE', #234, .T. ) ;
#4435 = ORIENTED_EDGE ( 'NONE', *, *, #4411, .F. ) ;
#4436 = DIRECTION ( 'NONE',  ( 0.3244153575419170821, 0.000000000000000000, 0.9459147296616909895 ) ) ;
#4437 = PRESENTATION_LAYER_ASSIGNMENT (  '', '', ( #995 ) ) ;
#4438 = PRESENTATION_LAYER_ASSIGNMENT (  '', '', ( #4362 ) ) ;
#4439 = AXIS2_PLACEMENT_3D ( 'NONE', #3172, #4635, #2827 ) ;
#4440 = FACE_OUTER_BOUND ( 'NONE', #405, .T. ) ;
#4441 = LINE ( 'NONE', #3406, #1213 ) ;
#4442 =( LENGTH_UNIT ( ) NAMED_UNIT ( * ) SI_UNIT ( .MILLI., .METRE. ) );
#4443 = EDGE_LOOP ( 'NONE', ( #3118, #3130, #1266, #3423 ) ) ;
#4444 = PRESENTATION_LAYER_ASSIGNMENT (  '', '', ( #1231 ) ) ;
#4445 = ADVANCED_FACE ( 'NONE', ( #2970 ), #2242, .T. ) ;
#4446 = DIRECTION ( 'NONE',  ( 0.000000000000000000, -1.000000000000000000, -0.000000000000000000 ) ) ;
#4447 = DIRECTION ( 'NONE',  ( -0.000000000000000000, -1.000000000000000000, -0.000000000000000000 ) ) ;
#4448 = DIRECTION ( 'NONE',  ( 0.000000000000000000, -1.000000000000000000, -0.000000000000000000 ) ) ;
#4449 = ORIENTED_EDGE ( 'NONE', *, *, #1575, .T. ) ;
#4450 = COLOUR_RGB ( '',0.2862745098039215508, 0.2862745098039215508, 0.2862745098039215508 ) ;
#4451 = B_SPLINE_CURVE_WITH_KNOTS ( 'NONE', 1,
 ( #4008, #3984 ),
 .UNSPECIFIED., .F., .F.,
 ( 2, 2 ),
 ( 0.000000000000000000, 1.000000000000000000 ),
 .UNSPECIFIED. ) ;
#4452 = EDGE_CURVE ( 'NONE', #1425, #3009, #74, .T. ) ;
#4453 = ADVANCED_FACE ( 'NONE', ( #3720 ), #101, .T. ) ;
#4454 = AXIS2_PLACEMENT_3D ( 'NONE', #3699, #3340, #2996 ) ;
#4455 = CARTESIAN_POINT ( 'NONE',  ( -9.000000000000000000, 6.450000000000000178, 0.000000000000000000 ) ) ;
#4456 = UNCERTAINTY_MEASURE_WITH_UNIT (LENGTH_MEASURE( 1.000000000000000082E-05 ), #232, 'distance_accuracy_value', 'NONE');
#4457 = CARTESIAN_POINT ( 'NONE',  ( 2.508798386125776325, -1.999999999999999556, 4.516333434699720151 ) ) ;
#4458 = DIRECTION ( 'NONE',  ( -1.000000000000000000, 0.000000000000000000, -0.000000000000000000 ) ) ;
#4459 = DIRECTION ( 'NONE',  ( -0.9982583941283250661, 0.000000000000000000, -0.05899303816839290837 ) ) ;
#4460 = ADVANCED_FACE ( 'NONE', ( #2774 ), #2703, .T. ) ;
#4461 = CARTESIAN_POINT ( 'NONE',  ( 0.1955456282575233073, 4.650000000000000355, 3.526735352216588737 ) ) ;
#4462 = ORIENTED_EDGE ( 'NONE', *, *, #404, .T. ) ;
#4463 = CARTESIAN_POINT ( 'NONE',  ( 0.000000000000000000, 2.500000000000000000, 0.000000000000000000 ) ) ;
#4464 = ORIENTED_EDGE ( 'NONE', *, *, #3942, .T. ) ;
#4465 = CARTESIAN_POINT ( 'NONE',  ( 6.619518679845523224, -4.899999999999999467, 1.269279395977619185 ) ) ;
#4466 = CARTESIAN_POINT ( 'NONE',  ( 4.971669412282844647, 4.649999999999999467, 6.000000000000000000 ) ) ;
#4467 = ORIENTED_EDGE ( 'NONE', *, *, #1250, .F. ) ;
#4468 = VERTEX_POINT ( 'NONE', #2672 ) ;
#4469 = FACE_OUTER_BOUND ( 'NONE', #917, .T. ) ;
#4470 = EDGE_CURVE ( 'NONE', #779, #3150, #1962, .T. ) ;
#4471 = FACE_OUTER_BOUND ( 'NONE', #1980, .T. ) ;
#4472 = FILL_AREA_STYLE_COLOUR ( '', #2072 ) ;
#4473 = VERTEX_POINT ( 'NONE', #4564 ) ;
#4474 = FACE_OUTER_BOUND ( 'NONE', #2083, .T. ) ;
#4475 = DIRECTION ( 'NONE',  ( 1.000000000000000000, -0.000000000000000000, 0.000000000000000000 ) ) ;
#4476 = EDGE_CURVE ( 'NONE', #1249, #4657, #2694, .T. ) ;
#4477 = CARTESIAN_POINT ( 'NONE',  ( -10.66479332996103579, 2.500000000000000000, -2.667310487280512010 ) ) ;
#4478 = CARTESIAN_POINT ( 'NONE',  ( 0.000000000000000000, 4.899999999999999467, 1.269279395977619185 ) ) ;
#4479 = ADVANCED_FACE ( 'NONE', ( #3125 ), #2806, .F. ) ;
#4480 = DIRECTION ( 'NONE',  ( 1.000000000000000000, 0.000000000000000000, -0.000000000000000000 ) ) ;
#4481 = EDGE_CURVE ( 'NONE', #1296, #555, #628, .T. ) ;
#4482 = FILL_AREA_STYLE ('',( #3008 ) ) ;
#4483 = DIRECTION ( 'NONE',  ( -0.1927021268047517943, 0.000000000000000000, -0.9812573007753497834 ) ) ;
#4484 = CARTESIAN_POINT ( 'NONE',  ( 9.597906161280910453, 2.500000000000000000, -8.099999999999999645 ) ) ;
#4485 = DIRECTION ( 'NONE',  ( 0.9982583941283261764, 0.000000000000000000, 0.05899303816837562359 ) ) ;
#4486 = SHAPE_DEFINITION_REPRESENTATION ( #2768, #3766 ) ;
#4487 = ORIENTED_EDGE ( 'NONE', *, *, #2878, .F. ) ;
#4488 = ORIENTED_EDGE ( 'NONE', *, *, #291, .T. ) ;
#4489 = CARTESIAN_POINT ( 'NONE',  ( 0.000000000000000000, -6.450000000000000178, 0.000000000000000000 ) ) ;
#4490 = VECTOR ( 'NONE', #489, 1000.000000000000000 ) ;
#4491 = ORIENTED_EDGE ( 'NONE', *, *, #2498, .F. ) ;
#4492 = EDGE_CURVE ( 'NONE', #3512, #2605, #1261, .T. ) ;
#4493 =( GEOMETRIC_REPRESENTATION_CONTEXT ( 3 ) GLOBAL_UNCERTAINTY_ASSIGNED_CONTEXT ( ( #3444 ) ) GLOBAL_UNIT_ASSIGNED_CONTEXT ( ( #2502, #1709, #2414 ) ) REPRESENTATION_CONTEXT ( 'NONE', 'WORKASPACE' ) );
#4494 = LINE ( 'NONE', #2222, #2760 ) ;
#4495 = DIRECTION ( 'NONE',  ( 0.000000000000000000, 0.000000000000000000, -1.000000000000000000 ) ) ;
#4496 = ORIENTED_EDGE ( 'NONE', *, *, #888, .F. ) ;
#4497 = CARTESIAN_POINT ( 'NONE',  ( 9.107277510893236894, 2.500000000000000000, 0.000000000000000000 ) ) ;
#4498 = DIRECTION ( 'NONE',  ( 0.1927021268047517943, 0.000000000000000000, -0.9812573007753497834 ) ) ;
#4499 = DIRECTION ( 'NONE',  ( -1.000000000000000000, -0.000000000000000000, 0.000000000000000000 ) ) ;
#4500 = AXIS2_PLACEMENT_3D ( 'NONE', #1634, #3087, #819 ) ;
#4501 = ADVANCED_FACE ( 'NONE', ( #138, #162, #2335 ), #2014, .T. ) ;
#4502 = VERTEX_POINT ( 'NONE', #3058 ) ;
#4503 = SURFACE_SIDE_STYLE ('',( #1929 ) ) ;
#4504 = VERTEX_POINT ( 'NONE', #3485 ) ;
#4505 = AXIS2_PLACEMENT_3D ( 'NONE', #612, #3863, #1280 ) ;
#4506 = FACE_OUTER_BOUND ( 'NONE', #4380, .T. ) ;
#4507 =( NAMED_UNIT ( * ) PLANE_ANGLE_UNIT ( ) SI_UNIT ( $, .RADIAN. ) );
#4508 = AXIS2_PLACEMENT_3D ( 'NONE', #4112, #4499, #575 ) ;
#4509 = ADVANCED_FACE ( 'NONE', ( #3818 ), #1652, .F. ) ;
#4510 = ORIENTED_EDGE ( 'NONE', *, *, #2702, .F. ) ;
#4511 = CARTESIAN_POINT ( 'NONE',  ( 9.000000000000000000, 6.450000000000000178, -10.09999999999999964 ) ) ;
#4512 = CARTESIAN_POINT ( 'NONE',  ( 6.672498253761012244, -4.954678128220984412, 1.890727888427548464 ) ) ;
#4513 = ORIENTED_EDGE ( 'NONE', *, *, #3460, .T. ) ;
#4514 = DIRECTION ( 'NONE',  ( 0.000000000000000000, 0.7125414071912269387, -0.7016300613841643941 ) ) ;
#4515 = VECTOR ( 'NONE', #3782, 1000.000000000000000 ) ;
#4516 = MECHANICAL_DESIGN_GEOMETRIC_PRESENTATION_REPRESENTATION (  '', ( #3201 ), #386 ) ;
#4517 = STYLED_ITEM ( 'NONE', ( #487 ), #3836 ) ;
#4518 = AXIS2_PLACEMENT_3D ( 'NONE', #1866, #3723, #453 ) ;
#4519 = PRESENTATION_STYLE_ASSIGNMENT (( #97 ) ) ;
#4520 = ORIENTED_EDGE ( 'NONE', *, *, #4258, .T. ) ;
#4521 = PRESENTATION_STYLE_ASSIGNMENT (( #4562 ) ) ;
#4522 = FACE_OUTER_BOUND ( 'NONE', #3992, .T. ) ;
#4523 = VECTOR ( 'NONE', #1880, 1000.000000000000000 ) ;
#4524 = ORIENTED_EDGE ( 'NONE', *, *, #1922, .F. ) ;
#4525 = ORIENTED_EDGE ( 'NONE', *, *, #1768, .T. ) ;
#4526 = CARTESIAN_POINT ( 'NONE',  ( 0.000000000000000000, 6.450000000000000178, -8.099999999999999645 ) ) ;
#4527 = CARTESIAN_POINT ( 'NONE',  ( -5.375000000000000000, -6.825078385935131386, 2.168404344971008868E-16 ) ) ;
#4528 = CARTESIAN_POINT ( 'NONE',  ( -8.723858088961764068, 2.500000000000000000, 2.991975335966791771 ) ) ;
#4529 = PRESENTATION_LAYER_ASSIGNMENT (  '', '', ( #2380 ) ) ;
#4530 = PLANE ( 'NONE',  #3517 ) ;
#4531 = ORIENTED_EDGE ( 'NONE', *, *, #1294, .T. ) ;
#4532 = CARTESIAN_POINT ( 'NONE',  ( -7.225280016424989959, 4.649999999999999467, 2.636584176193800033 ) ) ;
#4533 = CARTESIAN_POINT ( 'NONE',  ( -7.231096411691571468, 4.899999999999999467, 1.269279395977619185 ) ) ;
#4534 = ADVANCED_FACE ( 'NONE', ( #1966 ), #182, .F. ) ;
#4535 = AXIS2_PLACEMENT_3D ( 'NONE', #4723, #3694, #1839 ) ;
#4536 = CARTESIAN_POINT ( 'NONE',  ( -4.747378224220463849, -0.9223992537776075640, 2.629427898206639469 ) ) ;
#4537 = CARTESIAN_POINT ( 'NONE',  ( 6.626156499214522100, -5.000000000000005329, 1.894915068989176277 ) ) ;
#4538 = DIRECTION ( 'NONE',  ( 0.000000000000000000, -0.000000000000000000, 1.000000000000000000 ) ) ;
#4539 = EDGE_CURVE ( 'NONE', #814, #492, #1164, .T. ) ;
#4540 =( LENGTH_UNIT ( ) NAMED_UNIT ( * ) SI_UNIT ( .MILLI., .METRE. ) );
#4541 = FILL_AREA_STYLE ('',( #3034 ) ) ;
#4542 = EDGE_CURVE ( 'NONE', #1702, #2506, #3305, .T. ) ;
#4543 = EDGE_CURVE ( 'NONE', #4351, #713, #2135, .T. ) ;
#4544 = ORIENTED_EDGE ( 'NONE', *, *, #2283, .T. ) ;
#4545 = PLANE ( 'NONE',  #4030 ) ;
#4546 = ORIENTED_EDGE ( 'NONE', *, *, #441, .F. ) ;
#4547 = DIRECTION ( 'NONE',  ( 0.000000000000000000, 1.000000000000000000, 0.000000000000000000 ) ) ;
#4548 = CARTESIAN_POINT ( 'NONE',  ( -9.750000000000000000, 6.450000000000000178, -8.099999999999999645 ) ) ;
#4549 = DIRECTION ( 'NONE',  ( 0.000000000000000000, 0.000000000000000000, -1.000000000000000000 ) ) ;
#4550 = B_SPLINE_CURVE_WITH_KNOTS ( 'NONE', 3,
 ( #4729, #4402, #1544, #347, #811, #2240, #2923 ),
 .UNSPECIFIED., .F., .F.,
 ( 4, 3, 4 ),
 ( 0.000000000000000000, 0.0003240532101328748413, 0.0006325921787003159014 ),
 .UNSPECIFIED. ) ;
#4551 = CARTESIAN_POINT ( 'NONE',  ( 4.625000000000000000, -6.825078385935131386, -1.958467813539574776 ) ) ;
#4552 = VERTEX_POINT ( 'NONE', #3567 ) ;
#4553 = CARTESIAN_POINT ( 'NONE',  ( -5.077329625090939658, 4.750000000000000000, 2.585696495143317453 ) ) ;
#4554 = CARTESIAN_POINT ( 'NONE',  ( 6.590745809450949899, 4.999999999999998224, 1.692794361018949978 ) ) ;
#4555 = ORIENTED_EDGE ( 'NONE', *, *, #1731, .F. ) ;
#4556 = ADVANCED_FACE ( 'NONE', ( #2871 ), #1396, .F. ) ;
#4557 = CARTESIAN_POINT ( 'NONE',  ( 2.508798386125777213, 2.000000000000000444, 4.516333434699720151 ) ) ;
#4558 = LINE ( 'NONE', #4124, #2133 ) ;
#4559 = ORIENTED_EDGE ( 'NONE', *, *, #4561, .F. ) ;
#4560 = CARTESIAN_POINT ( 'NONE',  ( -5.375000000000000000, -6.825078385935131386, -1.958467813539574776 ) ) ;
#4561 = EDGE_CURVE ( 'NONE', #1925, #1349, #3930, .T. ) ;
#4562 = SURFACE_STYLE_USAGE ( .BOTH. , #2287 ) ;
#4563 = DIRECTION ( 'NONE',  ( -1.000000000000000000, 0.000000000000000000, 0.000000000000000000 ) ) ;
#4564 = CARTESIAN_POINT ( 'NONE',  ( 6.619518679845523224, -4.750000000000000000, 1.269279395977619185 ) ) ;
#4565 = ORIENTED_EDGE ( 'NONE', *, *, #759, .T. ) ;
#4566 = VECTOR ( 'NONE', #2552, 1000.000000000000000 ) ;
#4567 = EDGE_CURVE ( 'NONE', #4153, #1555, #1118, .T. ) ;
#4568 =( NAMED_UNIT ( * ) SI_UNIT ( $, .STERADIAN. ) SOLID_ANGLE_UNIT ( ) );
#4569 = CARTESIAN_POINT ( 'NONE',  ( 0.4000000000000000222, 6.450000000000000178, -11.59999999999999964 ) ) ;
#4570 = VECTOR ( 'NONE', #3021, 1000.000000000000000 ) ;
#4571 = ORIENTED_EDGE ( 'NONE', *, *, #4602, .F. ) ;
#4572 = LINE ( 'NONE', #3827, #4424 ) ;
#4573 = ORIENTED_EDGE ( 'NONE', *, *, #4120, .F. ) ;
#4574 = LINE ( 'NONE', #1245, #3972 ) ;
#4575 = CARTESIAN_POINT ( 'NONE',  ( -4.752308324694690889, 0.9165382536077416598, 2.629142369925398182 ) ) ;
#4576 = FACE_OUTER_BOUND ( 'NONE', #758, .T. ) ;
#4577 = SURFACE_STYLE_FILL_AREA ( #1640 ) ;
#4578 = CARTESIAN_POINT ( 'NONE',  ( 6.619518679845523224, -4.649999999999998579, 1.269279395977619185 ) ) ;
#4579 = AXIS2_PLACEMENT_3D ( 'NONE', #481, #125, #166 ) ;
#4580 = AXIS2_PLACEMENT_3D ( 'NONE', #4313, #3237, #2888 ) ;
#4581 = DIRECTION ( 'NONE',  ( 0.000000000000000000, 0.000000000000000000, 1.000000000000000000 ) ) ;
#4582 = CARTESIAN_POINT ( 'NONE',  ( 6.619518679845521447, -4.749999999999998224, 1.269279395977620739 ) ) ;
#4583 = AXIS2_PLACEMENT_3D ( 'NONE', #1403, #1686, #2435 ) ;
#4584 = CARTESIAN_POINT ( 'NONE',  ( -7.331096411691572001, 4.649999999999999467, 1.169279395977619318 ) ) ;
#4585 = VECTOR ( 'NONE', #493, 1000.000000000000000 ) ;
#4586 = STYLED_ITEM ( 'NONE', ( #2864 ), #2337 ) ;
#4587 = DIRECTION ( 'NONE',  ( 1.000000000000000000, 0.000000000000000000, 0.000000000000000000 ) ) ;
#4588 = DIRECTION ( 'NONE',  ( -1.000000000000000000, 0.000000000000000000, 0.000000000000000000 ) ) ;
#4589 = CARTESIAN_POINT ( 'NONE',  ( -4.491668750157626455, -0.9440358585904515820, 2.645654396134069941 ) ) ;
#4590 = ORIENTED_EDGE ( 'NONE', *, *, #197, .F. ) ;
#4591 = ADVANCED_FACE ( 'NONE', ( #679 ), #4340, .F. ) ;
#4592 = AXIS2_PLACEMENT_3D ( 'NONE', #1956, #3427, #3629 ) ;
#4593 = AXIS2_PLACEMENT_3D ( 'NONE', #1911, #1232, #3384 ) ;
#4594 = DIRECTION ( 'NONE',  ( 0.000000000000000000, 0.000000000000000000, 1.000000000000000000 ) ) ;
#4595 = DIRECTION ( 'NONE',  ( 0.1927021268047517943, 0.000000000000000000, 0.9812573007753497834 ) ) ;
#4596 = VECTOR ( 'NONE', #2105, 1000.000000000000000 ) ;
#4597 = ORIENTED_EDGE ( 'NONE', *, *, #4317, .T. ) ;
#4598 = DIRECTION ( 'NONE',  ( -4.130293990420970006E-17, 1.000000000000000000, 0.000000000000000000 ) ) ;
#4599 = ORIENTED_EDGE ( 'NONE', *, *, #1142, .T. ) ;
#4600 = CARTESIAN_POINT ( 'NONE',  ( 5.843370292992684512, 4.649999999999999467, 5.930285025990841952 ) ) ;
#4601 = FACE_OUTER_BOUND ( 'NONE', #2136, .T. ) ;
#4602 = EDGE_CURVE ( 'NONE', #1915, #2881, #976, .T. ) ;
#4603 = CIRCLE ( 'NONE', #2066, 0.9999999999999991118 ) ;
#4604 = LINE ( 'NONE', #1320, #2447 ) ;
#4605 = ORIENTED_EDGE ( 'NONE', *, *, #1596, .F. ) ;
#4606 = ORIENTED_EDGE ( 'NONE', *, *, #2902, .F. ) ;
#4607 = CARTESIAN_POINT ( 'NONE',  ( 4.625000000000000000, 6.450000000000000178, -2.327802519272560655 ) ) ;
#4608 = CARTESIAN_POINT ( 'NONE',  ( -7.331096411691572001, -4.899999999999999467, 0.000000000000000000 ) ) ;
#4609 = PRESENTATION_STYLE_ASSIGNMENT (( #2260 ) ) ;
#4610 = EDGE_CURVE ( 'NONE', #4270, #2574, #3954, .T. ) ;
#4611 = VECTOR ( 'NONE', #3574, 1000.000000000000000 ) ;
#4612 = DIRECTION ( 'NONE',  ( 0.000000000000000000, 0.000000000000000000, 1.000000000000000000 ) ) ;
#4613 = ORIENTED_EDGE ( 'NONE', *, *, #3102, .T. ) ;
#4614 = CARTESIAN_POINT ( 'NONE',  ( -9.000000000000000000, -5.000000000000000000, -12.59999999999999964 ) ) ;
#4615 = CARTESIAN_POINT ( 'NONE',  ( -6.599999999999999645, 0.000000000000000000, -16.60000000000000142 ) ) ;
#4616 = ORIENTED_EDGE ( 'NONE', *, *, #381, .F. ) ;
#4617 = EDGE_CURVE ( 'NONE', #2657, #3914, #2615, .T. ) ;
#4618 = CARTESIAN_POINT ( 'NONE',  ( 6.619518679845523224, 4.899999999999998579, 1.269279395977619185 ) ) ;
#4619 = EDGE_LOOP ( 'NONE', ( #709, #703, #2341, #1591, #4166 ) ) ;
#4620 = SURFACE_SIDE_STYLE ('',( #981 ) ) ;
#4621 = CARTESIAN_POINT ( 'NONE',  ( -4.625000000000000000, -6.450000000000000178, 0.000000000000000000 ) ) ;
#4622 = EDGE_CURVE ( 'NONE', #1229, #1023, #4680, .T. ) ;
#4623 = CARTESIAN_POINT ( 'NONE',  ( 6.670394372394459204, -5.000000000000000888, 1.913170841611564921 ) ) ;
#4624 = PRESENTATION_STYLE_ASSIGNMENT (( #1408 ) ) ;
#4625 = CARTESIAN_POINT ( 'NONE',  ( 10.50000000000000000, -7.500000000000000000, 0.000000000000000000 ) ) ;
#4626 = LINE ( 'NONE', #1361, #4352 ) ;
#4627 = ADVANCED_FACE ( 'NONE', ( #2036 ), #2451, .T. ) ;
#4628 = CARTESIAN_POINT ( 'NONE',  ( 5.375000000000000000, 6.450000000000000178, -2.327802519272560655 ) ) ;
#4629 = SPHERICAL_SURFACE ( 'NONE', #1207, 0.1000000000000000056 ) ;
#4630 = CARTESIAN_POINT ( 'NONE',  ( -7.331096411691572001, 5.000000000000000000, 1.899999999999999911 ) ) ;
#4631 = CARTESIAN_POINT ( 'NONE',  ( 0.000000000000000000, -6.450000000000000178, 0.000000000000000000 ) ) ;
#4632 = VERTEX_POINT ( 'NONE', #320 ) ;
#4633 = CARTESIAN_POINT ( 'NONE',  ( -0.4000000000000000222, 0.000000000000000000, -16.60000000000000142 ) ) ;
#4634 = EDGE_LOOP ( 'NONE', ( #1512, #1815, #4692, #2112, #4404, #66, #2208, #4109, #3819, #3780, #3083, #3422 ) ) ;
#4635 = DIRECTION ( 'NONE',  ( 0.000000000000000000, 0.000000000000000000, -1.000000000000000000 ) ) ;
#4636 = CARTESIAN_POINT ( 'NONE',  ( 6.619518679845523224, -4.750000000000000000, 1.269279395977619185 ) ) ;
#4637 = CARTESIAN_POINT ( 'NONE',  ( 5.003459688678321804, 4.649999999999999467, 5.900000000000000355 ) ) ;
#4638 = CARTESIAN_POINT ( 'NONE',  ( 5.748066477745162217, 4.750000000000000000, 6.000000000000000000 ) ) ;
#4639 = EDGE_CURVE ( 'NONE', #16, #4468, #226, .T. ) ;
#4640 = AXIS2_PLACEMENT_3D ( 'NONE', #1241, #2707, #1924 ) ;
#4641 = DIRECTION ( 'NONE',  ( 0.000000000000000000, -0.000000000000000000, 1.000000000000000000 ) ) ;
#4642 = ORIENTED_EDGE ( 'NONE', *, *, #2494, .F. ) ;
#4643 = CARTESIAN_POINT ( 'NONE',  ( -7.231096411691571468, 5.000000000000000000, 1.269279395977619185 ) ) ;
#4644 = CARTESIAN_POINT ( 'NONE',  ( -2.651628365692901390, -0.2381034438956727839, 2.857376436335363312 ) ) ;
#4645 = CARTESIAN_POINT ( 'NONE',  ( -7.431096411691572534, 4.899999999999998579, 1.899999999999999911 ) ) ;
#4646 = VECTOR ( 'NONE', #3453, 1000.000000000000000 ) ;
#4647 = EDGE_CURVE ( 'NONE', #3776, #3616, #3188, .T. ) ;
#4648 = CARTESIAN_POINT ( 'NONE',  ( 4.625000000000000000, 0.000000000000000000, 0.000000000000000000 ) ) ;
#4649 = VECTOR ( 'NONE', #1972, 1000.000000000000000 ) ;
#4650 = LINE ( 'NONE', #4261, #3116 ) ;
#4651 = VECTOR ( 'NONE', #3971, 1000.000000000000000 ) ;
#4652 = FACE_OUTER_BOUND ( 'NONE', #2548, .T. ) ;
#4653 = DIRECTION ( 'NONE',  ( 1.000000000000000000, -0.000000000000000000, 0.000000000000000000 ) ) ;
#4654 = ORIENTED_EDGE ( 'NONE', *, *, #1968, .F. ) ;
#4655 = ADVANCED_FACE ( 'NONE', ( #3910 ), #3888, .F. ) ;
#4656 = COLOUR_RGB ( '',0.8431372549019607865, 0.8431372549019607865, 0.8431372549019607865 ) ;
#4657 = VERTEX_POINT ( 'NONE', #633 ) ;
#4658 = CARTESIAN_POINT ( 'NONE',  ( -2.108032095061843414, -0.3820142595719947520, 2.954618550259940690 ) ) ;
#4659 = CARTESIAN_POINT ( 'NONE',  ( 9.000000000000000000, -5.000000000000000000, -12.59999999999999964 ) ) ;
#4661 = ORIENTED_EDGE ( 'NONE', *, *, #949, .T. ) ;
#4660 = VECTOR ( 'NONE', #3161, 1000.000000000000000 ) ;
#4662 =( NAMED_UNIT ( * ) PLANE_ANGLE_UNIT ( ) SI_UNIT ( $, .RADIAN. ) );
#4663 = AXIS2_PLACEMENT_3D ( 'NONE', #2376, #3879, #4612 ) ;
#4664 = CARTESIAN_POINT ( 'NONE',  ( 9.000000000000000000, 6.450000000000000178, 0.000000000000000000 ) ) ;
#4665 = VECTOR ( 'NONE', #1589, 1000.000000000000000 ) ;
#4666 = LINE ( 'NONE', #1026, #2370 ) ;
#4667 = ORIENTED_EDGE ( 'NONE', *, *, #2283, .F. ) ;
#4668 = ORIENTED_EDGE ( 'NONE', *, *, #3510, .F. ) ;
#4669 = DIRECTION ( 'NONE',  ( -0.000000000000000000, 1.000000000000000000, 0.000000000000000000 ) ) ;
#4670 = CARTESIAN_POINT ( 'NONE',  ( 9.107277510893236894, 2.500000000000000000, -8.099999999999999645 ) ) ;
#4671 = CIRCLE ( 'NONE', #2298, 2.000000000000000000 ) ;
#4673 = ORIENTED_EDGE ( 'NONE', *, *, #3025, .T. ) ;
#4672 = ORIENTED_EDGE ( 'NONE', *, *, #1086, .T. ) ;
#4674 = LINE ( 'NONE', #3660, #1736 ) ;
#4675 = EDGE_CURVE ( 'NONE', #2282, #3776, #1466, .T. ) ;
#4676 = CARTESIAN_POINT ( 'NONE',  ( 6.322156680522773797, 4.749999999997271516, 4.423594249651896071 ) ) ;
#4677 =( GEOMETRIC_REPRESENTATION_CONTEXT ( 3 ) GLOBAL_UNCERTAINTY_ASSIGNED_CONTEXT ( ( #2386 ) ) GLOBAL_UNIT_ASSIGNED_CONTEXT ( ( #3156, #869, #4143 ) ) REPRESENTATION_CONTEXT ( 'NONE', 'WORKASPACE' ) );
#4678 = EDGE_CURVE ( 'NONE', #1505, #16, #4150, .T. ) ;
#4679 = CARTESIAN_POINT ( 'NONE',  ( -9.000000000000000000, -6.450000000000000178, 0.000000000000000000 ) ) ;
#4680 = LINE ( 'NONE', #4269, #630 ) ;
#4681 = ORIENTED_EDGE ( 'NONE', *, *, #1338, .F. ) ;
#4682 = EDGE_CURVE ( 'NONE', #3535, #734, #1489, .T. ) ;
#4683 =( NAMED_UNIT ( * ) PLANE_ANGLE_UNIT ( ) SI_UNIT ( $, .RADIAN. ) );
#4684 = CARTESIAN_POINT ( 'NONE',  ( 0.4000000000000000222, -1.399999999999999689, -14.59999999999999964 ) ) ;
#4685 = CARTESIAN_POINT ( 'NONE',  ( -9.107277510893236894, 2.500000000000000000, -8.003648936597624441 ) ) ;
#4686 = LINE ( 'NONE', #2073, #2907 ) ;
#4687 = VERTEX_POINT ( 'NONE', #1811 ) ;
#4688 = PLANE ( 'NONE',  #3900 ) ;
#4689 = ORIENTED_EDGE ( 'NONE', *, *, #2472, .F. ) ;
#4690 = LINE ( 'NONE', #1409, #3204 ) ;
#4691 =( LENGTH_UNIT ( ) NAMED_UNIT ( * ) SI_UNIT ( .MILLI., .METRE. ) );
#4692 = ORIENTED_EDGE ( 'NONE', *, *, #1768, .F. ) ;
#4693 = ADVANCED_FACE ( 'NONE', ( #2566 ), #445, .F. ) ;
#4694 = CARTESIAN_POINT ( 'NONE',  ( 5.003459688678321804, -4.750000000000000000, 5.900000000000000355 ) ) ;
#4695 = DIRECTION ( 'NONE',  ( 0.000000000000000000, 2.038300084272750229E-14, -1.000000000000000000 ) ) ;
#4696 = DIRECTION ( 'NONE',  ( 0.000000000000000000, 0.000000000000000000, -1.000000000000000000 ) ) ;
#4697 = ORIENTED_EDGE ( 'NONE', *, *, #4147, .T. ) ;
#4698 = EDGE_CURVE ( 'NONE', #3540, #2520, #1441, .T. ) ;
#4699 = CARTESIAN_POINT ( 'NONE',  ( 3.142365501874112343, -4.649999999999998579, 4.816580668447964619 ) ) ;
#4700 = ORIENTED_EDGE ( 'NONE', *, *, #3235, .F. ) ;
#4701 = FACE_OUTER_BOUND ( 'NONE', #760, .T. ) ;
#4702 = EDGE_LOOP ( 'NONE', ( #4654, #533 ) ) ;
#4703 = ORIENTED_EDGE ( 'NONE', *, *, #175, .F. ) ;
#4704 = EDGE_CURVE ( 'NONE', #2230, #4382, #1094, .T. ) ;
#4705 = ORIENTED_EDGE ( 'NONE', *, *, #221, .F. ) ;
#4706 = LINE ( 'NONE', #1080, #1227 ) ;
#4707 = ORIENTED_EDGE ( 'NONE', *, *, #441, .T. ) ;
#4708 = ORIENTED_EDGE ( 'NONE', *, *, #2417, .F. ) ;
#4709 = DIRECTION ( 'NONE',  ( 0.000000000000000000, -1.000000000000000000, 0.000000000000000000 ) ) ;
#4710 = DIRECTION ( 'NONE',  ( 0.000000000000000000, 1.000000000000000000, 0.000000000000000000 ) ) ;
#4711 = CARTESIAN_POINT ( 'NONE',  ( -4.625000000000000000, 6.825078385935131386, -1.958467813539574776 ) ) ;
#4712 = ORIENTED_EDGE ( 'NONE', *, *, #2417, .T. ) ;
#4713 = CARTESIAN_POINT ( 'NONE',  ( -7.331096411691572001, -4.649999999999998579, 1.269279395977619185 ) ) ;
#4714 = ORIENTED_EDGE ( 'NONE', *, *, #2991, .T. ) ;
#4715 = PRESENTATION_STYLE_ASSIGNMENT (( #750 ) ) ;
#4716 = ORIENTED_EDGE ( 'NONE', *, *, #1910, .T. ) ;
#4717 = AXIS2_PLACEMENT_3D ( 'NONE', #565, #3052, #1276 ) ;
#4718 =( GEOMETRIC_REPRESENTATION_CONTEXT ( 3 ) GLOBAL_UNCERTAINTY_ASSIGNED_CONTEXT ( ( #1286 ) ) GLOBAL_UNIT_ASSIGNED_CONTEXT ( ( #664, #4325, #3227 ) ) REPRESENTATION_CONTEXT ( 'NONE', 'WORKASPACE' ) );
#4719 = CARTESIAN_POINT ( 'NONE',  ( -7.000000000000000888, 5.000000000000000000, -11.59999999999999964 ) ) ;
#4720 = CARTESIAN_POINT ( 'NONE',  ( 6.571192588896067832, -5.000000000000000000, 1.899999999999999911 ) ) ;
#4721 = DIRECTION ( 'NONE',  ( 1.000000000000000000, -0.000000000000000000, 0.000000000000000000 ) ) ;
#4722 = DIRECTION ( 'NONE',  ( 1.000000000000000000, 0.000000000000000000, 0.000000000000000000 ) ) ;
#4723 = CARTESIAN_POINT ( 'NONE',  ( -0.4000000000000000222, -1.599999999999999867, -14.40000000000000213 ) ) ;
#4724 = VECTOR ( 'NONE', #1476, 1000.000000000000000 ) ;
#4725 = ORIENTED_EDGE ( 'NONE', *, *, #1922, .T. ) ;
#4726 = CARTESIAN_POINT ( 'NONE',  ( 4.945780671386412308, -4.649999999999998579, 5.981689234077934181 ) ) ;
#4727 = CIRCLE ( 'NONE', #3122, 0.1000000000000000472 ) ;
#4728 = ORIENTED_EDGE ( 'NONE', *, *, #4009, .F. ) ;
#4729 = CARTESIAN_POINT ( 'NONE',  ( 6.571192588896067832, -5.000000000000000000, 1.899999999999999911 ) ) ;
#4730 = EDGE_CURVE ( 'NONE', #2650, #554, #2185, .T. ) ;
#4731 = CARTESIAN_POINT ( 'NONE',  ( -2.630984967868587265, 0.000000000000000000, 2.860830414703638080 ) ) ;
#4732 = DIRECTION ( 'NONE',  ( 1.000000000000000000, -0.000000000000000000, 0.000000000000000000 ) ) ;
#4733 = ORIENTED_EDGE ( 'NONE', *, *, #3482, .T. ) ;
ENDSEC;
END-ISO-10303-21;
